"C:/Users/yabu-/source/repos/yabu-85/ChronoTrial/Content/ThirdPersonBP/Skill/PC_Outline_Data.uasset" 0
"C:/Users/yabu-/source/repos/yabu-85/ChronoTrial/Content/ThirdPersonBP/Skill/PC_Outline_Data.uexp" 1
"../../../Engine/Content/Functions/Engine_MaterialFunctions02/SampleSceneDepth.uasset" 2
"../../../Engine/Content/Functions/Engine_MaterialFunctions02/SampleSceneDepth.uexp" 3
"../../../Engine/Content/Functions/Engine_MaterialFunctions01/ImageAdjustment/BlurSampleOffsets.uasset" 4
"../../../Engine/Content/Functions/Engine_MaterialFunctions01/ImageAdjustment/BlurSampleOffsets.uexp" 5
"C:/Users/yabu-/source/repos/yabu-85/ChronoTrial/Content/StarterContent/Textures/T_Tech_Hex_Tile_M.uasset" 6
"C:/Users/yabu-/source/repos/yabu-85/ChronoTrial/Content/StarterContent/Textures/T_Tech_Hex_Tile_M.uexp" 7
"C:/Users/yabu-/source/repos/yabu-85/ChronoTrial/Content/StarterContent/Textures/T_Tech_Hex_Tile_M.ubulk" 8
"../../../Engine/Content/EngineMaterials/DefaultDiffuse.uasset" 9
"../../../Engine/Content/EngineMaterials/DefaultDiffuse.uexp" 10
"../../../Engine/Content/EngineMaterials/DefaultDiffuse.ubulk" 11
"../../../Engine/Content/Functions/Engine_MaterialFunctions01/Gradient/LinearGradient.uasset" 12
"../../../Engine/Content/Functions/Engine_MaterialFunctions01/Gradient/LinearGradient.uexp" 13
"../../../Engine/Content/Functions/Engine_MaterialFunctions01/ImageAdjustment/CheapContrast.uasset" 14
"../../../Engine/Content/Functions/Engine_MaterialFunctions01/ImageAdjustment/CheapContrast.uexp" 15
"../../../Engine/Content/Functions/Engine_MaterialFunctions01/Texturing/WorldAlignedTexture.uasset" 16
"../../../Engine/Content/Functions/Engine_MaterialFunctions01/Texturing/WorldAlignedTexture.uexp" 17
"C:/Users/yabu-/source/repos/yabu-85/ChronoTrial/Content/ThirdPersonBP/Skill/M_Outline.uasset" 18
"C:/Users/yabu-/source/repos/yabu-85/ChronoTrial/Content/ThirdPersonBP/Skill/M_Outline.uexp" 19
"C:/Users/yabu-/source/repos/yabu-85/ChronoTrial/Content/ThirdPersonBP/Skill/M_Outline_Inst.uasset" 20
"C:/Users/yabu-/source/repos/yabu-85/ChronoTrial/Content/ThirdPersonBP/Skill/M_Outline_Inst.uexp" 21
"C:/Users/yabu-/source/repos/yabu-85/ChronoTrial/Content/GameSettingScript/BP_MyGameInstance.uasset" 22
"C:/Users/yabu-/source/repos/yabu-85/ChronoTrial/Content/GameSettingScript/BP_MyGameInstance.uexp" 23
"C:/Users/yabu-/source/repos/yabu-85/ChronoTrial/Content/StageModel/Transparent.uasset" 24
"C:/Users/yabu-/source/repos/yabu-85/ChronoTrial/Content/StageModel/Transparent.uexp" 25
"C:/Users/yabu-/source/repos/yabu-85/ChronoTrial/Content/01GameTitle/Image/UI_UnderBar.uasset" 26
"C:/Users/yabu-/source/repos/yabu-85/ChronoTrial/Content/01GameTitle/Image/UI_UnderBar.uexp" 27
"C:/Users/yabu-/source/repos/yabu-85/ChronoTrial/Content/Loading/NewMediaPlayer.uasset" 28
"C:/Users/yabu-/source/repos/yabu-85/ChronoTrial/Content/Loading/NewMediaPlayer.uexp" 29
"C:/Users/yabu-/source/repos/yabu-85/ChronoTrial/Content/02GameSelect/E_UIStageSelect.uasset" 30
"C:/Users/yabu-/source/repos/yabu-85/ChronoTrial/Content/02GameSelect/E_UIStageSelect.uexp" 31
"C:/Users/yabu-/source/repos/yabu-85/ChronoTrial/Content/Movies/UI_Loading.uasset" 32
"C:/Users/yabu-/source/repos/yabu-85/ChronoTrial/Content/Movies/UI_Loading.uexp" 33
"C:/Users/yabu-/source/repos/yabu-85/ChronoTrial/Content/Loading/NewMediaPlayer_Video.uasset" 34
"C:/Users/yabu-/source/repos/yabu-85/ChronoTrial/Content/Loading/NewMediaPlayer_Video.uexp" 35
"C:/Users/yabu-/source/repos/yabu-85/ChronoTrial/Content/Loading/NewMediaPlayer_Video_Mat.uasset" 36
"C:/Users/yabu-/source/repos/yabu-85/ChronoTrial/Content/Loading/NewMediaPlayer_Video_Mat.uexp" 37
"../../../Engine/Content/EditorBlueprintResources/StandardMacros.uasset" 38
"../../../Engine/Content/EditorBlueprintResources/StandardMacros.uexp" 39
"C:/Users/yabu-/source/repos/yabu-85/ChronoTrial/Content/Loading/UMG_Loading.uasset" 40
"C:/Users/yabu-/source/repos/yabu-85/ChronoTrial/Content/Loading/UMG_Loading.uexp" 41
"C:/Users/yabu-/source/repos/yabu-85/ChronoTrial/Content/01GameTitle/Image/appearance.uasset" 42
"C:/Users/yabu-/source/repos/yabu-85/ChronoTrial/Content/01GameTitle/Image/appearance.uexp" 43
"C:/Users/yabu-/source/repos/yabu-85/ChronoTrial/Content/Sounds/SE/SystemSE/SE_CursorEnter.uasset" 44
"C:/Users/yabu-/source/repos/yabu-85/ChronoTrial/Content/Sounds/SE/SystemSE/SE_CursorEnter.uexp" 45
"C:/Users/yabu-/source/repos/yabu-85/ChronoTrial/Content/Sounds/SE/SystemSE/SE_CursorHoverd.uasset" 46
"C:/Users/yabu-/source/repos/yabu-85/ChronoTrial/Content/Sounds/SE/SystemSE/SE_CursorHoverd.uexp" 47
"C:/Users/yabu-/source/repos/yabu-85/ChronoTrial/Content/02GameSelect/img/UI_Tutorial2.uasset" 48
"C:/Users/yabu-/source/repos/yabu-85/ChronoTrial/Content/02GameSelect/img/UI_Tutorial2.uexp" 49
"C:/Users/yabu-/source/repos/yabu-85/ChronoTrial/Content/02GameSelect/img/UI_Trial2.uasset" 50
"C:/Users/yabu-/source/repos/yabu-85/ChronoTrial/Content/02GameSelect/img/UI_Trial2.uexp" 51
"C:/Users/yabu-/source/repos/yabu-85/ChronoTrial/Content/02GameSelect/img/UI_Select_StageBack__1_.uasset" 52
"C:/Users/yabu-/source/repos/yabu-85/ChronoTrial/Content/02GameSelect/img/UI_Select_StageBack__1_.uexp" 53
"C:/Users/yabu-/source/repos/yabu-85/ChronoTrial/Content/02GameSelect/img/UI_Select_Stage3.uasset" 54
"C:/Users/yabu-/source/repos/yabu-85/ChronoTrial/Content/02GameSelect/img/UI_Select_Stage3.uexp" 55
"C:/Users/yabu-/source/repos/yabu-85/ChronoTrial/Content/02GameSelect/img/UI_Select.uasset" 56
"C:/Users/yabu-/source/repos/yabu-85/ChronoTrial/Content/02GameSelect/img/UI_Select.uexp" 57
"C:/Users/yabu-/source/repos/yabu-85/ChronoTrial/Content/02GameSelect/img/UI_Default2.uasset" 58
"C:/Users/yabu-/source/repos/yabu-85/ChronoTrial/Content/02GameSelect/img/UI_Default2.uexp" 59
"C:/Users/yabu-/source/repos/yabu-85/ChronoTrial/Content/02GameSelect/img/UI_BackButton2.uasset" 60
"C:/Users/yabu-/source/repos/yabu-85/ChronoTrial/Content/02GameSelect/img/UI_BackButton2.uexp" 61
"C:/Users/yabu-/source/repos/yabu-85/ChronoTrial/Content/02GameSelect/img/Image_Line.uasset" 62
"C:/Users/yabu-/source/repos/yabu-85/ChronoTrial/Content/02GameSelect/img/Image_Line.uexp" 63
"C:/Users/yabu-/source/repos/yabu-85/ChronoTrial/Content/02GameSelect/img/Image_Line_Mat.uasset" 64
"C:/Users/yabu-/source/repos/yabu-85/ChronoTrial/Content/02GameSelect/img/Image_Line_Mat.uexp" 65
"C:/Users/yabu-/source/repos/yabu-85/ChronoTrial/Content/01GameTitle/Image/UI_ButtonB.uasset" 66
"C:/Users/yabu-/source/repos/yabu-85/ChronoTrial/Content/01GameTitle/Image/UI_ButtonB.uexp" 67
"C:/Users/yabu-/source/repos/yabu-85/ChronoTrial/Content/01GameTitle/Image/UI_titleLogo.uasset" 68
"C:/Users/yabu-/source/repos/yabu-85/ChronoTrial/Content/01GameTitle/Image/UI_titleLogo.uexp" 69
"C:/Users/yabu-/source/repos/yabu-85/ChronoTrial/Content/01GameTitle/Image/UI_Title_BackFrame.uasset" 70
"C:/Users/yabu-/source/repos/yabu-85/ChronoTrial/Content/01GameTitle/Image/UI_Title_BackFrame.uexp" 71
"C:/Users/yabu-/source/repos/yabu-85/ChronoTrial/Content/01GameTitle/E_UITitleSelect.uasset" 72
"C:/Users/yabu-/source/repos/yabu-85/ChronoTrial/Content/01GameTitle/E_UITitleSelect.uexp" 73
"C:/Users/yabu-/source/repos/yabu-85/ChronoTrial/Content/01GameTitle/ButtonAlphaCurve.uasset" 74
"C:/Users/yabu-/source/repos/yabu-85/ChronoTrial/Content/01GameTitle/ButtonAlphaCurve.uexp" 75
"C:/Users/yabu-/source/repos/yabu-85/ChronoTrial/Content/Movies/titleMovie.uasset" 76
"C:/Users/yabu-/source/repos/yabu-85/ChronoTrial/Content/Movies/titleMovie.uexp" 77
"C:/Users/yabu-/source/repos/yabu-85/ChronoTrial/Content/01GameTitle/movie/titleMoviePlayer.uasset" 78
"C:/Users/yabu-/source/repos/yabu-85/ChronoTrial/Content/01GameTitle/movie/titleMoviePlayer.uexp" 79
"C:/Users/yabu-/source/repos/yabu-85/ChronoTrial/Content/01GameTitle/movie/TitleMediaTexture.uasset" 80
"C:/Users/yabu-/source/repos/yabu-85/ChronoTrial/Content/01GameTitle/movie/TitleMediaTexture.uexp" 81
"C:/Users/yabu-/source/repos/yabu-85/ChronoTrial/Content/01GameTitle/movie/TitleMediaTexture_Mat.uasset" 82
"C:/Users/yabu-/source/repos/yabu-85/ChronoTrial/Content/01GameTitle/movie/TitleMediaTexture_Mat.uexp" 83
"C:/Users/yabu-/source/repos/yabu-85/ChronoTrial/Content/01GameTitle/UMG_TitleMovie.uasset" 84
"C:/Users/yabu-/source/repos/yabu-85/ChronoTrial/Content/01GameTitle/UMG_TitleMovie.uexp" 85
"C:/Users/yabu-/source/repos/yabu-85/ChronoTrial/Content/01GameTitle/HUD_Title.uasset" 86
"C:/Users/yabu-/source/repos/yabu-85/ChronoTrial/Content/01GameTitle/HUD_Title.uexp" 87
"C:/Users/yabu-/source/repos/yabu-85/ChronoTrial/Content/01GameTitle/BP_Title.uasset" 88
"C:/Users/yabu-/source/repos/yabu-85/ChronoTrial/Content/01GameTitle/BP_Title.uexp" 89
"C:/Users/yabu-/source/repos/yabu-85/ChronoTrial/Content/01GameTitle/UMG_Title.uasset" 90
"C:/Users/yabu-/source/repos/yabu-85/ChronoTrial/Content/01GameTitle/UMG_Title.uexp" 91
"C:/Users/yabu-/source/repos/yabu-85/ChronoTrial/Content/02GameSelect/UMG_ModeSelect.uasset" 92
"C:/Users/yabu-/source/repos/yabu-85/ChronoTrial/Content/02GameSelect/UMG_ModeSelect.uexp" 93
"C:/Users/yabu-/source/repos/yabu-85/ChronoTrial/Content/01GameTitle/Title_Chrono.uasset" 94
"C:/Users/yabu-/source/repos/yabu-85/ChronoTrial/Content/01GameTitle/Title_Chrono.uexp" 95
"C:/Users/yabu-/source/repos/yabu-85/ChronoTrial/Content/02GameSelect/img/UI_Select_Back.uasset" 96
"C:/Users/yabu-/source/repos/yabu-85/ChronoTrial/Content/02GameSelect/img/UI_Select_Back.uexp" 97
"C:/Users/yabu-/source/repos/yabu-85/ChronoTrial/Content/03GamePlay/E_SensitivityButton.uasset" 98
"C:/Users/yabu-/source/repos/yabu-85/ChronoTrial/Content/03GamePlay/E_SensitivityButton.uexp" 99
"C:/Users/yabu-/source/repos/yabu-85/ChronoTrial/Content/03GamePlay/FadeOutSequence.uasset" 100
"C:/Users/yabu-/source/repos/yabu-85/ChronoTrial/Content/03GamePlay/FadeOutSequence.uexp" 101
"C:/Users/yabu-/source/repos/yabu-85/ChronoTrial/Content/03GamePlay/Image/sensitivity.uasset" 102
"C:/Users/yabu-/source/repos/yabu-85/ChronoTrial/Content/03GamePlay/Image/sensitivity.uexp" 103
"C:/Users/yabu-/source/repos/yabu-85/ChronoTrial/Content/03GamePlay/Image/sensitivity2.uasset" 104
"C:/Users/yabu-/source/repos/yabu-85/ChronoTrial/Content/03GamePlay/Image/sensitivity2.uexp" 105
"C:/Users/yabu-/source/repos/yabu-85/ChronoTrial/Content/CoolTimeUI/circleG.uasset" 106
"C:/Users/yabu-/source/repos/yabu-85/ChronoTrial/Content/CoolTimeUI/circleG.uexp" 107
"../../../Engine/Content/Functions/Engine_MaterialFunctions02/Utility/VectorToRadialValue.uasset" 108
"../../../Engine/Content/Functions/Engine_MaterialFunctions02/Utility/VectorToRadialValue.uexp" 109
"../../../Engine/Content/Functions/Engine_MaterialFunctions02/Texturing/CustomRotator.uasset" 110
"../../../Engine/Content/Functions/Engine_MaterialFunctions02/Texturing/CustomRotator.uexp" 111
"C:/Users/yabu-/source/repos/yabu-85/ChronoTrial/Content/CoolTimeUI/1CFc6Uqk_Mat.uasset" 112
"C:/Users/yabu-/source/repos/yabu-85/ChronoTrial/Content/CoolTimeUI/1CFc6Uqk_Mat.uexp" 113
"C:/Users/yabu-/source/repos/yabu-85/ChronoTrial/Content/CoolTimeUI/1CFc6Uqk_Mat_Inst.uasset" 114
"C:/Users/yabu-/source/repos/yabu-85/ChronoTrial/Content/CoolTimeUI/1CFc6Uqk_Mat_Inst.uexp" 115
"C:/Users/yabu-/source/repos/yabu-85/ChronoTrial/Content/CoolTimeUI/stopG.uasset" 116
"C:/Users/yabu-/source/repos/yabu-85/ChronoTrial/Content/CoolTimeUI/stopG.uexp" 117
"C:/Users/yabu-/source/repos/yabu-85/ChronoTrial/Content/CoolTimeUI/stop.uasset" 118
"C:/Users/yabu-/source/repos/yabu-85/ChronoTrial/Content/CoolTimeUI/stop.uexp" 119
"C:/Users/yabu-/source/repos/yabu-85/ChronoTrial/Content/CoolTimeUI/speedG.uasset" 120
"C:/Users/yabu-/source/repos/yabu-85/ChronoTrial/Content/CoolTimeUI/speedG.uexp" 121
"C:/Users/yabu-/source/repos/yabu-85/ChronoTrial/Content/CoolTimeUI/speed.uasset" 122
"C:/Users/yabu-/source/repos/yabu-85/ChronoTrial/Content/CoolTimeUI/speed.uexp" 123
"C:/Users/yabu-/source/repos/yabu-85/ChronoTrial/Content/CoolTimeUI/slowG.uasset" 124
"C:/Users/yabu-/source/repos/yabu-85/ChronoTrial/Content/CoolTimeUI/slowG.uexp" 125
"C:/Users/yabu-/source/repos/yabu-85/ChronoTrial/Content/CoolTimeUI/slow.uasset" 126
"C:/Users/yabu-/source/repos/yabu-85/ChronoTrial/Content/CoolTimeUI/slow.uexp" 127
"C:/Users/yabu-/source/repos/yabu-85/ChronoTrial/Content/CoolTimeUI/rewindG.uasset" 128
"C:/Users/yabu-/source/repos/yabu-85/ChronoTrial/Content/CoolTimeUI/rewindG.uexp" 129
"C:/Users/yabu-/source/repos/yabu-85/ChronoTrial/Content/CoolTimeUI/rewind.uasset" 130
"C:/Users/yabu-/source/repos/yabu-85/ChronoTrial/Content/CoolTimeUI/rewind.uexp" 131
"C:/Users/yabu-/source/repos/yabu-85/ChronoTrial/Content/CoolTimeUI/Controller.uasset" 132
"C:/Users/yabu-/source/repos/yabu-85/ChronoTrial/Content/CoolTimeUI/Controller.uexp" 133
"C:/Users/yabu-/source/repos/yabu-85/ChronoTrial/Content/CoolTimeUI/Controller.ubulk" 134
"C:/Users/yabu-/source/repos/yabu-85/ChronoTrial/Content/ThirdPersonBP/Skill/SkillData.uasset" 135
"C:/Users/yabu-/source/repos/yabu-85/ChronoTrial/Content/ThirdPersonBP/Skill/SkillData.uexp" 136
"C:/Users/yabu-/source/repos/yabu-85/ChronoTrial/Content/ThirdPersonBP/Skill/PC_Outline_Data_2.uasset" 137
"C:/Users/yabu-/source/repos/yabu-85/ChronoTrial/Content/ThirdPersonBP/Skill/PC_Outline_Data_2.uexp" 138
"C:/Users/yabu-/source/repos/yabu-85/ChronoTrial/Content/Sounds/SE/PlayerSE/SE_Stop.uasset" 139
"C:/Users/yabu-/source/repos/yabu-85/ChronoTrial/Content/Sounds/SE/PlayerSE/SE_Stop.uexp" 140
"C:/Users/yabu-/source/repos/yabu-85/ChronoTrial/Content/Sounds/SE/PlayerSE/SE_Stop_Cue.uasset" 141
"C:/Users/yabu-/source/repos/yabu-85/ChronoTrial/Content/Sounds/SE/PlayerSE/SE_Stop_Cue.uexp" 142
"C:/Users/yabu-/source/repos/yabu-85/ChronoTrial/Content/Sounds/SE/PlayerSE/SE_Reverse.uasset" 143
"C:/Users/yabu-/source/repos/yabu-85/ChronoTrial/Content/Sounds/SE/PlayerSE/SE_Reverse.uexp" 144
"C:/Users/yabu-/source/repos/yabu-85/ChronoTrial/Content/Sounds/SE/PlayerSE/SE_Reverse_Cue.uasset" 145
"C:/Users/yabu-/source/repos/yabu-85/ChronoTrial/Content/Sounds/SE/PlayerSE/SE_Reverse_Cue.uexp" 146
"C:/Users/yabu-/source/repos/yabu-85/ChronoTrial/Content/Sounds/SE/PlayerSE/SE_Decel.uasset" 147
"C:/Users/yabu-/source/repos/yabu-85/ChronoTrial/Content/Sounds/SE/PlayerSE/SE_Decel.uexp" 148
"C:/Users/yabu-/source/repos/yabu-85/ChronoTrial/Content/Sounds/SE/PlayerSE/SE_Decel_Cue.uasset" 149
"C:/Users/yabu-/source/repos/yabu-85/ChronoTrial/Content/Sounds/SE/PlayerSE/SE_Decel_Cue.uexp" 150
"C:/Users/yabu-/source/repos/yabu-85/ChronoTrial/Content/Sounds/SE/PlayerSE/SE_Accel.uasset" 151
"C:/Users/yabu-/source/repos/yabu-85/ChronoTrial/Content/Sounds/SE/PlayerSE/SE_Accel.uexp" 152
"C:/Users/yabu-/source/repos/yabu-85/ChronoTrial/Content/Sounds/SE/PlayerSE/SE_Accel_Cue.uasset" 153
"C:/Users/yabu-/source/repos/yabu-85/ChronoTrial/Content/Sounds/SE/PlayerSE/SE_Accel_Cue.uexp" 154
"C:/Users/yabu-/source/repos/yabu-85/ChronoTrial/Content/Reverse/FReverseFrameData.uasset" 155
"C:/Users/yabu-/source/repos/yabu-85/ChronoTrial/Content/Reverse/FReverseFrameData.uexp" 156
"C:/Users/yabu-/source/repos/yabu-85/ChronoTrial/Content/Reverse/FAnimReverseFrameData.uasset" 157
"C:/Users/yabu-/source/repos/yabu-85/ChronoTrial/Content/Reverse/FAnimReverseFrameData.uexp" 158
"C:/Users/yabu-/source/repos/yabu-85/ChronoTrial/Content/Reverse/ReverseFuncType.uasset" 159
"C:/Users/yabu-/source/repos/yabu-85/ChronoTrial/Content/Reverse/ReverseFuncType.uexp" 160
"C:/Users/yabu-/source/repos/yabu-85/ChronoTrial/Content/NewCreateFX/effects/Hit/sozai/white1.uasset" 161
"C:/Users/yabu-/source/repos/yabu-85/ChronoTrial/Content/NewCreateFX/effects/Hit/sozai/white1.uexp" 162
"C:/Users/yabu-/source/repos/yabu-85/ChronoTrial/Content/NewCreateFX/effects/Hit/effects/tex/hit_Anime2.uasset" 163
"C:/Users/yabu-/source/repos/yabu-85/ChronoTrial/Content/NewCreateFX/effects/Hit/effects/tex/hit_Anime2.uexp" 164
"C:/Users/yabu-/source/repos/yabu-85/ChronoTrial/Content/NewCreateFX/effects/tex/white_RGB.uasset" 165
"C:/Users/yabu-/source/repos/yabu-85/ChronoTrial/Content/NewCreateFX/effects/tex/white_RGB.uexp" 166
"C:/Users/yabu-/source/repos/yabu-85/ChronoTrial/Content/NewCreateFX/effects/tex/white_A.uasset" 167
"C:/Users/yabu-/source/repos/yabu-85/ChronoTrial/Content/NewCreateFX/effects/tex/white_A.uexp" 168
"C:/Users/yabu-/source/repos/yabu-85/ChronoTrial/Content/NewCreateFX/effects/mat/M_Effect.uasset" 169
"C:/Users/yabu-/source/repos/yabu-85/ChronoTrial/Content/NewCreateFX/effects/mat/M_Effect.uexp" 170
"C:/Users/yabu-/source/repos/yabu-85/ChronoTrial/Content/NewCreateFX/effects/Hit/effects/mat/M_Hit_Animation.uasset" 171
"C:/Users/yabu-/source/repos/yabu-85/ChronoTrial/Content/NewCreateFX/effects/Hit/effects/mat/M_Hit_Animation.uexp" 172
"C:/Users/yabu-/source/repos/yabu-85/ChronoTrial/Content/NewCreateFX/effects/Hit/effects/tex/b_A.uasset" 173
"C:/Users/yabu-/source/repos/yabu-85/ChronoTrial/Content/NewCreateFX/effects/Hit/effects/tex/b_A.uexp" 174
"C:/Users/yabu-/source/repos/yabu-85/ChronoTrial/Content/NewCreateFX/effects/Hit/effects/mat/M_Hit3.uasset" 175
"C:/Users/yabu-/source/repos/yabu-85/ChronoTrial/Content/NewCreateFX/effects/Hit/effects/mat/M_Hit3.uexp" 176
"C:/Users/yabu-/source/repos/yabu-85/ChronoTrial/Content/NewCreateFX/effects/Hit/effects/tex/m.uasset" 177
"C:/Users/yabu-/source/repos/yabu-85/ChronoTrial/Content/NewCreateFX/effects/Hit/effects/tex/m.uexp" 178
"C:/Users/yabu-/source/repos/yabu-85/ChronoTrial/Content/NewCreateFX/effects/Hit/effects/mat/M_Effect.uasset" 179
"C:/Users/yabu-/source/repos/yabu-85/ChronoTrial/Content/NewCreateFX/effects/Hit/effects/mat/M_Effect.uexp" 180
"C:/Users/yabu-/source/repos/yabu-85/ChronoTrial/Content/NewCreateFX/effects/Hit/effects/mat/M_Beam.uasset" 181
"C:/Users/yabu-/source/repos/yabu-85/ChronoTrial/Content/NewCreateFX/effects/Hit/effects/mat/M_Beam.uexp" 182
"../../../Engine/Plugins/FX/Niagara/Content/Enums/Events/ENiagara_LocEventType.uasset" 183
"../../../Engine/Plugins/FX/Niagara/Content/Enums/Events/ENiagara_LocEventType.uexp" 184
"../../../Engine/Plugins/FX/Niagara/Content/Enums/ENiagaraRandomnessMode.uasset" 185
"../../../Engine/Plugins/FX/Niagara/Content/Enums/ENiagaraRandomnessMode.uexp" 186
"../../../Engine/Plugins/FX/Niagara/Content/Functions/GetRandomInfo.uasset" 187
"../../../Engine/Plugins/FX/Niagara/Content/Functions/GetRandomInfo.uexp" 188
"../../../Engine/Plugins/FX/Niagara/Content/Functions/RandomRangeFloat.uasset" 189
"../../../Engine/Plugins/FX/Niagara/Content/Functions/RandomRangeFloat.uexp" 190
"../../../Engine/Plugins/FX/Niagara/Content/Functions/RandomUnitVector.uasset" 191
"../../../Engine/Plugins/FX/Niagara/Content/Functions/RandomUnitVector.uexp" 192
"../../../Engine/Plugins/FX/Niagara/Content/Functions/RandomVector.uasset" 193
"../../../Engine/Plugins/FX/Niagara/Content/Functions/RandomVector.uexp" 194
"../../../Engine/Plugins/FX/Niagara/Content/Functions/DirectionAndLengthSafe.uasset" 195
"../../../Engine/Plugins/FX/Niagara/Content/Functions/DirectionAndLengthSafe.uexp" 196
"../../../Engine/Plugins/FX/Niagara/Content/Functions/NormalizeDistanceRange.uasset" 197
"../../../Engine/Plugins/FX/Niagara/Content/Functions/NormalizeDistanceRange.uexp" 198
"../../../Engine/Plugins/FX/Niagara/Content/Functions/DistanceBasedFalloff.uasset" 199
"../../../Engine/Plugins/FX/Niagara/Content/Functions/DistanceBasedFalloff.uexp" 200
"../../../Engine/Plugins/FX/Niagara/Content/Functions/Localspace/TransformBase.uasset" 201
"../../../Engine/Plugins/FX/Niagara/Content/Functions/Localspace/TransformBase.uexp" 202
"../../../Engine/Plugins/FX/Niagara/Content/Functions/Localspace/TransformVector.uasset" 203
"../../../Engine/Plugins/FX/Niagara/Content/Functions/Localspace/TransformVector.uexp" 204
"../../../Engine/Plugins/FX/Niagara/Content/Functions/Localspace/SimulationPosition.uasset" 205
"../../../Engine/Plugins/FX/Niagara/Content/Functions/Localspace/SimulationPosition.uexp" 206
"../../../Engine/Plugins/FX/Niagara/Content/Modules/Spawn/Velocity/AddVelocityFromPoint.uasset" 207
"../../../Engine/Plugins/FX/Niagara/Content/Modules/Spawn/Velocity/AddVelocityFromPoint.uexp" 208
"../../../Engine/Plugins/FX/Niagara/Content/Functions/Helpers/AdvancePositionWithAcceleration.uasset" 209
"../../../Engine/Plugins/FX/Niagara/Content/Functions/Helpers/AdvancePositionWithAcceleration.uexp" 210
"../../../Engine/Plugins/FX/Niagara/Content/Enums/ENiagaraRandomnessEvaluation.uasset" 211
"../../../Engine/Plugins/FX/Niagara/Content/Enums/ENiagaraRandomnessEvaluation.uexp" 212
"../../../Engine/Plugins/FX/Niagara/Content/Functions/V2/CalculateRandomRangeFloat.uasset" 213
"../../../Engine/Plugins/FX/Niagara/Content/Functions/V2/CalculateRandomRangeFloat.uexp" 214
"../../../Engine/Plugins/FX/Niagara/Content/DefaultAssets/Structs/LocationEvent_V2.uasset" 215
"../../../Engine/Plugins/FX/Niagara/Content/DefaultAssets/Structs/LocationEvent_V2.uexp" 216
"../../../Engine/Plugins/FX/Niagara/Content/Modules/Events/GenerateLocationEvent.uasset" 217
"../../../Engine/Plugins/FX/Niagara/Content/Modules/Events/GenerateLocationEvent.uexp" 218
"../../../Engine/Plugins/FX/Niagara/Content/Functions/RandomRangeInteger.uasset" 219
"../../../Engine/Plugins/FX/Niagara/Content/Functions/RandomRangeInteger.uexp" 220
"../../../Engine/Plugins/FX/Niagara/Content/Enums/ENiagara_SubUVLookupMode.uasset" 221
"../../../Engine/Plugins/FX/Niagara/Content/Enums/ENiagara_SubUVLookupMode.uexp" 222
"../../../Engine/Plugins/FX/Niagara/Content/Modules/Update/SubUV/V2/SubUVAnimation.uasset" 223
"../../../Engine/Plugins/FX/Niagara/Content/Modules/Update/SubUV/V2/SubUVAnimation.uexp" 224
"../../../Engine/Plugins/FX/Niagara/Content/Enums/ENiagaraVertexSamplingMode.uasset" 225
"../../../Engine/Plugins/FX/Niagara/Content/Enums/ENiagaraVertexSamplingMode.uexp" 226
"../../../Engine/Plugins/FX/Niagara/Content/Enums/ENiagaraTriangleSamplingMode.uasset" 227
"../../../Engine/Plugins/FX/Niagara/Content/Enums/ENiagaraTriangleSamplingMode.uexp" 228
"../../../Engine/Plugins/FX/Niagara/Content/Enums/ENiagaraSocketSamplingMode.uasset" 229
"../../../Engine/Plugins/FX/Niagara/Content/Enums/ENiagaraSocketSamplingMode.uexp" 230
"../../../Engine/Plugins/FX/Niagara/Content/Enums/ENiagaraSkelSamplingModeFull.uasset" 231
"../../../Engine/Plugins/FX/Niagara/Content/Enums/ENiagaraSkelSamplingModeFull.uexp" 232
"../../../Engine/Plugins/FX/Niagara/Content/Enums/ENiagaraSkelMeshTransforms.uasset" 233
"../../../Engine/Plugins/FX/Niagara/Content/Enums/ENiagaraSkelMeshTransforms.uexp" 234
"../../../Engine/Plugins/FX/Niagara/Content/Enums/ENiagaraSkelMeshPositionSamplingMode.uasset" 235
"../../../Engine/Plugins/FX/Niagara/Content/Enums/ENiagaraSkelMeshPositionSamplingMode.uexp" 236
"../../../Engine/Plugins/FX/Niagara/Content/Enums/ENiagaraBoneSocketSamplingMode.uasset" 237
"../../../Engine/Plugins/FX/Niagara/Content/Enums/ENiagaraBoneSocketSamplingMode.uexp" 238
"../../../Engine/Plugins/FX/Niagara/Content/Enums/ENiagara_AttributeSamplingApplyOutput.uasset" 239
"../../../Engine/Plugins/FX/Niagara/Content/Enums/ENiagara_AttributeSamplingApplyOutput.uexp" 240
"../../../Engine/Plugins/FX/Niagara/Content/Functions/Rotation/MatrixToQuaternion.uasset" 241
"../../../Engine/Plugins/FX/Niagara/Content/Functions/Rotation/MatrixToQuaternion.uexp" 242
"../../../Engine/Plugins/FX/Niagara/Content/Functions/Rotation/MakeQuaternionFrom3BasisVectors.uasset" 243
"../../../Engine/Plugins/FX/Niagara/Content/Functions/Rotation/MakeQuaternionFrom3BasisVectors.uexp" 244
"../../../Engine/Plugins/FX/Niagara/Content/Functions/Rotation/MultiplyQuaternion.uasset" 245
"../../../Engine/Plugins/FX/Niagara/Content/Functions/Rotation/MultiplyQuaternion.uexp" 246
"../../../Engine/Plugins/FX/Niagara/Content/Functions/Rotation/MultiplyVectorWithQuaternion.uasset" 247
"../../../Engine/Plugins/FX/Niagara/Content/Functions/Rotation/MultiplyVectorWithQuaternion.uexp" 248
"../../../Engine/Plugins/FX/Niagara/Content/Functions/Localspace/TransformPosition.uasset" 249
"../../../Engine/Plugins/FX/Niagara/Content/Functions/Localspace/TransformPosition.uexp" 250
"../../../Engine/Plugins/FX/Niagara/Content/Functions/V2/CalculateRandomRangeInteger.uasset" 251
"../../../Engine/Plugins/FX/Niagara/Content/Functions/V2/CalculateRandomRangeInteger.uexp" 252
"../../../Engine/Plugins/FX/Niagara/Content/Functions/Rotation/InvertQuaternion.uasset" 253
"../../../Engine/Plugins/FX/Niagara/Content/Functions/Rotation/InvertQuaternion.uexp" 254
"../../../Engine/Plugins/FX/Niagara/Content/Enums/ENiagaraMeshTransforms.uasset" 255
"../../../Engine/Plugins/FX/Niagara/Content/Enums/ENiagaraMeshTransforms.uexp" 256
"../../../Engine/Plugins/FX/Niagara/Content/Enums/ENiagaraBoneSamplingMode.uasset" 257
"../../../Engine/Plugins/FX/Niagara/Content/Enums/ENiagaraBoneSamplingMode.uexp" 258
"../../../Engine/Plugins/FX/Niagara/Content/Modules/Spawn/Location/V2/SkeletalMeshLocation.uasset" 259
"../../../Engine/Plugins/FX/Niagara/Content/Modules/Spawn/Location/V2/SkeletalMeshLocation.uexp" 260
"../../../Engine/Plugins/FX/Niagara/Content/Modules/Solvers/ApplyInitialForces.uasset" 261
"../../../Engine/Plugins/FX/Niagara/Content/Modules/Solvers/ApplyInitialForces.uexp" 262
"../../../Engine/Plugins/FX/Niagara/Content/Functions/V2/CalculateRandomRange.uasset" 263
"../../../Engine/Plugins/FX/Niagara/Content/Functions/V2/CalculateRandomRange.uexp" 264
"../../../Engine/Plugins/FX/Niagara/Content/DynamicInputs/UniformRange/V2/RandomRangeVector.uasset" 265
"../../../Engine/Plugins/FX/Niagara/Content/DynamicInputs/UniformRange/V2/RandomRangeVector.uexp" 266
"../../../Engine/Plugins/FX/Niagara/Content/DynamicInputs/UniformRange/V2/RandomRangeFloat.uasset" 267
"../../../Engine/Plugins/FX/Niagara/Content/DynamicInputs/UniformRange/V2/RandomRangeFloat.uexp" 268
"../../../Engine/Plugins/FX/Niagara/Content/DynamicInputs/ValueFromCurve/FloatFromCurve.uasset" 269
"../../../Engine/Plugins/FX/Niagara/Content/DynamicInputs/ValueFromCurve/FloatFromCurve.uexp" 270
"../../../Engine/Plugins/FX/Niagara/Content/DefaultAssets/DefaultSpriteMaterial.uasset" 271
"../../../Engine/Plugins/FX/Niagara/Content/DefaultAssets/DefaultSpriteMaterial.uexp" 272
"../../../Engine/Plugins/FX/Niagara/Content/Enums/SpriteRenderer/ENiagara_ScaleSpriteSize.uasset" 273
"../../../Engine/Plugins/FX/Niagara/Content/Enums/SpriteRenderer/ENiagara_ScaleSpriteSize.uexp" 274
"../../../Engine/Plugins/FX/Niagara/Content/Enums/Ribbons/ENiagara_UnsetDirectSetRandom.uasset" 275
"../../../Engine/Plugins/FX/Niagara/Content/Enums/Ribbons/ENiagara_UnsetDirectSetRandom.uexp" 276
"../../../Engine/Plugins/FX/Niagara/Content/Enums/ENiagaraScaleColorMode.uasset" 277
"../../../Engine/Plugins/FX/Niagara/Content/Enums/ENiagaraScaleColorMode.uexp" 278
"../../../Engine/Plugins/FX/Niagara/Content/Enums/ENiagaraInactiveMode.uasset" 279
"../../../Engine/Plugins/FX/Niagara/Content/Enums/ENiagaraInactiveMode.uexp" 280
"../../../Engine/Plugins/FX/Niagara/Content/Enums/ENiagaraEmitterScalabilityMode_Limited.uasset" 281
"../../../Engine/Plugins/FX/Niagara/Content/Enums/ENiagaraEmitterScalabilityMode_Limited.uexp" 282
"../../../Engine/Plugins/FX/Niagara/Content/Enums/ENiagaraEmitterLifeCycleMode.uasset" 283
"../../../Engine/Plugins/FX/Niagara/Content/Enums/ENiagaraEmitterLifeCycleMode.uexp" 284
"../../../Engine/Plugins/FX/Niagara/Content/Enums/ENiagaraChannelCorrelation.uasset" 285
"../../../Engine/Plugins/FX/Niagara/Content/Enums/ENiagaraChannelCorrelation.uexp" 286
"../../../Engine/Plugins/FX/Niagara/Content/Enums/ENiagara_UVFlippingMode.uasset" 287
"../../../Engine/Plugins/FX/Niagara/Content/Enums/ENiagara_UVFlippingMode.uexp" 288
"../../../Engine/Plugins/FX/Niagara/Content/Enums/ENiagara_SpriteRotationMode.uasset" 289
"../../../Engine/Plugins/FX/Niagara/Content/Enums/ENiagara_SpriteRotationMode.uexp" 290
"../../../Engine/Plugins/FX/Niagara/Content/Enums/ENiagara_SizeScaleMode.uasset" 291
"../../../Engine/Plugins/FX/Niagara/Content/Enums/ENiagara_SizeScaleMode.uexp" 292
"../../../Engine/Plugins/FX/Niagara/Content/Enums/ENiagara_PositionInitializationMode.uasset" 293
"../../../Engine/Plugins/FX/Niagara/Content/Enums/ENiagara_PositionInitializationMode.uexp" 294
"../../../Engine/Plugins/FX/Niagara/Content/Enums/ENiagara_MassInitializationMode.uasset" 295
"../../../Engine/Plugins/FX/Niagara/Content/Enums/ENiagara_MassInitializationMode.uexp" 296
"../../../Engine/Plugins/FX/Niagara/Content/Enums/ENiagara_LifetimeMode.uasset" 297
"../../../Engine/Plugins/FX/Niagara/Content/Enums/ENiagara_LifetimeMode.uexp" 298
"../../../Engine/Plugins/FX/Niagara/Content/Enums/ENiagara_InfiniteLoopDuration.uasset" 299
"../../../Engine/Plugins/FX/Niagara/Content/Enums/ENiagara_InfiniteLoopDuration.uexp" 300
"../../../Engine/Plugins/FX/Niagara/Content/Enums/ENiagara_EmitterStateOptions.uasset" 301
"../../../Engine/Plugins/FX/Niagara/Content/Enums/ENiagara_EmitterStateOptions.uexp" 302
"../../../Engine/Plugins/FX/Niagara/Content/Enums/ENiagara_ColorInitializationMode.uasset" 303
"../../../Engine/Plugins/FX/Niagara/Content/Enums/ENiagara_ColorInitializationMode.uexp" 304
"../../../Engine/Plugins/FX/Niagara/Content/Modules/Update/Size/ScaleSpriteSize.uasset" 305
"../../../Engine/Plugins/FX/Niagara/Content/Modules/Update/Size/ScaleSpriteSize.uexp" 306
"../../../Engine/Plugins/FX/Niagara/Content/Modules/Update/Lifetime/ParticleState.uasset" 307
"../../../Engine/Plugins/FX/Niagara/Content/Modules/Update/Lifetime/ParticleState.uexp" 308
"../../../Engine/Plugins/FX/Niagara/Content/Modules/Update/Color/ScaleColor.uasset" 309
"../../../Engine/Plugins/FX/Niagara/Content/Modules/Update/Color/ScaleColor.uexp" 310
"../../../Engine/Plugins/FX/Niagara/Content/Functions/V2/CalculateRandomBool.uasset" 311
"../../../Engine/Plugins/FX/Niagara/Content/Functions/V2/CalculateRandomBool.uexp" 312
"../../../Engine/Plugins/FX/Niagara/Content/Functions/LinearColor/HueShiftLinearColor.uasset" 313
"../../../Engine/Plugins/FX/Niagara/Content/Functions/LinearColor/HueShiftLinearColor.uexp" 314
"../../../Engine/Plugins/FX/Niagara/Content/Modules/Spawn/Initialization/V2/InitializeParticle.uasset" 315
"../../../Engine/Plugins/FX/Niagara/Content/Modules/Spawn/Initialization/V2/InitializeParticle.uexp" 316
"../../../Engine/Plugins/FX/Niagara/Content/Modules/Emitter/SpawnBurst_Instantaneous.uasset" 317
"../../../Engine/Plugins/FX/Niagara/Content/Modules/Emitter/SpawnBurst_Instantaneous.uexp" 318
"../../../Engine/Plugins/FX/Niagara/Content/Functions/Emitter/EmitterChangeState.uasset" 319
"../../../Engine/Plugins/FX/Niagara/Content/Functions/Emitter/EmitterChangeState.uexp" 320
"../../../Engine/Plugins/FX/Niagara/Content/Enums/ENiagaraExecutionStateManagement.uasset" 321
"../../../Engine/Plugins/FX/Niagara/Content/Enums/ENiagaraExecutionStateManagement.uexp" 322
"../../../Engine/Plugins/FX/Niagara/Content/Modules/Emitter/EmitterState.uasset" 323
"../../../Engine/Plugins/FX/Niagara/Content/Modules/Emitter/EmitterState.uexp" 324
"../../../Engine/Plugins/FX/Niagara/Content/Modules/Update/Forces/Drag.uasset" 325
"../../../Engine/Plugins/FX/Niagara/Content/Modules/Update/Forces/Drag.uexp" 326
"../../../Engine/Plugins/FX/Niagara/Content/Enums/ENiagaraSystemInactiveMode.uasset" 327
"../../../Engine/Plugins/FX/Niagara/Content/Enums/ENiagaraSystemInactiveMode.uexp" 328
"../../../Engine/Plugins/FX/Niagara/Content/Functions/System/SystemChangeState.uasset" 329
"../../../Engine/Plugins/FX/Niagara/Content/Functions/System/SystemChangeState.uexp" 330
"../../../Engine/Plugins/FX/Niagara/Content/Modules/System/SystemState.uasset" 331
"../../../Engine/Plugins/FX/Niagara/Content/Modules/System/SystemState.uexp" 332
"../../../Engine/Plugins/FX/Niagara/Content/Modules/Solvers/SolveForcesAndVelocity.uasset" 333
"../../../Engine/Plugins/FX/Niagara/Content/Modules/Solvers/SolveForcesAndVelocity.uexp" 334
"../../../Engine/Plugins/FX/Niagara/Content/Modules/Emitter/SpawnRate.uasset" 335
"../../../Engine/Plugins/FX/Niagara/Content/Modules/Emitter/SpawnRate.uexp" 336
"C:/Users/yabu-/source/repos/yabu-85/ChronoTrial/Content/NewCreateFX/effects/Hit/effects/NS_Hit.uasset" 337
"C:/Users/yabu-/source/repos/yabu-85/ChronoTrial/Content/NewCreateFX/effects/Hit/effects/NS_Hit.uexp" 338
"C:/Users/yabu-/source/repos/yabu-85/ChronoTrial/Content/NewCharacter/NewSword/sword_01.uasset" 339
"C:/Users/yabu-/source/repos/yabu-85/ChronoTrial/Content/NewCharacter/NewSword/sword_01.uexp" 340
"C:/Users/yabu-/source/repos/yabu-85/ChronoTrial/Content/NewCharacter/NewSword/sword_01.ubulk" 341
"C:/Users/yabu-/source/repos/yabu-85/ChronoTrial/Content/NewCharacter/NewSword/phong5.uasset" 342
"C:/Users/yabu-/source/repos/yabu-85/ChronoTrial/Content/NewCharacter/NewSword/phong5.uexp" 343
"C:/Users/yabu-/source/repos/yabu-85/ChronoTrial/Content/NewCharacter/NewSword/NewSword.uasset" 344
"C:/Users/yabu-/source/repos/yabu-85/ChronoTrial/Content/NewCharacter/NewSword/NewSword.uexp" 345
"C:/Users/yabu-/source/repos/yabu-85/ChronoTrial/Content/NewCharacter/CameraShake/BP_CameraShake_Normal.uasset" 346
"C:/Users/yabu-/source/repos/yabu-85/ChronoTrial/Content/NewCharacter/CameraShake/BP_CameraShake_Normal.uexp" 347
"C:/Users/yabu-/source/repos/yabu-85/ChronoTrial/Content/NewCharacter/CameraShake/BP_Attack_CameraShake1.uasset" 348
"C:/Users/yabu-/source/repos/yabu-85/ChronoTrial/Content/NewCharacter/CameraShake/BP_Attack_CameraShake1.uexp" 349
"C:/Users/yabu-/source/repos/yabu-85/ChronoTrial/Content/NewCharacter/CameraShake/BP_AttackCameraShake3.uasset" 350
"C:/Users/yabu-/source/repos/yabu-85/ChronoTrial/Content/NewCharacter/CameraShake/BP_AttackCameraShake3.uexp" 351
"C:/Users/yabu-/source/repos/yabu-85/ChronoTrial/Content/NewCharacter/NewAttackAnim/AttackMoveCurve.uasset" 352
"C:/Users/yabu-/source/repos/yabu-85/ChronoTrial/Content/NewCharacter/NewAttackAnim/AttackMoveCurve.uexp" 353
"C:/Users/yabu-/source/repos/yabu-85/ChronoTrial/Content/Sounds/SE/PlayerSE/SE_SwordAttack.uasset" 354
"C:/Users/yabu-/source/repos/yabu-85/ChronoTrial/Content/Sounds/SE/PlayerSE/SE_SwordAttack.uexp" 355
"C:/Users/yabu-/source/repos/yabu-85/ChronoTrial/Content/Sounds/SE/SE_Attenuation.uasset" 356
"C:/Users/yabu-/source/repos/yabu-85/ChronoTrial/Content/Sounds/SE/SE_Attenuation.uexp" 357
"C:/Users/yabu-/source/repos/yabu-85/ChronoTrial/Content/Sounds/SE/PlayerSE/SE_SwordAttack_Cue.uasset" 358
"C:/Users/yabu-/source/repos/yabu-85/ChronoTrial/Content/Sounds/SE/PlayerSE/SE_SwordAttack_Cue.uexp" 359
"../../../Engine/Content/Animation/DefaultAnimCurveCompressionSettings.uasset" 360
"../../../Engine/Content/Animation/DefaultAnimCurveCompressionSettings.uexp" 361
"../../../Engine/Content/Animation/DefaultAnimBoneCompressionSettings.uasset" 362
"../../../Engine/Content/Animation/DefaultAnimBoneCompressionSettings.uexp" 363
"C:/Users/yabu-/source/repos/yabu-85/ChronoTrial/Content/NewCharacter/NewChar_Skeleton.uasset" 364
"C:/Users/yabu-/source/repos/yabu-85/ChronoTrial/Content/NewCharacter/NewChar_Skeleton.uexp" 365
"C:/Users/yabu-/source/repos/yabu-85/ChronoTrial/Content/NewCharacter/NewAttackAnim/Motion_Attack_Anim_rotate_stand.uasset" 366
"C:/Users/yabu-/source/repos/yabu-85/ChronoTrial/Content/NewCharacter/NewAttackAnim/Motion_Attack_Anim_rotate_stand.uexp" 367
"C:/Users/yabu-/source/repos/yabu-85/ChronoTrial/Content/NewCharacter/NewAttackAnim/Motion_Attack_Anim_jump_stand.uasset" 368
"C:/Users/yabu-/source/repos/yabu-85/ChronoTrial/Content/NewCharacter/NewAttackAnim/Motion_Attack_Anim_jump_stand.uexp" 369
"C:/Users/yabu-/source/repos/yabu-85/ChronoTrial/Content/NewCharacter/NewAttackAnim/Motion_Attack_Anim_attack_rotate.uasset" 370
"C:/Users/yabu-/source/repos/yabu-85/ChronoTrial/Content/NewCharacter/NewAttackAnim/Motion_Attack_Anim_attack_rotate.uexp" 371
"C:/Users/yabu-/source/repos/yabu-85/ChronoTrial/Content/NewCharacter/NewAttackAnim/Motion_Attack_Anim_attack_Jump.uasset" 372
"C:/Users/yabu-/source/repos/yabu-85/ChronoTrial/Content/NewCharacter/NewAttackAnim/Motion_Attack_Anim_attack_Jump.uexp" 373
"C:/Users/yabu-/source/repos/yabu-85/ChronoTrial/Content/NewCharacter/NewAttackAnim/Motion_Attack_Anim_attack_1.uasset" 374
"C:/Users/yabu-/source/repos/yabu-85/ChronoTrial/Content/NewCharacter/NewAttackAnim/Motion_Attack_Anim_attack_1.uexp" 375
"C:/Users/yabu-/source/repos/yabu-85/ChronoTrial/Content/NewCharacter/NewAttackAnim/Motion_Attack_Anim_attack1_stand.uasset" 376
"C:/Users/yabu-/source/repos/yabu-85/ChronoTrial/Content/NewCharacter/NewAttackAnim/Motion_Attack_Anim_attack1_stand.uexp" 377
"C:/Users/yabu-/source/repos/yabu-85/ChronoTrial/Content/NewCharacter/AnimNotifyState_Rotate.uasset" 378
"C:/Users/yabu-/source/repos/yabu-85/ChronoTrial/Content/NewCharacter/AnimNotifyState_Rotate.uexp" 379
"C:/Users/yabu-/source/repos/yabu-85/ChronoTrial/Content/NewCharacter/NewAttackAnim_Montage.uasset" 380
"C:/Users/yabu-/source/repos/yabu-85/ChronoTrial/Content/NewCharacter/NewAttackAnim_Montage.uexp" 381
"C:/Users/yabu-/source/repos/yabu-85/ChronoTrial/Content/NewCharacter/walk_Anim.uasset" 382
"C:/Users/yabu-/source/repos/yabu-85/ChronoTrial/Content/NewCharacter/walk_Anim.uexp" 383
"C:/Users/yabu-/source/repos/yabu-85/ChronoTrial/Content/NewCharacter/kentaiki_Anim.uasset" 384
"C:/Users/yabu-/source/repos/yabu-85/ChronoTrial/Content/NewCharacter/kentaiki_Anim.uexp" 385
"C:/Users/yabu-/source/repos/yabu-85/ChronoTrial/Content/Sounds/SE/PlayerSE/SE_RunOnce.uasset" 386
"C:/Users/yabu-/source/repos/yabu-85/ChronoTrial/Content/Sounds/SE/PlayerSE/SE_RunOnce.uexp" 387
"C:/Users/yabu-/source/repos/yabu-85/ChronoTrial/Content/Sounds/SE/PlayerSE/SE_RunOnce_Cue.uasset" 388
"C:/Users/yabu-/source/repos/yabu-85/ChronoTrial/Content/Sounds/SE/PlayerSE/SE_RunOnce_Cue.uexp" 389
"C:/Users/yabu-/source/repos/yabu-85/ChronoTrial/Content/NewCharacter/Chara_Run_Anim.uasset" 390
"C:/Users/yabu-/source/repos/yabu-85/ChronoTrial/Content/NewCharacter/Chara_Run_Anim.uexp" 391
"C:/Users/yabu-/source/repos/yabu-85/ChronoTrial/Content/NewCharacter/NewBlendSpace.uasset" 392
"C:/Users/yabu-/source/repos/yabu-85/ChronoTrial/Content/NewCharacter/NewBlendSpace.uexp" 393
"C:/Users/yabu-/source/repos/yabu-85/ChronoTrial/Content/Sounds/SE/PlayerSE/SE_HitingSelf.uasset" 394
"C:/Users/yabu-/source/repos/yabu-85/ChronoTrial/Content/Sounds/SE/PlayerSE/SE_HitingSelf.uexp" 395
"C:/Users/yabu-/source/repos/yabu-85/ChronoTrial/Content/Sounds/SE/PlayerSE/SE_HitingSelf_Cue.uasset" 396
"C:/Users/yabu-/source/repos/yabu-85/ChronoTrial/Content/Sounds/SE/PlayerSE/SE_HitingSelf_Cue.uexp" 397
"C:/Users/yabu-/source/repos/yabu-85/ChronoTrial/Content/NewCharacter/JumpStart_Anim.uasset" 398
"C:/Users/yabu-/source/repos/yabu-85/ChronoTrial/Content/NewCharacter/JumpStart_Anim.uexp" 399
"C:/Users/yabu-/source/repos/yabu-85/ChronoTrial/Content/NewCharacter/JumpLoop_Anim.uasset" 400
"C:/Users/yabu-/source/repos/yabu-85/ChronoTrial/Content/NewCharacter/JumpLoop_Anim.uexp" 401
"C:/Users/yabu-/source/repos/yabu-85/ChronoTrial/Content/Sounds/SE/PlayerSE/SE_JumpEnd.uasset" 402
"C:/Users/yabu-/source/repos/yabu-85/ChronoTrial/Content/Sounds/SE/PlayerSE/SE_JumpEnd.uexp" 403
"C:/Users/yabu-/source/repos/yabu-85/ChronoTrial/Content/Sounds/SE/PlayerSE/SE_JumpEnd_Cue.uasset" 404
"C:/Users/yabu-/source/repos/yabu-85/ChronoTrial/Content/Sounds/SE/PlayerSE/SE_JumpEnd_Cue.uexp" 405
"C:/Users/yabu-/source/repos/yabu-85/ChronoTrial/Content/NewCharacter/JumpEnd_Anim.uasset" 406
"C:/Users/yabu-/source/repos/yabu-85/ChronoTrial/Content/NewCharacter/JumpEnd_Anim.uexp" 407
"C:/Users/yabu-/source/repos/yabu-85/ChronoTrial/Content/NewCharacter/NewAnimBlueprint.uasset" 408
"C:/Users/yabu-/source/repos/yabu-85/ChronoTrial/Content/NewCharacter/NewAnimBlueprint.uexp" 409
"C:/Users/yabu-/source/repos/yabu-85/ChronoTrial/Content/NewCharacter/CameraShake/BP_AttackCameraShake2.uasset" 410
"C:/Users/yabu-/source/repos/yabu-85/ChronoTrial/Content/NewCharacter/CameraShake/BP_AttackCameraShake2.uexp" 411
"C:/Users/yabu-/source/repos/yabu-85/ChronoTrial/Content/NewCharacter/Material/surfaceShader6.uasset" 412
"C:/Users/yabu-/source/repos/yabu-85/ChronoTrial/Content/NewCharacter/Material/surfaceShader6.uexp" 413
"C:/Users/yabu-/source/repos/yabu-85/ChronoTrial/Content/NewCharacter/Material/chest_01.uasset" 414
"C:/Users/yabu-/source/repos/yabu-85/ChronoTrial/Content/NewCharacter/Material/chest_01.uexp" 415
"C:/Users/yabu-/source/repos/yabu-85/ChronoTrial/Content/NewCharacter/Material/chest_01.ubulk" 416
"C:/Users/yabu-/source/repos/yabu-85/ChronoTrial/Content/NewCharacter/Material/phong1.uasset" 417
"C:/Users/yabu-/source/repos/yabu-85/ChronoTrial/Content/NewCharacter/Material/phong1.uexp" 418
"C:/Users/yabu-/source/repos/yabu-85/ChronoTrial/Content/NewCharacter/NewChar_PhysicsAsset.uasset" 419
"C:/Users/yabu-/source/repos/yabu-85/ChronoTrial/Content/NewCharacter/NewChar_PhysicsAsset.uexp" 420
"C:/Users/yabu-/source/repos/yabu-85/ChronoTrial/Content/NewCharacter/Material/eye_R.uasset" 421
"C:/Users/yabu-/source/repos/yabu-85/ChronoTrial/Content/NewCharacter/Material/eye_R.uexp" 422
"C:/Users/yabu-/source/repos/yabu-85/ChronoTrial/Content/NewCharacter/Material/eye_R.ubulk" 423
"C:/Users/yabu-/source/repos/yabu-85/ChronoTrial/Content/NewCharacter/Material/phong5.uasset" 424
"C:/Users/yabu-/source/repos/yabu-85/ChronoTrial/Content/NewCharacter/Material/phong5.uexp" 425
"C:/Users/yabu-/source/repos/yabu-85/ChronoTrial/Content/NewCharacter/Material/eye_L.uasset" 426
"C:/Users/yabu-/source/repos/yabu-85/ChronoTrial/Content/NewCharacter/Material/eye_L.uexp" 427
"C:/Users/yabu-/source/repos/yabu-85/ChronoTrial/Content/NewCharacter/Material/eye_L.ubulk" 428
"C:/Users/yabu-/source/repos/yabu-85/ChronoTrial/Content/NewCharacter/Material/phong4.uasset" 429
"C:/Users/yabu-/source/repos/yabu-85/ChronoTrial/Content/NewCharacter/Material/phong4.uexp" 430
"C:/Users/yabu-/source/repos/yabu-85/ChronoTrial/Content/NewCharacter/Material/pants_01.uasset" 431
"C:/Users/yabu-/source/repos/yabu-85/ChronoTrial/Content/NewCharacter/Material/pants_01.uexp" 432
"C:/Users/yabu-/source/repos/yabu-85/ChronoTrial/Content/NewCharacter/Material/pants_01.ubulk" 433
"C:/Users/yabu-/source/repos/yabu-85/ChronoTrial/Content/NewCharacter/Material/phong2.uasset" 434
"C:/Users/yabu-/source/repos/yabu-85/ChronoTrial/Content/NewCharacter/Material/phong2.uexp" 435
"C:/Users/yabu-/source/repos/yabu-85/ChronoTrial/Content/NewCharacter/Material/lambert1.uasset" 436
"C:/Users/yabu-/source/repos/yabu-85/ChronoTrial/Content/NewCharacter/Material/lambert1.uexp" 437
"C:/Users/yabu-/source/repos/yabu-85/ChronoTrial/Content/NewCharacter/NewChara.uasset" 438
"C:/Users/yabu-/source/repos/yabu-85/ChronoTrial/Content/NewCharacter/NewChara.uexp" 439
"C:/Users/yabu-/source/repos/yabu-85/ChronoTrial/Content/NewCharacter/dead_Anim.uasset" 440
"C:/Users/yabu-/source/repos/yabu-85/ChronoTrial/Content/NewCharacter/dead_Anim.uexp" 441
"../../../Engine/Plugins/FX/Niagara/Content/Modules/Events/ReceiveLocationEvent.uasset" 442
"../../../Engine/Plugins/FX/Niagara/Content/Modules/Events/ReceiveLocationEvent.uexp" 443
"C:/Users/yabu-/source/repos/yabu-85/ChronoTrial/Content/NewCreateFX/effects/EnemyApp/effects/tex/i.uasset" 444
"C:/Users/yabu-/source/repos/yabu-85/ChronoTrial/Content/NewCreateFX/effects/EnemyApp/effects/tex/i.uexp" 445
"C:/Users/yabu-/source/repos/yabu-85/ChronoTrial/Content/NewCreateFX/effects/EnemyApp/effects/mat/M_EneApp4.uasset" 446
"C:/Users/yabu-/source/repos/yabu-85/ChronoTrial/Content/NewCreateFX/effects/EnemyApp/effects/mat/M_EneApp4.uexp" 447
"C:/Users/yabu-/source/repos/yabu-85/ChronoTrial/Content/NewCreateFX/effects/EnemyApp/effects/tex/ii.uasset" 448
"C:/Users/yabu-/source/repos/yabu-85/ChronoTrial/Content/NewCreateFX/effects/EnemyApp/effects/tex/ii.uexp" 449
"C:/Users/yabu-/source/repos/yabu-85/ChronoTrial/Content/NewCreateFX/effects/EnemyApp/effects/mat/M_EneApp3.uasset" 450
"C:/Users/yabu-/source/repos/yabu-85/ChronoTrial/Content/NewCreateFX/effects/EnemyApp/effects/mat/M_EneApp3.uexp" 451
"C:/Users/yabu-/source/repos/yabu-85/ChronoTrial/Content/NewCreateFX/effects/EnemyApp/effects/tex/gurade_pS.uasset" 452
"C:/Users/yabu-/source/repos/yabu-85/ChronoTrial/Content/NewCreateFX/effects/EnemyApp/effects/tex/gurade_pS.uexp" 453
"C:/Users/yabu-/source/repos/yabu-85/ChronoTrial/Content/NewCreateFX/effects/EnemyApp/effects/mat/M_Effect.uasset" 454
"C:/Users/yabu-/source/repos/yabu-85/ChronoTrial/Content/NewCreateFX/effects/EnemyApp/effects/mat/M_Effect.uexp" 455
"C:/Users/yabu-/source/repos/yabu-85/ChronoTrial/Content/NewCreateFX/effects/EnemyApp/effects/mat/M_EneApp.uasset" 456
"C:/Users/yabu-/source/repos/yabu-85/ChronoTrial/Content/NewCreateFX/effects/EnemyApp/effects/mat/M_EneApp.uexp" 457
"../../../Engine/Plugins/FX/Niagara/Content/DefaultAssets/DefaultRIbbonMaterial.uasset" 458
"../../../Engine/Plugins/FX/Niagara/Content/DefaultAssets/DefaultRIbbonMaterial.uexp" 459
"../../../Engine/Plugins/FX/Niagara/Content/Modules/Update/Position/JitterPosition.uasset" 460
"../../../Engine/Plugins/FX/Niagara/Content/Modules/Update/Position/JitterPosition.uexp" 461
"../../../Engine/Plugins/FX/Niagara/Content/Enums/Ribbons/ENiagara_UnsetDirectSet.uasset" 462
"../../../Engine/Plugins/FX/Niagara/Content/Enums/Ribbons/ENiagara_UnsetDirectSet.uexp" 463
"../../../Engine/Plugins/FX/Niagara/Content/Modules/Update/Orientation/SpriteRotationRate.uasset" 464
"../../../Engine/Plugins/FX/Niagara/Content/Modules/Update/Orientation/SpriteRotationRate.uexp" 465
"../../../Engine/Plugins/FX/Niagara/Content/Modules/Spawn/Initialization/InitializeRibbon.uasset" 466
"../../../Engine/Plugins/FX/Niagara/Content/Modules/Spawn/Initialization/InitializeRibbon.uexp" 467
"../../../Engine/Plugins/FX/Niagara/Content/DynamicInputs/ValueFromCurve/VectorFromCurve.uasset" 468
"../../../Engine/Plugins/FX/Niagara/Content/DynamicInputs/ValueFromCurve/VectorFromCurve.uexp" 469
"C:/Users/yabu-/source/repos/yabu-85/ChronoTrial/Content/NewCreateFX/effects/EnemyApp/effects/NS_EnemyApp.uasset" 470
"C:/Users/yabu-/source/repos/yabu-85/ChronoTrial/Content/NewCreateFX/effects/EnemyApp/effects/NS_EnemyApp.uexp" 471
"C:/Users/yabu-/source/repos/yabu-85/ChronoTrial/Content/Reverse/FEnemyReverseFrameData.uasset" 472
"C:/Users/yabu-/source/repos/yabu-85/ChronoTrial/Content/Reverse/FEnemyReverseFrameData.uexp" 473
"C:/Users/yabu-/source/repos/yabu-85/ChronoTrial/Content/Sounds/SE/EnemySE/SE_SpawnEnemy.uasset" 474
"C:/Users/yabu-/source/repos/yabu-85/ChronoTrial/Content/Sounds/SE/EnemySE/SE_SpawnEnemy.uexp" 475
"C:/Users/yabu-/source/repos/yabu-85/ChronoTrial/Content/Sounds/SE/EnemySE/SE_SpawnEnemy_Cue.uasset" 476
"C:/Users/yabu-/source/repos/yabu-85/ChronoTrial/Content/Sounds/SE/EnemySE/SE_SpawnEnemy_Cue.uexp" 477
"C:/Users/yabu-/source/repos/yabu-85/ChronoTrial/Content/StarterContent/Textures/T_Smoke_Tiled_D.uasset" 478
"C:/Users/yabu-/source/repos/yabu-85/ChronoTrial/Content/StarterContent/Textures/T_Smoke_Tiled_D.uexp" 479
"C:/Users/yabu-/source/repos/yabu-85/ChronoTrial/Content/StarterContent/Textures/T_Smoke_Tiled_D.ubulk" 480
"C:/Users/yabu-/source/repos/yabu-85/ChronoTrial/Content/StarterContent/Textures/T_Smoke_SubUV.uasset" 481
"C:/Users/yabu-/source/repos/yabu-85/ChronoTrial/Content/StarterContent/Textures/T_Smoke_SubUV.uexp" 482
"C:/Users/yabu-/source/repos/yabu-85/ChronoTrial/Content/StarterContent/Textures/T_Smoke_SubUV.ubulk" 483
"C:/Users/yabu-/source/repos/yabu-85/ChronoTrial/Content/StarterContent/Particles/Materials/M_smoke_subUV.uasset" 484
"C:/Users/yabu-/source/repos/yabu-85/ChronoTrial/Content/StarterContent/Particles/Materials/M_smoke_subUV.uexp" 485
"C:/Users/yabu-/source/repos/yabu-85/ChronoTrial/Content/StarterContent/Particles/P_Smoke.uasset" 486
"C:/Users/yabu-/source/repos/yabu-85/ChronoTrial/Content/StarterContent/Particles/P_Smoke.uexp" 487
"C:/Users/yabu-/source/repos/yabu-85/ChronoTrial/Content/Sounds/SE/StageSE/SE_BombExplode.uasset" 488
"C:/Users/yabu-/source/repos/yabu-85/ChronoTrial/Content/Sounds/SE/StageSE/SE_BombExplode.uexp" 489
"C:/Users/yabu-/source/repos/yabu-85/ChronoTrial/Content/Sounds/SE/StageSE/SE_BombExplode_Cue.uasset" 490
"C:/Users/yabu-/source/repos/yabu-85/ChronoTrial/Content/Sounds/SE/StageSE/SE_BombExplode_Cue.uexp" 491
"../../../Engine/Content/EngineMaterials/T_Default_Material_Grid_N.uasset" 492
"../../../Engine/Content/EngineMaterials/T_Default_Material_Grid_N.uexp" 493
"../../../Engine/Content/EngineMaterials/T_Default_Material_Grid_N.ubulk" 494
"../../../Engine/Content/EngineMaterials/T_Default_Material_Grid_M.uasset" 495
"../../../Engine/Content/EngineMaterials/T_Default_Material_Grid_M.uexp" 496
"../../../Engine/Content/EngineMaterials/T_Default_Material_Grid_M.ubulk" 497
"../../../Engine/Content/Functions/Engine_MaterialFunctions01/Opacity/CameraDepthFade.uasset" 498
"../../../Engine/Content/Functions/Engine_MaterialFunctions01/Opacity/CameraDepthFade.uexp" 499
"../../../Engine/Content/EngineMaterials/DefaultMaterial.uasset" 500
"../../../Engine/Content/EngineMaterials/DefaultMaterial.uexp" 501
"../../../Engine/Content/BasicShapes/Sphere.uasset" 502
"../../../Engine/Content/BasicShapes/Sphere.uexp" 503
"C:/Users/yabu-/source/repos/yabu-85/ChronoTrial/Content/StarterContent/Textures/T_Metal_Gold_D.uasset" 504
"C:/Users/yabu-/source/repos/yabu-85/ChronoTrial/Content/StarterContent/Textures/T_Metal_Gold_D.uexp" 505
"C:/Users/yabu-/source/repos/yabu-85/ChronoTrial/Content/StarterContent/Textures/T_Metal_Gold_D.ubulk" 506
"C:/Users/yabu-/source/repos/yabu-85/ChronoTrial/Content/StarterContent/Textures/T_Metal_Gold_N.uasset" 507
"C:/Users/yabu-/source/repos/yabu-85/ChronoTrial/Content/StarterContent/Textures/T_Metal_Gold_N.uexp" 508
"C:/Users/yabu-/source/repos/yabu-85/ChronoTrial/Content/StarterContent/Textures/T_Metal_Gold_N.ubulk" 509
"C:/Users/yabu-/source/repos/yabu-85/ChronoTrial/Content/StarterContent/Textures/T_MacroVariation.uasset" 510
"C:/Users/yabu-/source/repos/yabu-85/ChronoTrial/Content/StarterContent/Textures/T_MacroVariation.uexp" 511
"C:/Users/yabu-/source/repos/yabu-85/ChronoTrial/Content/StarterContent/Materials/M_Metal_Gold.uasset" 512
"C:/Users/yabu-/source/repos/yabu-85/ChronoTrial/Content/StarterContent/Materials/M_Metal_Gold.uexp" 513
"../../../Engine/Content/Functions/Engine_MaterialFunctions01/Gradient/RadialGradient.uasset" 514
"../../../Engine/Content/Functions/Engine_MaterialFunctions01/Gradient/RadialGradient.uexp" 515
"C:/Users/yabu-/source/repos/yabu-85/ChronoTrial/Content/StarterContent/Particles/Materials/M_radial_ramp.uasset" 516
"C:/Users/yabu-/source/repos/yabu-85/ChronoTrial/Content/StarterContent/Particles/Materials/M_radial_ramp.uexp" 517
"C:/Users/yabu-/source/repos/yabu-85/ChronoTrial/Content/StarterContent/Particles/Materials/m_flare_01.uasset" 518
"C:/Users/yabu-/source/repos/yabu-85/ChronoTrial/Content/StarterContent/Particles/Materials/m_flare_01.uexp" 519
"C:/Users/yabu-/source/repos/yabu-85/ChronoTrial/Content/StarterContent/Textures/T_Explosion_SubUV.uasset" 520
"C:/Users/yabu-/source/repos/yabu-85/ChronoTrial/Content/StarterContent/Textures/T_Explosion_SubUV.uexp" 521
"C:/Users/yabu-/source/repos/yabu-85/ChronoTrial/Content/StarterContent/Textures/T_Explosion_SubUV.ubulk" 522
"C:/Users/yabu-/source/repos/yabu-85/ChronoTrial/Content/StarterContent/Particles/Materials/M_explosion_subUV.uasset" 523
"C:/Users/yabu-/source/repos/yabu-85/ChronoTrial/Content/StarterContent/Particles/Materials/M_explosion_subUV.uexp" 524
"C:/Users/yabu-/source/repos/yabu-85/ChronoTrial/Content/StarterContent/Textures/T_Burst_M.uasset" 525
"C:/Users/yabu-/source/repos/yabu-85/ChronoTrial/Content/StarterContent/Textures/T_Burst_M.uexp" 526
"C:/Users/yabu-/source/repos/yabu-85/ChronoTrial/Content/StarterContent/Textures/T_Burst_M.ubulk" 527
"C:/Users/yabu-/source/repos/yabu-85/ChronoTrial/Content/StarterContent/Particles/Materials/M_Burst.uasset" 528
"C:/Users/yabu-/source/repos/yabu-85/ChronoTrial/Content/StarterContent/Particles/Materials/M_Burst.uexp" 529
"C:/Users/yabu-/source/repos/yabu-85/ChronoTrial/Content/StarterContent/Particles/P_Explosion.uasset" 530
"C:/Users/yabu-/source/repos/yabu-85/ChronoTrial/Content/StarterContent/Particles/P_Explosion.uexp" 531
"C:/Users/yabu-/source/repos/yabu-85/ChronoTrial/Content/ExplodeObject/BP_Bomb.uasset" 532
"C:/Users/yabu-/source/repos/yabu-85/ChronoTrial/Content/ExplodeObject/BP_Bomb.uexp" 533
"C:/Users/yabu-/source/repos/yabu-85/ChronoTrial/Content/ExplodeObject/BP_BombSpawner.uasset" 534
"C:/Users/yabu-/source/repos/yabu-85/ChronoTrial/Content/ExplodeObject/BP_BombSpawner.uexp" 535
"../../../Engine/Content/EngineMaterials/WorldGridMaterial.uasset" 536
"../../../Engine/Content/EngineMaterials/WorldGridMaterial.uexp" 537
"../../../Engine/Content/BasicShapes/Cube.uasset" 538
"../../../Engine/Content/BasicShapes/Cube.uexp" 539
"C:/Users/yabu-/source/repos/yabu-85/ChronoTrial/Content/RoomCheckObjectBP/CloseDoorBP.uasset" 540
"C:/Users/yabu-/source/repos/yabu-85/ChronoTrial/Content/RoomCheckObjectBP/CloseDoorBP.uexp" 541
"C:/Users/yabu-/source/repos/yabu-85/ChronoTrial/Content/RoomCheckObjectBP/TriggerBoxInsideNew.uasset" 542
"C:/Users/yabu-/source/repos/yabu-85/ChronoTrial/Content/RoomCheckObjectBP/TriggerBoxInsideNew.uexp" 543
"C:/Users/yabu-/source/repos/yabu-85/ChronoTrial/Content/RoomCheckObjectBP/MT_Incomplete.uasset" 544
"C:/Users/yabu-/source/repos/yabu-85/ChronoTrial/Content/RoomCheckObjectBP/MT_Incomplete.uexp" 545
"C:/Users/yabu-/source/repos/yabu-85/ChronoTrial/Content/RoomCheckObjectBP/MT_Complletion.uasset" 546
"C:/Users/yabu-/source/repos/yabu-85/ChronoTrial/Content/RoomCheckObjectBP/MT_Complletion.uexp" 547
"C:/Users/yabu-/source/repos/yabu-85/ChronoTrial/Content/RoomCheckObjectBP/StageLamp.uasset" 548
"C:/Users/yabu-/source/repos/yabu-85/ChronoTrial/Content/RoomCheckObjectBP/StageLamp.uexp" 549
"C:/Users/yabu-/source/repos/yabu-85/ChronoTrial/Content/Geometry/Meshes/CubeMaterial.uasset" 550
"C:/Users/yabu-/source/repos/yabu-85/ChronoTrial/Content/Geometry/Meshes/CubeMaterial.uexp" 551
"C:/Users/yabu-/source/repos/yabu-85/ChronoTrial/Content/RoomCheckObjectBP/LocationPinMesh.uasset" 552
"C:/Users/yabu-/source/repos/yabu-85/ChronoTrial/Content/RoomCheckObjectBP/LocationPinMesh.uexp" 553
"C:/Users/yabu-/source/repos/yabu-85/ChronoTrial/Content/StageModel/Boss/Close_Base_color_1002.uasset" 554
"C:/Users/yabu-/source/repos/yabu-85/ChronoTrial/Content/StageModel/Boss/Close_Base_color_1002.uexp" 555
"C:/Users/yabu-/source/repos/yabu-85/ChronoTrial/Content/StageModel/Boss/Close_Base_color_1002.ubulk" 556
"C:/Users/yabu-/source/repos/yabu-85/ChronoTrial/Content/Enemy/Model/Texture/Close_Roughness_1001_1.uasset" 557
"C:/Users/yabu-/source/repos/yabu-85/ChronoTrial/Content/Enemy/Model/Texture/Close_Roughness_1001_1.uexp" 558
"C:/Users/yabu-/source/repos/yabu-85/ChronoTrial/Content/Enemy/Model/Texture/Close_Roughness_1001_1.ubulk" 559
"C:/Users/yabu-/source/repos/yabu-85/ChronoTrial/Content/Enemy/Model/Texture/Close_NormalMap.uasset" 560
"C:/Users/yabu-/source/repos/yabu-85/ChronoTrial/Content/Enemy/Model/Texture/Close_NormalMap.uexp" 561
"C:/Users/yabu-/source/repos/yabu-85/ChronoTrial/Content/Enemy/Model/Texture/Close_NormalMap.ubulk" 562
"C:/Users/yabu-/source/repos/yabu-85/ChronoTrial/Content/Enemy/Model/Texture/Close_Metallic_1001_1.uasset" 563
"C:/Users/yabu-/source/repos/yabu-85/ChronoTrial/Content/Enemy/Model/Texture/Close_Metallic_1001_1.uexp" 564
"C:/Users/yabu-/source/repos/yabu-85/ChronoTrial/Content/Enemy/Model/Texture/Close_Metallic_1001_1.ubulk" 565
"../../../Engine/Content/MaterialTemplates/Textures/T_Noise01.uasset" 566
"../../../Engine/Content/MaterialTemplates/Textures/T_Noise01.uexp" 567
"../../../Engine/Content/MaterialTemplates/Textures/T_Noise01.ubulk" 568
"C:/Users/yabu-/source/repos/yabu-85/ChronoTrial/Content/Enemy/Model/Material/MT_Dissolve.uasset" 569
"C:/Users/yabu-/source/repos/yabu-85/ChronoTrial/Content/Enemy/Model/Material/MT_Dissolve.uexp" 570
"C:/Users/yabu-/source/repos/yabu-85/ChronoTrial/Content/Enemy/Model/Material/Enemy1.uasset" 571
"C:/Users/yabu-/source/repos/yabu-85/ChronoTrial/Content/Enemy/Model/Material/Enemy1.uexp" 572
"C:/Users/yabu-/source/repos/yabu-85/ChronoTrial/Content/RoomCheckObjectBP/LocationPin.uasset" 573
"C:/Users/yabu-/source/repos/yabu-85/ChronoTrial/Content/RoomCheckObjectBP/LocationPin.uexp" 574
"C:/Users/yabu-/source/repos/yabu-85/ChronoTrial/Content/StageModel/Boss/objctotextu.uasset" 575
"C:/Users/yabu-/source/repos/yabu-85/ChronoTrial/Content/StageModel/Boss/objctotextu.uexp" 576
"C:/Users/yabu-/source/repos/yabu-85/ChronoTrial/Content/StageModel/Boss/obj6.uasset" 577
"C:/Users/yabu-/source/repos/yabu-85/ChronoTrial/Content/StageModel/Boss/obj6.uexp" 578
"C:/Users/yabu-/source/repos/yabu-85/ChronoTrial/Content/StageModel/Boss/Boss_polySurface327.uasset" 579
"C:/Users/yabu-/source/repos/yabu-85/ChronoTrial/Content/StageModel/Boss/Boss_polySurface327.uexp" 580
"C:/Users/yabu-/source/repos/yabu-85/ChronoTrial/Content/StageModel/Boss/Boss_polySurface324.uasset" 581
"C:/Users/yabu-/source/repos/yabu-85/ChronoTrial/Content/StageModel/Boss/Boss_polySurface324.uexp" 582
"C:/Users/yabu-/source/repos/yabu-85/ChronoTrial/Content/RoomCheckObjectBP/CloseBossDoorBP.uasset" 583
"C:/Users/yabu-/source/repos/yabu-85/ChronoTrial/Content/RoomCheckObjectBP/CloseBossDoorBP.uexp" 584
"C:/Users/yabu-/source/repos/yabu-85/ChronoTrial/Content/Sounds/SE/BossSE/SE_BossUltimateChargeing.uasset" 585
"C:/Users/yabu-/source/repos/yabu-85/ChronoTrial/Content/Sounds/SE/BossSE/SE_BossUltimateChargeing.uexp" 586
"C:/Users/yabu-/source/repos/yabu-85/ChronoTrial/Content/Sounds/SE/BossSE/SE_BossUltimateChargeing_Cue.uasset" 587
"C:/Users/yabu-/source/repos/yabu-85/ChronoTrial/Content/Sounds/SE/BossSE/SE_BossUltimateChargeing_Cue.uexp" 588
"C:/Users/yabu-/source/repos/yabu-85/ChronoTrial/Content/Sounds/SE/BossSE/SE_BossAttackSummon.uasset" 589
"C:/Users/yabu-/source/repos/yabu-85/ChronoTrial/Content/Sounds/SE/BossSE/SE_BossAttackSummon.uexp" 590
"C:/Users/yabu-/source/repos/yabu-85/ChronoTrial/Content/Sounds/SE/BossSE/SE_BossAttackSummon_Cue.uasset" 591
"C:/Users/yabu-/source/repos/yabu-85/ChronoTrial/Content/Sounds/SE/BossSE/SE_BossAttackSummon_Cue.uexp" 592
"C:/Users/yabu-/source/repos/yabu-85/ChronoTrial/Content/Sounds/SE/BossSE/SE_BossAttackRing.uasset" 593
"C:/Users/yabu-/source/repos/yabu-85/ChronoTrial/Content/Sounds/SE/BossSE/SE_BossAttackRing.uexp" 594
"C:/Users/yabu-/source/repos/yabu-85/ChronoTrial/Content/Sounds/SE/BossSE/SE_BossAttackRing_Cue.uasset" 595
"C:/Users/yabu-/source/repos/yabu-85/ChronoTrial/Content/Sounds/SE/BossSE/SE_BossAttackRing_Cue.uexp" 596
"C:/Users/yabu-/source/repos/yabu-85/ChronoTrial/Content/Enemy/EnemyBoss/Model/pipes.uasset" 597
"C:/Users/yabu-/source/repos/yabu-85/ChronoTrial/Content/Enemy/EnemyBoss/Model/pipes.uexp" 598
"C:/Users/yabu-/source/repos/yabu-85/ChronoTrial/Content/Enemy/EnemyBoss/Model/frame_body.uasset" 599
"C:/Users/yabu-/source/repos/yabu-85/ChronoTrial/Content/Enemy/EnemyBoss/Model/frame_body.uexp" 600
"C:/Users/yabu-/source/repos/yabu-85/ChronoTrial/Content/Enemy/EnemyBoss/Model/reactor_reactor_pipes.uasset" 601
"C:/Users/yabu-/source/repos/yabu-85/ChronoTrial/Content/Enemy/EnemyBoss/Model/reactor_reactor_pipes.uexp" 602
"C:/Users/yabu-/source/repos/yabu-85/ChronoTrial/Content/Enemy/EnemyBoss/Model/glass.uasset" 603
"C:/Users/yabu-/source/repos/yabu-85/ChronoTrial/Content/Enemy/EnemyBoss/Model/glass.uexp" 604
"C:/Users/yabu-/source/repos/yabu-85/ChronoTrial/Content/Enemy/EnemyBoss/Model/reactor_reactor_glass.uasset" 605
"C:/Users/yabu-/source/repos/yabu-85/ChronoTrial/Content/Enemy/EnemyBoss/Model/reactor_reactor_glass.uexp" 606
"C:/Users/yabu-/source/repos/yabu-85/ChronoTrial/Content/Enemy/EnemyBoss/Model/reactor_body.uasset" 607
"C:/Users/yabu-/source/repos/yabu-85/ChronoTrial/Content/Enemy/EnemyBoss/Model/reactor_body.uexp" 608
"C:/Users/yabu-/source/repos/yabu-85/ChronoTrial/Content/Enemy/EnemyBoss/Model/frame_light.uasset" 609
"C:/Users/yabu-/source/repos/yabu-85/ChronoTrial/Content/Enemy/EnemyBoss/Model/frame_light.uexp" 610
"C:/Users/yabu-/source/repos/yabu-85/ChronoTrial/Content/Enemy/EnemyBoss/Model/reactor_reactor_body.uasset" 611
"C:/Users/yabu-/source/repos/yabu-85/ChronoTrial/Content/Enemy/EnemyBoss/Model/reactor_reactor_body.uexp" 612
"C:/Users/yabu-/source/repos/yabu-85/ChronoTrial/Content/Enemy/EnemyBoss/HealthBar/UI_HP_Enemy_frame.uasset" 613
"C:/Users/yabu-/source/repos/yabu-85/ChronoTrial/Content/Enemy/EnemyBoss/HealthBar/UI_HP_Enemy_frame.uexp" 614
"C:/Users/yabu-/source/repos/yabu-85/ChronoTrial/Content/Enemy/EnemyBoss/HealthBar/UI_HP_Enemy.uasset" 615
"C:/Users/yabu-/source/repos/yabu-85/ChronoTrial/Content/Enemy/EnemyBoss/HealthBar/UI_HP_Enemy.uexp" 616
"C:/Users/yabu-/source/repos/yabu-85/ChronoTrial/Content/Enemy/EnemyBoss/HealthBar/WBP_BossHealthBar.uasset" 617
"C:/Users/yabu-/source/repos/yabu-85/ChronoTrial/Content/Enemy/EnemyBoss/HealthBar/WBP_BossHealthBar.uexp" 618
"C:/Users/yabu-/source/repos/yabu-85/ChronoTrial/Content/Reverse/FBossEnemyReverseFrameData.uasset" 619
"C:/Users/yabu-/source/repos/yabu-85/ChronoTrial/Content/Reverse/FBossEnemyReverseFrameData.uexp" 620
"C:/Users/yabu-/source/repos/yabu-85/ChronoTrial/Content/Reverse/UBossEnemyReverseTimeComponent.uasset" 621
"C:/Users/yabu-/source/repos/yabu-85/ChronoTrial/Content/Reverse/UBossEnemyReverseTimeComponent.uexp" 622
"C:/Users/yabu-/source/repos/yabu-85/ChronoTrial/Content/Enemy/Spawner/SpawnTable.uasset" 623
"C:/Users/yabu-/source/repos/yabu-85/ChronoTrial/Content/Enemy/Spawner/SpawnTable.uexp" 624
"C:/Users/yabu-/source/repos/yabu-85/ChronoTrial/Content/Enemy/EnemyBoss/Spawner/BossSpawner.uasset" 625
"C:/Users/yabu-/source/repos/yabu-85/ChronoTrial/Content/Enemy/EnemyBoss/Spawner/BossSpawner.uexp" 626
"C:/Users/yabu-/source/repos/yabu-85/ChronoTrial/Content/StarterContent/Materials/M_Basic_Wall.uasset" 627
"C:/Users/yabu-/source/repos/yabu-85/ChronoTrial/Content/StarterContent/Materials/M_Basic_Wall.uexp" 628
"C:/Users/yabu-/source/repos/yabu-85/ChronoTrial/Content/StarterContent/Shapes/Shape_Cylinder.uasset" 629
"C:/Users/yabu-/source/repos/yabu-85/ChronoTrial/Content/StarterContent/Shapes/Shape_Cylinder.uexp" 630
"../../../Engine/Content/Functions/Engine_MaterialFunctions01/Density/ExponentialDensity.uasset" 631
"../../../Engine/Content/Functions/Engine_MaterialFunctions01/Density/ExponentialDensity.uexp" 632
"../../../Engine/Content/Functions/Engine_MaterialFunctions01/Gradient/RadialGradientExponential.uasset" 633
"../../../Engine/Content/Functions/Engine_MaterialFunctions01/Gradient/RadialGradientExponential.uexp" 634
"C:/Users/yabu-/source/repos/yabu-85/ChronoTrial/Content/Enemy/EnemyBoss/BossRing/M_RingCircleEnd.uasset" 635
"C:/Users/yabu-/source/repos/yabu-85/ChronoTrial/Content/Enemy/EnemyBoss/BossRing/M_RingCircleEnd.uexp" 636
"C:/Users/yabu-/source/repos/yabu-85/ChronoTrial/Content/Enemy/EnemyBoss/BossRing/M_RingCircleEnd_Inst.uasset" 637
"C:/Users/yabu-/source/repos/yabu-85/ChronoTrial/Content/Enemy/EnemyBoss/BossRing/M_RingCircleEnd_Inst.uexp" 638
"C:/Users/yabu-/source/repos/yabu-85/ChronoTrial/Content/Reverse/FBossRingReverseFrameData.uasset" 639
"C:/Users/yabu-/source/repos/yabu-85/ChronoTrial/Content/Reverse/FBossRingReverseFrameData.uexp" 640
"C:/Users/yabu-/source/repos/yabu-85/ChronoTrial/Content/Reverse/UBossRingReverseTimeComponent.uasset" 641
"C:/Users/yabu-/source/repos/yabu-85/ChronoTrial/Content/Reverse/UBossRingReverseTimeComponent.uexp" 642
"C:/Users/yabu-/source/repos/yabu-85/ChronoTrial/Content/Enemy/EnemyBoss/BossRing/BP_BossRing.uasset" 643
"C:/Users/yabu-/source/repos/yabu-85/ChronoTrial/Content/Enemy/EnemyBoss/BossRing/BP_BossRing.uexp" 644
"C:/Users/yabu-/source/repos/yabu-85/ChronoTrial/Content/Sounds/SE/BossSE/SE_BossAttackExplode.uasset" 645
"C:/Users/yabu-/source/repos/yabu-85/ChronoTrial/Content/Sounds/SE/BossSE/SE_BossAttackExplode.uexp" 646
"C:/Users/yabu-/source/repos/yabu-85/ChronoTrial/Content/Sounds/SE/BossSE/SE_BossAttackExplode_Cue.uasset" 647
"C:/Users/yabu-/source/repos/yabu-85/ChronoTrial/Content/Sounds/SE/BossSE/SE_BossAttackExplode_Cue.uexp" 648
"../../../Engine/Content/Functions/Engine_MaterialFunctions02/Math/TimeWithSpeedVariable.uasset" 649
"../../../Engine/Content/Functions/Engine_MaterialFunctions02/Math/TimeWithSpeedVariable.uexp" 650
"C:/Users/yabu-/source/repos/yabu-85/ChronoTrial/Content/Enemy/EnemyBoss/BossBomb/M_ExplodeCircleEnd.uasset" 651
"C:/Users/yabu-/source/repos/yabu-85/ChronoTrial/Content/Enemy/EnemyBoss/BossBomb/M_ExplodeCircleEnd.uexp" 652
"C:/Users/yabu-/source/repos/yabu-85/ChronoTrial/Content/Enemy/EnemyBoss/BossBomb/M_ExplodeCircleEnd_Inst.uasset" 653
"C:/Users/yabu-/source/repos/yabu-85/ChronoTrial/Content/Enemy/EnemyBoss/BossBomb/M_ExplodeCircleEnd_Inst.uexp" 654
"C:/Users/yabu-/source/repos/yabu-85/ChronoTrial/Content/Enemy/EnemyBoss/BossBomb/M_ExplodeCircleCurrent.uasset" 655
"C:/Users/yabu-/source/repos/yabu-85/ChronoTrial/Content/Enemy/EnemyBoss/BossBomb/M_ExplodeCircleCurrent.uexp" 656
"C:/Users/yabu-/source/repos/yabu-85/ChronoTrial/Content/Enemy/EnemyBoss/BossBomb/M_ExplodeCircleCurrent_Inst.uasset" 657
"C:/Users/yabu-/source/repos/yabu-85/ChronoTrial/Content/Enemy/EnemyBoss/BossBomb/M_ExplodeCircleCurrent_Inst.uexp" 658
"C:/Users/yabu-/source/repos/yabu-85/ChronoTrial/Content/Reverse/FBossBombReverseFrameData.uasset" 659
"C:/Users/yabu-/source/repos/yabu-85/ChronoTrial/Content/Reverse/FBossBombReverseFrameData.uexp" 660
"C:/Users/yabu-/source/repos/yabu-85/ChronoTrial/Content/Reverse/UBossBombReverseTimeComponent.uasset" 661
"C:/Users/yabu-/source/repos/yabu-85/ChronoTrial/Content/Reverse/UBossBombReverseTimeComponent.uexp" 662
"C:/Users/yabu-/source/repos/yabu-85/ChronoTrial/Content/Enemy/EnemyBoss/BossBomb/BP_BossBomb.uasset" 663
"C:/Users/yabu-/source/repos/yabu-85/ChronoTrial/Content/Enemy/EnemyBoss/BossBomb/BP_BossBomb.uexp" 664
"C:/Users/yabu-/source/repos/yabu-85/ChronoTrial/Content/Sounds/SE/BossSE/SE_BossAttackExplodeChargeing.uasset" 665
"C:/Users/yabu-/source/repos/yabu-85/ChronoTrial/Content/Sounds/SE/BossSE/SE_BossAttackExplodeChargeing.uexp" 666
"C:/Users/yabu-/source/repos/yabu-85/ChronoTrial/Content/Sounds/SE/BossSE/SE_BossAttackExplodeChargeing_Cue.uasset" 667
"C:/Users/yabu-/source/repos/yabu-85/ChronoTrial/Content/Sounds/SE/BossSE/SE_BossAttackExplodeChargeing_Cue.uexp" 668
"C:/Users/yabu-/source/repos/yabu-85/ChronoTrial/Content/StarterContent/Shapes/Shape_Pipe.uasset" 669
"C:/Users/yabu-/source/repos/yabu-85/ChronoTrial/Content/StarterContent/Shapes/Shape_Pipe.uexp" 670
"C:/Users/yabu-/source/repos/yabu-85/ChronoTrial/Content/Sounds/SE/BossSE/SE_BossAttackBeam.uasset" 671
"C:/Users/yabu-/source/repos/yabu-85/ChronoTrial/Content/Sounds/SE/BossSE/SE_BossAttackBeam.uexp" 672
"C:/Users/yabu-/source/repos/yabu-85/ChronoTrial/Content/Sounds/SE/BossSE/SE_BossAttackBeam_Cue.uasset" 673
"C:/Users/yabu-/source/repos/yabu-85/ChronoTrial/Content/Sounds/SE/BossSE/SE_BossAttackBeam_Cue.uexp" 674
"C:/Users/yabu-/source/repos/yabu-85/ChronoTrial/Content/Enemy/EnemyBoss/BossBeam/New/tex/TechCircle2_A.uasset" 675
"C:/Users/yabu-/source/repos/yabu-85/ChronoTrial/Content/Enemy/EnemyBoss/BossBeam/New/tex/TechCircle2_A.uexp" 676
"C:/Users/yabu-/source/repos/yabu-85/ChronoTrial/Content/Enemy/EnemyBoss/BossBeam/New/tex/TechCircle2_A.ubulk" 677
"C:/Users/yabu-/source/repos/yabu-85/ChronoTrial/Content/Enemy/EnemyBoss/BossBeam/New/tex/white_RGB.uasset" 678
"C:/Users/yabu-/source/repos/yabu-85/ChronoTrial/Content/Enemy/EnemyBoss/BossBeam/New/tex/white_RGB.uexp" 679
"C:/Users/yabu-/source/repos/yabu-85/ChronoTrial/Content/Enemy/EnemyBoss/BossBeam/New/tex/white_A.uasset" 680
"C:/Users/yabu-/source/repos/yabu-85/ChronoTrial/Content/Enemy/EnemyBoss/BossBeam/New/tex/white_A.uexp" 681
"C:/Users/yabu-/source/repos/yabu-85/ChronoTrial/Content/Enemy/EnemyBoss/BossBeam/New/mat/M_Effect.uasset" 682
"C:/Users/yabu-/source/repos/yabu-85/ChronoTrial/Content/Enemy/EnemyBoss/BossBeam/New/mat/M_Effect.uexp" 683
"C:/Users/yabu-/source/repos/yabu-85/ChronoTrial/Content/Enemy/EnemyBoss/BossBeam/New/mat/M_Enemy_Cir3.uasset" 684
"C:/Users/yabu-/source/repos/yabu-85/ChronoTrial/Content/Enemy/EnemyBoss/BossBeam/New/mat/M_Enemy_Cir3.uexp" 685
"C:/Users/yabu-/source/repos/yabu-85/ChronoTrial/Content/Enemy/EnemyBoss/BossBeam/New/tex/TechCircle.uasset" 686
"C:/Users/yabu-/source/repos/yabu-85/ChronoTrial/Content/Enemy/EnemyBoss/BossBeam/New/tex/TechCircle.uexp" 687
"C:/Users/yabu-/source/repos/yabu-85/ChronoTrial/Content/Enemy/EnemyBoss/BossBeam/New/tex/TechCircle.ubulk" 688
"C:/Users/yabu-/source/repos/yabu-85/ChronoTrial/Content/Enemy/EnemyBoss/BossBeam/New/mat/M_Beam_Cir1.uasset" 689
"C:/Users/yabu-/source/repos/yabu-85/ChronoTrial/Content/Enemy/EnemyBoss/BossBeam/New/mat/M_Beam_Cir1.uexp" 690
"C:/Users/yabu-/source/repos/yabu-85/ChronoTrial/Content/Enemy/EnemyBoss/BossBeam/New/tex/Barrier_Noise.uasset" 691
"C:/Users/yabu-/source/repos/yabu-85/ChronoTrial/Content/Enemy/EnemyBoss/BossBeam/New/tex/Barrier_Noise.uexp" 692
"C:/Users/yabu-/source/repos/yabu-85/ChronoTrial/Content/Enemy/EnemyBoss/BossBeam/New/tex/Barrier_Noise.ubulk" 693
"../../../Engine/Content/Functions/Engine_MaterialFunctions02/Utility/AppendMany.uasset" 694
"../../../Engine/Content/Functions/Engine_MaterialFunctions02/Utility/AppendMany.uexp" 695
"C:/Users/yabu-/source/repos/yabu-85/ChronoTrial/Content/Enemy/EnemyBoss/BossBeam/New/mat/M_EnemyBeam_D1.uasset" 696
"C:/Users/yabu-/source/repos/yabu-85/ChronoTrial/Content/Enemy/EnemyBoss/BossBeam/New/mat/M_EnemyBeam_D1.uexp" 697
"C:/Users/yabu-/source/repos/yabu-85/ChronoTrial/Content/Enemy/EnemyBoss/BossBeam/New/tex/C_3.uasset" 698
"C:/Users/yabu-/source/repos/yabu-85/ChronoTrial/Content/Enemy/EnemyBoss/BossBeam/New/tex/C_3.uexp" 699
"C:/Users/yabu-/source/repos/yabu-85/ChronoTrial/Content/Enemy/EnemyBoss/BossBeam/New/mat/M_EnemyBeam_D.uasset" 700
"C:/Users/yabu-/source/repos/yabu-85/ChronoTrial/Content/Enemy/EnemyBoss/BossBeam/New/mat/M_EnemyBeam_D.uexp" 701
"C:/Users/yabu-/source/repos/yabu-85/ChronoTrial/Content/Enemy/EnemyBoss/BossBeam/New/gurade.uasset" 702
"C:/Users/yabu-/source/repos/yabu-85/ChronoTrial/Content/Enemy/EnemyBoss/BossBeam/New/gurade.uexp" 703
"C:/Users/yabu-/source/repos/yabu-85/ChronoTrial/Content/Enemy/EnemyBoss/BossBeam/New/mat/M_EnemyBeam_Aura.uasset" 704
"C:/Users/yabu-/source/repos/yabu-85/ChronoTrial/Content/Enemy/EnemyBoss/BossBeam/New/mat/M_EnemyBeam_Aura.uexp" 705
"C:/Users/yabu-/source/repos/yabu-85/ChronoTrial/Content/Enemy/EnemyBoss/BossBeam/New/Beam_oura.uasset" 706
"C:/Users/yabu-/source/repos/yabu-85/ChronoTrial/Content/Enemy/EnemyBoss/BossBeam/New/Beam_oura.uexp" 707
"C:/Users/yabu-/source/repos/yabu-85/ChronoTrial/Content/Enemy/EnemyBoss/BossBeam/New/mat/M_Enemy_gra.uasset" 708
"C:/Users/yabu-/source/repos/yabu-85/ChronoTrial/Content/Enemy/EnemyBoss/BossBeam/New/mat/M_Enemy_gra.uexp" 709
"C:/Users/yabu-/source/repos/yabu-85/ChronoTrial/Content/Enemy/EnemyBoss/BossBeam/New/Beam.uasset" 710
"C:/Users/yabu-/source/repos/yabu-85/ChronoTrial/Content/Enemy/EnemyBoss/BossBeam/New/Beam.uexp" 711
"../../../Engine/Plugins/FX/Niagara/Content/Enums/ENiagaraTorusMode.uasset" 712
"../../../Engine/Plugins/FX/Niagara/Content/Enums/ENiagaraTorusMode.uexp" 713
"../../../Engine/Plugins/FX/Niagara/Content/Enums/ENiagaraTorusDistributionMode.uasset" 714
"../../../Engine/Plugins/FX/Niagara/Content/Enums/ENiagaraTorusDistributionMode.uexp" 715
"../../../Engine/Plugins/FX/Niagara/Content/Modules/Update/Size/ScaleMeshSize.uasset" 716
"../../../Engine/Plugins/FX/Niagara/Content/Modules/Update/Size/ScaleMeshSize.uexp" 717
"../../../Engine/Plugins/FX/Niagara/Content/Modules/Update/Material/DynamicMaterialParameters.uasset" 718
"../../../Engine/Plugins/FX/Niagara/Content/Modules/Update/Material/DynamicMaterialParameters.uexp" 719
"../../../Engine/Plugins/FX/Niagara/Content/Modules/Spawn/Velocity/AddVelocity.uasset" 720
"../../../Engine/Plugins/FX/Niagara/Content/Modules/Spawn/Velocity/AddVelocity.uexp" 721
"../../../Engine/Plugins/FX/Niagara/Content/Functions/RandomRange.uasset" 722
"../../../Engine/Plugins/FX/Niagara/Content/Functions/RandomRange.uexp" 723
"../../../Engine/Plugins/FX/Niagara/Content/Functions/PolarToCartesianCoordinates.uasset" 724
"../../../Engine/Plugins/FX/Niagara/Content/Functions/PolarToCartesianCoordinates.uexp" 725
"../../../Engine/Plugins/FX/Niagara/Content/Functions/ParametricTorusKnot.uasset" 726
"../../../Engine/Plugins/FX/Niagara/Content/Functions/ParametricTorusKnot.uexp" 727
"../../../Engine/Plugins/FX/Niagara/Content/Functions/ParametricTorus.uasset" 728
"../../../Engine/Plugins/FX/Niagara/Content/Functions/ParametricTorus.uexp" 729
"../../../Engine/Plugins/FX/Niagara/Content/Functions/Rotation/AxisAngleToQuaternion.uasset" 730
"../../../Engine/Plugins/FX/Niagara/Content/Functions/Rotation/AxisAngleToQuaternion.uexp" 731
"../../../Engine/Plugins/FX/Niagara/Content/Functions/Rotation/FindQuatBetween.uasset" 732
"../../../Engine/Plugins/FX/Niagara/Content/Functions/Rotation/FindQuatBetween.uexp" 733
"../../../Engine/Plugins/FX/Niagara/Content/Modules/Spawn/Location/TorusLocation.uasset" 734
"../../../Engine/Plugins/FX/Niagara/Content/Modules/Spawn/Location/TorusLocation.uexp" 735
"C:/Users/yabu-/source/repos/yabu-85/ChronoTrial/Content/Enemy/EnemyBoss/BossBeam/New/NS_Enemy_Beam.uasset" 736
"C:/Users/yabu-/source/repos/yabu-85/ChronoTrial/Content/Enemy/EnemyBoss/BossBeam/New/NS_Enemy_Beam.uexp" 737
"C:/Users/yabu-/source/repos/yabu-85/ChronoTrial/Content/Enemy/EnemyBoss/BossBeam/M_BeamCircleEnd.uasset" 738
"C:/Users/yabu-/source/repos/yabu-85/ChronoTrial/Content/Enemy/EnemyBoss/BossBeam/M_BeamCircleEnd.uexp" 739
"C:/Users/yabu-/source/repos/yabu-85/ChronoTrial/Content/Enemy/EnemyBoss/BossBeam/M_BeamCircleEnd_Inst.uasset" 740
"C:/Users/yabu-/source/repos/yabu-85/ChronoTrial/Content/Enemy/EnemyBoss/BossBeam/M_BeamCircleEnd_Inst.uexp" 741
"C:/Users/yabu-/source/repos/yabu-85/ChronoTrial/Content/Enemy/EnemyBoss/BossBeam/M_BeamCircleCurrent.uasset" 742
"C:/Users/yabu-/source/repos/yabu-85/ChronoTrial/Content/Enemy/EnemyBoss/BossBeam/M_BeamCircleCurrent.uexp" 743
"C:/Users/yabu-/source/repos/yabu-85/ChronoTrial/Content/Enemy/EnemyBoss/BossBeam/M_BeamCircleCurrent_Inst.uasset" 744
"C:/Users/yabu-/source/repos/yabu-85/ChronoTrial/Content/Enemy/EnemyBoss/BossBeam/M_BeamCircleCurrent_Inst.uexp" 745
"C:/Users/yabu-/source/repos/yabu-85/ChronoTrial/Content/Enemy/EnemyBoss/BossBeam/MT_Beam.uasset" 746
"C:/Users/yabu-/source/repos/yabu-85/ChronoTrial/Content/Enemy/EnemyBoss/BossBeam/MT_Beam.uexp" 747
"C:/Users/yabu-/source/repos/yabu-85/ChronoTrial/Content/Reverse/FBossBeamReverseFrameData.uasset" 748
"C:/Users/yabu-/source/repos/yabu-85/ChronoTrial/Content/Reverse/FBossBeamReverseFrameData.uexp" 749
"C:/Users/yabu-/source/repos/yabu-85/ChronoTrial/Content/Reverse/UBossBeamReverseTimeComponent.uasset" 750
"C:/Users/yabu-/source/repos/yabu-85/ChronoTrial/Content/Reverse/UBossBeamReverseTimeComponent.uexp" 751
"C:/Users/yabu-/source/repos/yabu-85/ChronoTrial/Content/Enemy/EnemyBoss/BossBeam/BossBeam_2.uasset" 752
"C:/Users/yabu-/source/repos/yabu-85/ChronoTrial/Content/Enemy/EnemyBoss/BossBeam/BossBeam_2.uexp" 753
"C:/Users/yabu-/source/repos/yabu-85/ChronoTrial/Content/Enemy/EnemyBoss/Spawner/NewMacroLibrary.uasset" 754
"C:/Users/yabu-/source/repos/yabu-85/ChronoTrial/Content/Enemy/EnemyBoss/Spawner/NewMacroLibrary.uexp" 755
"C:/Users/yabu-/source/repos/yabu-85/ChronoTrial/Content/Reverse/FBossSoundReverseFrameData.uasset" 756
"C:/Users/yabu-/source/repos/yabu-85/ChronoTrial/Content/Reverse/FBossSoundReverseFrameData.uexp" 757
"C:/Users/yabu-/source/repos/yabu-85/ChronoTrial/Content/Reverse/UBossSoundReverseTimeComponent.uasset" 758
"C:/Users/yabu-/source/repos/yabu-85/ChronoTrial/Content/Reverse/UBossSoundReverseTimeComponent.uexp" 759
"C:/Users/yabu-/source/repos/yabu-85/ChronoTrial/Content/Enemy/EnemyBoss/BossSoundData.uasset" 760
"C:/Users/yabu-/source/repos/yabu-85/ChronoTrial/Content/Enemy/EnemyBoss/BossSoundData.uexp" 761
"C:/Users/yabu-/source/repos/yabu-85/ChronoTrial/Content/Enemy/EnemyBoss/BP_BossSoundCTRL.uasset" 762
"C:/Users/yabu-/source/repos/yabu-85/ChronoTrial/Content/Enemy/EnemyBoss/BP_BossSoundCTRL.uexp" 763
"C:/Users/yabu-/source/repos/yabu-85/ChronoTrial/Content/Enemy/EnemyBoss/BossSkillTable.uasset" 764
"C:/Users/yabu-/source/repos/yabu-85/ChronoTrial/Content/Enemy/EnemyBoss/BossSkillTable.uexp" 765
"C:/Users/yabu-/source/repos/yabu-85/ChronoTrial/Content/Timer/ELIXIA.uasset" 766
"C:/Users/yabu-/source/repos/yabu-85/ChronoTrial/Content/Timer/ELIXIA.uexp" 767
"C:/Users/yabu-/source/repos/yabu-85/ChronoTrial/Content/Timer/ELIXIA.ufont" 768
"C:/Users/yabu-/source/repos/yabu-85/ChronoTrial/Content/Timer/ELIXIA_Font.uasset" 769
"C:/Users/yabu-/source/repos/yabu-85/ChronoTrial/Content/Timer/ELIXIA_Font.uexp" 770
"C:/Users/yabu-/source/repos/yabu-85/ChronoTrial/Content/Enemy/EnemyBoss/SpecialSkill.uasset" 771
"C:/Users/yabu-/source/repos/yabu-85/ChronoTrial/Content/Enemy/EnemyBoss/SpecialSkill.uexp" 772
"C:/Users/yabu-/source/repos/yabu-85/ChronoTrial/Content/Sounds/SE/BossSE/SE_CoreSpawn.uasset" 773
"C:/Users/yabu-/source/repos/yabu-85/ChronoTrial/Content/Sounds/SE/BossSE/SE_CoreSpawn.uexp" 774
"C:/Users/yabu-/source/repos/yabu-85/ChronoTrial/Content/Sounds/SE/BossSE/SE_CoreSpawn_Cue.uasset" 775
"C:/Users/yabu-/source/repos/yabu-85/ChronoTrial/Content/Sounds/SE/BossSE/SE_CoreSpawn_Cue.uexp" 776
"C:/Users/yabu-/source/repos/yabu-85/ChronoTrial/Content/Sounds/SE/BossSE/SE_CoreHiting.uasset" 777
"C:/Users/yabu-/source/repos/yabu-85/ChronoTrial/Content/Sounds/SE/BossSE/SE_CoreHiting.uexp" 778
"C:/Users/yabu-/source/repos/yabu-85/ChronoTrial/Content/Sounds/SE/BossSE/SE_CoreHiting_Cue.uasset" 779
"C:/Users/yabu-/source/repos/yabu-85/ChronoTrial/Content/Sounds/SE/BossSE/SE_CoreHiting_Cue.uexp" 780
"C:/Users/yabu-/source/repos/yabu-85/ChronoTrial/Content/Sounds/SE/BossSE/SE_CoreBreaking.uasset" 781
"C:/Users/yabu-/source/repos/yabu-85/ChronoTrial/Content/Sounds/SE/BossSE/SE_CoreBreaking.uexp" 782
"C:/Users/yabu-/source/repos/yabu-85/ChronoTrial/Content/Sounds/SE/BossSE/SE_CoreBreaking_Cue.uasset" 783
"C:/Users/yabu-/source/repos/yabu-85/ChronoTrial/Content/Sounds/SE/BossSE/SE_CoreBreaking_Cue.uexp" 784
"C:/Users/yabu-/source/repos/yabu-85/ChronoTrial/Content/Sounds/SE/BossSE/SE_BossUltimateActivate.uasset" 785
"C:/Users/yabu-/source/repos/yabu-85/ChronoTrial/Content/Sounds/SE/BossSE/SE_BossUltimateActivate.uexp" 786
"C:/Users/yabu-/source/repos/yabu-85/ChronoTrial/Content/Sounds/SE/BossSE/SE_BossUltimateActivate_Cue.uasset" 787
"C:/Users/yabu-/source/repos/yabu-85/ChronoTrial/Content/Sounds/SE/BossSE/SE_BossUltimateActivate_Cue.uexp" 788
"C:/Users/yabu-/source/repos/yabu-85/ChronoTrial/Content/Geometry/Meshes/1M_Cube.uasset" 789
"C:/Users/yabu-/source/repos/yabu-85/ChronoTrial/Content/Geometry/Meshes/1M_Cube.uexp" 790
"C:/Users/yabu-/source/repos/yabu-85/ChronoTrial/Content/Reverse/FBossCoreReverseFrameData.uasset" 791
"C:/Users/yabu-/source/repos/yabu-85/ChronoTrial/Content/Reverse/FBossCoreReverseFrameData.uexp" 792
"C:/Users/yabu-/source/repos/yabu-85/ChronoTrial/Content/Reverse/UBossCoreReverseTimeComponent.uasset" 793
"C:/Users/yabu-/source/repos/yabu-85/ChronoTrial/Content/Reverse/UBossCoreReverseTimeComponent.uexp" 794
"C:/Users/yabu-/source/repos/yabu-85/ChronoTrial/Content/Enemy/Model/MT_Bullet.uasset" 795
"C:/Users/yabu-/source/repos/yabu-85/ChronoTrial/Content/Enemy/Model/MT_Bullet.uexp" 796
"C:/Users/yabu-/source/repos/yabu-85/ChronoTrial/Content/Enemy/EnemyBoss/BossCore.uasset" 797
"C:/Users/yabu-/source/repos/yabu-85/ChronoTrial/Content/Enemy/EnemyBoss/BossCore.uexp" 798
"C:/Users/yabu-/source/repos/yabu-85/ChronoTrial/Content/Enemy/EnemyBoss/EnemyBoss.uasset" 799
"C:/Users/yabu-/source/repos/yabu-85/ChronoTrial/Content/Enemy/EnemyBoss/EnemyBoss.uexp" 800
"C:/Users/yabu-/source/repos/yabu-85/ChronoTrial/Content/Timer/UMG_CountDown.uasset" 801
"C:/Users/yabu-/source/repos/yabu-85/ChronoTrial/Content/Timer/UMG_CountDown.uexp" 802
"C:/Users/yabu-/source/repos/yabu-85/ChronoTrial/Content/RoomCheckObjectBP/TriggerBoxBossNew.uasset" 803
"C:/Users/yabu-/source/repos/yabu-85/ChronoTrial/Content/RoomCheckObjectBP/TriggerBoxBossNew.uexp" 804
"C:/Users/yabu-/source/repos/yabu-85/ChronoTrial/Content/Enemy/EnemyCount.uasset" 805
"C:/Users/yabu-/source/repos/yabu-85/ChronoTrial/Content/Enemy/EnemyCount.uexp" 806
"C:/Users/yabu-/source/repos/yabu-85/ChronoTrial/Content/ThirdPersonBP/HPUI_remove_gauge.uasset" 807
"C:/Users/yabu-/source/repos/yabu-85/ChronoTrial/Content/ThirdPersonBP/HPUI_remove_gauge.uexp" 808
"C:/Users/yabu-/source/repos/yabu-85/ChronoTrial/Content/ThirdPersonBP/HPUI_remove_frame.uasset" 809
"C:/Users/yabu-/source/repos/yabu-85/ChronoTrial/Content/ThirdPersonBP/HPUI_remove_frame.uexp" 810
"C:/Users/yabu-/source/repos/yabu-85/ChronoTrial/Content/ThirdPersonBP/WBP_HealthBar.uasset" 811
"C:/Users/yabu-/source/repos/yabu-85/ChronoTrial/Content/ThirdPersonBP/WBP_HealthBar.uexp" 812
"C:/Users/yabu-/source/repos/yabu-85/ChronoTrial/Content/03GamePlay/E_TrialButton.uasset" 813
"C:/Users/yabu-/source/repos/yabu-85/ChronoTrial/Content/03GamePlay/E_TrialButton.uexp" 814
"C:/Users/yabu-/source/repos/yabu-85/ChronoTrial/Content/03GamePlay/WBP_TrialMenu.uasset" 815
"C:/Users/yabu-/source/repos/yabu-85/ChronoTrial/Content/03GamePlay/WBP_TrialMenu.uexp" 816
"C:/Users/yabu-/source/repos/yabu-85/ChronoTrial/Content/03GamePlay/Image/SensitivityUI_2.uasset" 817
"C:/Users/yabu-/source/repos/yabu-85/ChronoTrial/Content/03GamePlay/Image/SensitivityUI_2.uexp" 818
"C:/Users/yabu-/source/repos/yabu-85/ChronoTrial/Content/03GamePlay/Image/plus2.uasset" 819
"C:/Users/yabu-/source/repos/yabu-85/ChronoTrial/Content/03GamePlay/Image/plus2.uexp" 820
"C:/Users/yabu-/source/repos/yabu-85/ChronoTrial/Content/03GamePlay/Image/plus.uasset" 821
"C:/Users/yabu-/source/repos/yabu-85/ChronoTrial/Content/03GamePlay/Image/plus.uexp" 822
"C:/Users/yabu-/source/repos/yabu-85/ChronoTrial/Content/03GamePlay/Image/minus2.uasset" 823
"C:/Users/yabu-/source/repos/yabu-85/ChronoTrial/Content/03GamePlay/Image/minus2.uexp" 824
"C:/Users/yabu-/source/repos/yabu-85/ChronoTrial/Content/03GamePlay/Image/minus.uasset" 825
"C:/Users/yabu-/source/repos/yabu-85/ChronoTrial/Content/03GamePlay/Image/minus.uexp" 826
"C:/Users/yabu-/source/repos/yabu-85/ChronoTrial/Content/03GamePlay/Image/Pause/UI_Pause2.uasset" 827
"C:/Users/yabu-/source/repos/yabu-85/ChronoTrial/Content/03GamePlay/Image/Pause/UI_Pause2.uexp" 828
"C:/Users/yabu-/source/repos/yabu-85/ChronoTrial/Content/03GamePlay/Image/Pause/UI_Button_Seinsitivity2.uasset" 829
"C:/Users/yabu-/source/repos/yabu-85/ChronoTrial/Content/03GamePlay/Image/Pause/UI_Button_Seinsitivity2.uexp" 830
"C:/Users/yabu-/source/repos/yabu-85/ChronoTrial/Content/03GamePlay/Image/Pause/UI_Button_Retry2.uasset" 831
"C:/Users/yabu-/source/repos/yabu-85/ChronoTrial/Content/03GamePlay/Image/Pause/UI_Button_Retry2.uexp" 832
"C:/Users/yabu-/source/repos/yabu-85/ChronoTrial/Content/03GamePlay/Image/Pause/UI_Button_Quit2.uasset" 833
"C:/Users/yabu-/source/repos/yabu-85/ChronoTrial/Content/03GamePlay/Image/Pause/UI_Button_Quit2.uexp" 834
"C:/Users/yabu-/source/repos/yabu-85/ChronoTrial/Content/03GamePlay/Image/Pause/UI_Button_Back2.uasset" 835
"C:/Users/yabu-/source/repos/yabu-85/ChronoTrial/Content/03GamePlay/Image/Pause/UI_Button_Back2.uexp" 836
"C:/Users/yabu-/source/repos/yabu-85/ChronoTrial/Content/03GamePlay/E_PauseButton.uasset" 837
"C:/Users/yabu-/source/repos/yabu-85/ChronoTrial/Content/03GamePlay/E_PauseButton.uexp" 838
"C:/Users/yabu-/source/repos/yabu-85/ChronoTrial/Content/03GamePlay/Pause.uasset" 839
"C:/Users/yabu-/source/repos/yabu-85/ChronoTrial/Content/03GamePlay/Pause.uexp" 840
"C:/Users/yabu-/source/repos/yabu-85/ChronoTrial/Content/03GamePlay/E_OptionButton.uasset" 841
"C:/Users/yabu-/source/repos/yabu-85/ChronoTrial/Content/03GamePlay/E_OptionButton.uexp" 842
"C:/Users/yabu-/source/repos/yabu-85/ChronoTrial/Content/03GamePlay/SensitivityOption.uasset" 843
"C:/Users/yabu-/source/repos/yabu-85/ChronoTrial/Content/03GamePlay/SensitivityOption.uexp" 844
"C:/Users/yabu-/source/repos/yabu-85/ChronoTrial/Content/03GamePlay/HUD_Play.uasset" 845
"C:/Users/yabu-/source/repos/yabu-85/ChronoTrial/Content/03GamePlay/HUD_Play.uexp" 846
"C:/Users/yabu-/source/repos/yabu-85/ChronoTrial/Content/RoomCheckObjectBP/TriggerBoxNew.uasset" 847
"C:/Users/yabu-/source/repos/yabu-85/ChronoTrial/Content/RoomCheckObjectBP/TriggerBoxNew.uexp" 848
"C:/Users/yabu-/source/repos/yabu-85/ChronoTrial/Content/Enemy/Model/Texture/LongRange_Base_color_1001_1.uasset" 849
"C:/Users/yabu-/source/repos/yabu-85/ChronoTrial/Content/Enemy/Model/Texture/LongRange_Base_color_1001_1.uexp" 850
"C:/Users/yabu-/source/repos/yabu-85/ChronoTrial/Content/Enemy/Model/Texture/LongRange_Base_color_1001_1.ubulk" 851
"C:/Users/yabu-/source/repos/yabu-85/ChronoTrial/Content/Enemy/Model/Material/Enemy2.uasset" 852
"C:/Users/yabu-/source/repos/yabu-85/ChronoTrial/Content/Enemy/Model/Material/Enemy2.uexp" 853
"C:/Users/yabu-/source/repos/yabu-85/ChronoTrial/Content/Enemy/Model/Material/Enemy2_Inst.uasset" 854
"C:/Users/yabu-/source/repos/yabu-85/ChronoTrial/Content/Enemy/Model/Material/Enemy2_Inst.uexp" 855
"C:/Users/yabu-/source/repos/yabu-85/ChronoTrial/Content/Enemy/Model/model/taiki_Skeleton.uasset" 856
"C:/Users/yabu-/source/repos/yabu-85/ChronoTrial/Content/Enemy/Model/model/taiki_Skeleton.uexp" 857
"C:/Users/yabu-/source/repos/yabu-85/ChronoTrial/Content/Enemy/Model/Animation/taiki_Anim.uasset" 858
"C:/Users/yabu-/source/repos/yabu-85/ChronoTrial/Content/Enemy/Model/Animation/taiki_Anim.uexp" 859
"C:/Users/yabu-/source/repos/yabu-85/ChronoTrial/Content/Enemy/Model/Animation/run_Anim.uasset" 860
"C:/Users/yabu-/source/repos/yabu-85/ChronoTrial/Content/Enemy/Model/Animation/run_Anim.uexp" 861
"C:/Users/yabu-/source/repos/yabu-85/ChronoTrial/Content/Enemy/Model/Animation/EnemyAnimBlend.uasset" 862
"C:/Users/yabu-/source/repos/yabu-85/ChronoTrial/Content/Enemy/Model/Animation/EnemyAnimBlend.uexp" 863
"C:/Users/yabu-/source/repos/yabu-85/ChronoTrial/Content/Enemy/Model/Animation/yarare_Anim.uasset" 864
"C:/Users/yabu-/source/repos/yabu-85/ChronoTrial/Content/Enemy/Model/Animation/yarare_Anim.uexp" 865
"C:/Users/yabu-/source/repos/yabu-85/ChronoTrial/Content/Enemy/Model/Animation/Enemy2AnimBP.uasset" 866
"C:/Users/yabu-/source/repos/yabu-85/ChronoTrial/Content/Enemy/Model/Animation/Enemy2AnimBP.uexp" 867
"C:/Users/yabu-/source/repos/yabu-85/ChronoTrial/Content/Sounds/SE/EnemySE/SE_Enemy2Attack.uasset" 868
"C:/Users/yabu-/source/repos/yabu-85/ChronoTrial/Content/Sounds/SE/EnemySE/SE_Enemy2Attack.uexp" 869
"C:/Users/yabu-/source/repos/yabu-85/ChronoTrial/Content/Sounds/SE/EnemySE/SE_Enemy2Attack_Cue.uasset" 870
"C:/Users/yabu-/source/repos/yabu-85/ChronoTrial/Content/Sounds/SE/EnemySE/SE_Enemy2Attack_Cue.uexp" 871
"C:/Users/yabu-/source/repos/yabu-85/ChronoTrial/Content/Enemy/Model/Animation/gun_Anim.uasset" 872
"C:/Users/yabu-/source/repos/yabu-85/ChronoTrial/Content/Enemy/Model/Animation/gun_Anim.uexp" 873
"C:/Users/yabu-/source/repos/yabu-85/ChronoTrial/Content/Enemy/Character_Interface.uasset" 874
"C:/Users/yabu-/source/repos/yabu-85/ChronoTrial/Content/Enemy/Character_Interface.uexp" 875
"C:/Users/yabu-/source/repos/yabu-85/ChronoTrial/Content/Enemy/TestAttackEvent.uasset" 876
"C:/Users/yabu-/source/repos/yabu-85/ChronoTrial/Content/Enemy/TestAttackEvent.uexp" 877
"C:/Users/yabu-/source/repos/yabu-85/ChronoTrial/Content/Enemy/Model/Animation/gun_Anim_Montage.uasset" 878
"C:/Users/yabu-/source/repos/yabu-85/ChronoTrial/Content/Enemy/Model/Animation/gun_Anim_Montage.uexp" 879
"C:/Users/yabu-/source/repos/yabu-85/ChronoTrial/Content/Enemy/Enemy2/ECQ_Enemys2MoveTarget.uasset" 880
"C:/Users/yabu-/source/repos/yabu-85/ChronoTrial/Content/Enemy/Enemy2/ECQ_Enemys2MoveTarget.uexp" 881
"C:/Users/yabu-/source/repos/yabu-85/ChronoTrial/Content/Enemy/Enemy2/EQC_Self.uasset" 882
"C:/Users/yabu-/source/repos/yabu-85/ChronoTrial/Content/Enemy/Enemy2/EQC_Self.uexp" 883
"C:/Users/yabu-/source/repos/yabu-85/ChronoTrial/Content/Enemy/Enemy2/EQC_Player.uasset" 884
"C:/Users/yabu-/source/repos/yabu-85/ChronoTrial/Content/Enemy/Enemy2/EQC_Player.uexp" 885
"C:/Users/yabu-/source/repos/yabu-85/ChronoTrial/Content/Enemy/Enemy2/EQS_ShotPosMove.uasset" 886
"C:/Users/yabu-/source/repos/yabu-85/ChronoTrial/Content/Enemy/Enemy2/EQS_ShotPosMove.uexp" 887
"C:/Users/yabu-/source/repos/yabu-85/ChronoTrial/Content/Enemy/Enemy2/BTT_BulletAttack.uasset" 888
"C:/Users/yabu-/source/repos/yabu-85/ChronoTrial/Content/Enemy/Enemy2/BTT_BulletAttack.uexp" 889
"C:/Users/yabu-/source/repos/yabu-85/ChronoTrial/Content/Enemy/Enemy2/BB_TestEnemy2.uasset" 890
"C:/Users/yabu-/source/repos/yabu-85/ChronoTrial/Content/Enemy/Enemy2/BB_TestEnemy2.uexp" 891
"C:/Users/yabu-/source/repos/yabu-85/ChronoTrial/Content/Enemy/BTT_Wait_New.uasset" 892
"C:/Users/yabu-/source/repos/yabu-85/ChronoTrial/Content/Enemy/BTT_Wait_New.uexp" 893
"C:/Users/yabu-/source/repos/yabu-85/ChronoTrial/Content/Enemy/BTD_Wait_New.uasset" 894
"C:/Users/yabu-/source/repos/yabu-85/ChronoTrial/Content/Enemy/BTD_Wait_New.uexp" 895
"C:/Users/yabu-/source/repos/yabu-85/ChronoTrial/Content/Enemy/Enemy2/BT_TestEnemy2.uasset" 896
"C:/Users/yabu-/source/repos/yabu-85/ChronoTrial/Content/Enemy/Enemy2/BT_TestEnemy2.uexp" 897
"C:/Users/yabu-/source/repos/yabu-85/ChronoTrial/Content/Enemy/Enemy2/BP_TestEnemyController2.uasset" 898
"C:/Users/yabu-/source/repos/yabu-85/ChronoTrial/Content/Enemy/Enemy2/BP_TestEnemyController2.uexp" 899
"C:/Users/yabu-/source/repos/yabu-85/ChronoTrial/Content/Enemy/Model/model/taiki.uasset" 900
"C:/Users/yabu-/source/repos/yabu-85/ChronoTrial/Content/Enemy/Model/model/taiki.uexp" 901
"C:/Users/yabu-/source/repos/yabu-85/ChronoTrial/Content/StarterContent/Shapes/Shape_Sphere.uasset" 902
"C:/Users/yabu-/source/repos/yabu-85/ChronoTrial/Content/StarterContent/Shapes/Shape_Sphere.uexp" 903
"C:/Users/yabu-/source/repos/yabu-85/ChronoTrial/Content/Sounds/SE/PlayerSE/SE_Reflection.uasset" 904
"C:/Users/yabu-/source/repos/yabu-85/ChronoTrial/Content/Sounds/SE/PlayerSE/SE_Reflection.uexp" 905
"C:/Users/yabu-/source/repos/yabu-85/ChronoTrial/Content/Sounds/SE/PlayerSE/SE_Reflection_Cue.uasset" 906
"C:/Users/yabu-/source/repos/yabu-85/ChronoTrial/Content/Sounds/SE/PlayerSE/SE_Reflection_Cue.uexp" 907
"C:/Users/yabu-/source/repos/yabu-85/ChronoTrial/Content/Reverse/FEnemyBulletReverseFrameData.uasset" 908
"C:/Users/yabu-/source/repos/yabu-85/ChronoTrial/Content/Reverse/FEnemyBulletReverseFrameData.uexp" 909
"C:/Users/yabu-/source/repos/yabu-85/ChronoTrial/Content/Reverse/UEnemyBulletReverseTime.uasset" 910
"C:/Users/yabu-/source/repos/yabu-85/ChronoTrial/Content/Reverse/UEnemyBulletReverseTime.uexp" 911
"C:/Users/yabu-/source/repos/yabu-85/ChronoTrial/Content/Enemy/BP_EnemyBulletBase.uasset" 912
"C:/Users/yabu-/source/repos/yabu-85/ChronoTrial/Content/Enemy/BP_EnemyBulletBase.uexp" 913
"C:/Users/yabu-/source/repos/yabu-85/ChronoTrial/Content/Enemy/Enemy2/Enemy2.uasset" 914
"C:/Users/yabu-/source/repos/yabu-85/ChronoTrial/Content/Enemy/Enemy2/Enemy2.uexp" 915
"C:/Users/yabu-/source/repos/yabu-85/ChronoTrial/Content/Enemy/Model/Material/Enemy1_Inst.uasset" 916
"C:/Users/yabu-/source/repos/yabu-85/ChronoTrial/Content/Enemy/Model/Material/Enemy1_Inst.uexp" 917
"C:/Users/yabu-/source/repos/yabu-85/ChronoTrial/Content/Sounds/SE/EnemySE/SE_Enemy1Attack.uasset" 918
"C:/Users/yabu-/source/repos/yabu-85/ChronoTrial/Content/Sounds/SE/EnemySE/SE_Enemy1Attack.uexp" 919
"C:/Users/yabu-/source/repos/yabu-85/ChronoTrial/Content/Sounds/SE/EnemySE/SE_Enemy1Attack_Cue.uasset" 920
"C:/Users/yabu-/source/repos/yabu-85/ChronoTrial/Content/Sounds/SE/EnemySE/SE_Enemy1Attack_Cue.uexp" 921
"C:/Users/yabu-/source/repos/yabu-85/ChronoTrial/Content/Enemy/Model/Animation/kougeki_Anim.uasset" 922
"C:/Users/yabu-/source/repos/yabu-85/ChronoTrial/Content/Enemy/Model/Animation/kougeki_Anim.uexp" 923
"C:/Users/yabu-/source/repos/yabu-85/ChronoTrial/Content/Enemy/Model/Animation/kougeki_Anim_Montage.uasset" 924
"C:/Users/yabu-/source/repos/yabu-85/ChronoTrial/Content/Enemy/Model/Animation/kougeki_Anim_Montage.uexp" 925
"C:/Users/yabu-/source/repos/yabu-85/ChronoTrial/Content/Enemy/Model/Animation/Enemy1AnimBP.uasset" 926
"C:/Users/yabu-/source/repos/yabu-85/ChronoTrial/Content/Enemy/Model/Animation/Enemy1AnimBP.uexp" 927
"C:/Users/yabu-/source/repos/yabu-85/ChronoTrial/Content/Enemy/ECQ_EnemysLocation.uasset" 928
"C:/Users/yabu-/source/repos/yabu-85/ChronoTrial/Content/Enemy/ECQ_EnemysLocation.uexp" 929
"C:/Users/yabu-/source/repos/yabu-85/ChronoTrial/Content/Enemy/Enemy1/EQS_MeleeyPosMove.uasset" 930
"C:/Users/yabu-/source/repos/yabu-85/ChronoTrial/Content/Enemy/Enemy1/EQS_MeleeyPosMove.uexp" 931
"C:/Users/yabu-/source/repos/yabu-85/ChronoTrial/Content/Enemy/Enemy1/BTT_ArmAttack.uasset" 932
"C:/Users/yabu-/source/repos/yabu-85/ChronoTrial/Content/Enemy/Enemy1/BTT_ArmAttack.uexp" 933
"C:/Users/yabu-/source/repos/yabu-85/ChronoTrial/Content/Enemy/Enemy1/BB_TestEnemy.uasset" 934
"C:/Users/yabu-/source/repos/yabu-85/ChronoTrial/Content/Enemy/Enemy1/BB_TestEnemy.uexp" 935
"C:/Users/yabu-/source/repos/yabu-85/ChronoTrial/Content/Enemy/Enemy1/BT_TestEnemy.uasset" 936
"C:/Users/yabu-/source/repos/yabu-85/ChronoTrial/Content/Enemy/Enemy1/BT_TestEnemy.uexp" 937
"C:/Users/yabu-/source/repos/yabu-85/ChronoTrial/Content/Enemy/Enemy1/BP_TestEnemyController.uasset" 938
"C:/Users/yabu-/source/repos/yabu-85/ChronoTrial/Content/Enemy/Enemy1/BP_TestEnemyController.uexp" 939
"C:/Users/yabu-/source/repos/yabu-85/ChronoTrial/Content/Enemy/Enemy1/Enemy1.uasset" 940
"C:/Users/yabu-/source/repos/yabu-85/ChronoTrial/Content/Enemy/Enemy1/Enemy1.uexp" 941
"C:/Users/yabu-/source/repos/yabu-85/ChronoTrial/Content/Enemy/Spawner/Spawner.uasset" 942
"C:/Users/yabu-/source/repos/yabu-85/ChronoTrial/Content/Enemy/Spawner/Spawner.uexp" 943
"C:/Users/yabu-/source/repos/yabu-85/ChronoTrial/Content/Reverse/UEnemyReverseTimeComponent.uasset" 944
"C:/Users/yabu-/source/repos/yabu-85/ChronoTrial/Content/Reverse/UEnemyReverseTimeComponent.uexp" 945
"C:/Users/yabu-/source/repos/yabu-85/ChronoTrial/Content/Enemy/EnemyBase.uasset" 946
"C:/Users/yabu-/source/repos/yabu-85/ChronoTrial/Content/Enemy/EnemyBase.uexp" 947
"C:/Users/yabu-/source/repos/yabu-85/ChronoTrial/Content/ThirdPersonBP/ThirdPersonCharacter.uasset" 948
"C:/Users/yabu-/source/repos/yabu-85/ChronoTrial/Content/ThirdPersonBP/ThirdPersonCharacter.uexp" 949
"C:/Users/yabu-/source/repos/yabu-85/ChronoTrial/Content/Reverse/UReverseTimeComponent.uasset" 950
"C:/Users/yabu-/source/repos/yabu-85/ChronoTrial/Content/Reverse/UReverseTimeComponent.uexp" 951
"C:/Users/yabu-/source/repos/yabu-85/ChronoTrial/Content/Reverse/UAnimReverseTimeComponent.uasset" 952
"C:/Users/yabu-/source/repos/yabu-85/ChronoTrial/Content/Reverse/UAnimReverseTimeComponent.uexp" 953
"C:/Users/yabu-/source/repos/yabu-85/ChronoTrial/Content/Reverse/FPlayerReverseFrameData.uasset" 954
"C:/Users/yabu-/source/repos/yabu-85/ChronoTrial/Content/Reverse/FPlayerReverseFrameData.uexp" 955
"C:/Users/yabu-/source/repos/yabu-85/ChronoTrial/Content/Reverse/UPlayerReverseTimeComponent.uasset" 956
"C:/Users/yabu-/source/repos/yabu-85/ChronoTrial/Content/Reverse/UPlayerReverseTimeComponent.uexp" 957
"../../../Engine/Plugins/FX/Niagara/Content/Enums/Transforms/ENiagara_TransformType.uasset" 958
"../../../Engine/Plugins/FX/Niagara/Content/Enums/Transforms/ENiagara_TransformType.uexp" 959
"../../../Engine/Plugins/FX/Niagara/Content/Enums/Transforms/ENiagara_TransformOrder.uasset" 960
"../../../Engine/Plugins/FX/Niagara/Content/Enums/Transforms/ENiagara_TransformOrder.uexp" 961
"../../../Engine/Plugins/FX/Niagara/Content/Enums/Transforms/ENiagara_ScaleMode.uasset" 962
"../../../Engine/Plugins/FX/Niagara/Content/Enums/Transforms/ENiagara_ScaleMode.uexp" 963
"../../../Engine/Plugins/FX/Niagara/Content/Enums/Transforms/ENiagara_RotationMode.uasset" 964
"../../../Engine/Plugins/FX/Niagara/Content/Enums/Transforms/ENiagara_RotationMode.uexp" 965
"../../../Engine/Plugins/FX/Niagara/Content/Enums/Transforms/ENiagara_OffsetMode.uasset" 966
"../../../Engine/Plugins/FX/Niagara/Content/Enums/Transforms/ENiagara_OffsetMode.uexp" 967
"../../../Engine/Plugins/FX/Niagara/Content/Enums/Location/ENiagara_CylinderMode.uasset" 968
"../../../Engine/Plugins/FX/Niagara/Content/Enums/Location/ENiagara_CylinderMode.uexp" 969
"../../../Engine/Plugins/FX/Niagara/Content/Enums/Angles/ENiagara_AngleInput.uasset" 970
"../../../Engine/Plugins/FX/Niagara/Content/Enums/Angles/ENiagara_AngleInput.uexp" 971
"../../../Engine/Plugins/FX/Niagara/Content/Functions/Rotation/XYZRotationToQuaternion.uasset" 972
"../../../Engine/Plugins/FX/Niagara/Content/Functions/Rotation/XYZRotationToQuaternion.uexp" 973
"../../../Engine/Plugins/FX/Niagara/Content/Functions/Rotation/AngleUnitConverter.uasset" 974
"../../../Engine/Plugins/FX/Niagara/Content/Functions/Rotation/AngleUnitConverter.uexp" 975
"../../../Engine/Plugins/FX/Niagara/Content/Functions/Math/SaturateFloat.uasset" 976
"../../../Engine/Plugins/FX/Niagara/Content/Functions/Math/SaturateFloat.uexp" 977
"../../../Engine/Plugins/FX/Niagara/Content/Functions/V2/RemapRange.uasset" 978
"../../../Engine/Plugins/FX/Niagara/Content/Functions/V2/RemapRange.uexp" 979
"../../../Engine/Plugins/FX/Niagara/Content/Modules/Spawn/Location/CylinderLocation.uasset" 980
"../../../Engine/Plugins/FX/Niagara/Content/Modules/Spawn/Location/CylinderLocation.uexp" 981
"C:/Users/yabu-/source/repos/yabu-85/ChronoTrial/Content/NewCreateFX/effects/Retor/effects/tex/hit1_A.uasset" 982
"C:/Users/yabu-/source/repos/yabu-85/ChronoTrial/Content/NewCreateFX/effects/Retor/effects/tex/hit1_A.uexp" 983
"C:/Users/yabu-/source/repos/yabu-85/ChronoTrial/Content/NewCreateFX/effects/Retor/effects/mat/M_Hit1.uasset" 984
"C:/Users/yabu-/source/repos/yabu-85/ChronoTrial/Content/NewCreateFX/effects/Retor/effects/mat/M_Hit1.uexp" 985
"C:/Users/yabu-/source/repos/yabu-85/ChronoTrial/Content/NewCreateFX/effects/white1_2.uasset" 986
"C:/Users/yabu-/source/repos/yabu-85/ChronoTrial/Content/NewCreateFX/effects/white1_2.uexp" 987
"C:/Users/yabu-/source/repos/yabu-85/ChronoTrial/Content/NewCreateFX/effects/white1_1.uasset" 988
"C:/Users/yabu-/source/repos/yabu-85/ChronoTrial/Content/NewCreateFX/effects/white1_1.uexp" 989
"C:/Users/yabu-/source/repos/yabu-85/ChronoTrial/Content/NewCreateFX/effects/NewMaterial.uasset" 990
"C:/Users/yabu-/source/repos/yabu-85/ChronoTrial/Content/NewCreateFX/effects/NewMaterial.uexp" 991
"C:/Users/yabu-/source/repos/yabu-85/ChronoTrial/Content/NewCreateFX/effects/Retor/effects/mat/M_Hit.uasset" 992
"C:/Users/yabu-/source/repos/yabu-85/ChronoTrial/Content/NewCreateFX/effects/Retor/effects/mat/M_Hit.uexp" 993
"C:/Users/yabu-/source/repos/yabu-85/ChronoTrial/Content/NewCreateFX/effects/Retor/effects/tex/Animation_W_gyaku3.uasset" 994
"C:/Users/yabu-/source/repos/yabu-85/ChronoTrial/Content/NewCreateFX/effects/Retor/effects/tex/Animation_W_gyaku3.uexp" 995
"C:/Users/yabu-/source/repos/yabu-85/ChronoTrial/Content/NewCreateFX/effects/Retor/effects/mat/M_Effect.uasset" 996
"C:/Users/yabu-/source/repos/yabu-85/ChronoTrial/Content/NewCreateFX/effects/Retor/effects/mat/M_Effect.uexp" 997
"C:/Users/yabu-/source/repos/yabu-85/ChronoTrial/Content/NewCreateFX/effects/Retor/effects/mat/M_Retrograde.uasset" 998
"C:/Users/yabu-/source/repos/yabu-85/ChronoTrial/Content/NewCreateFX/effects/Retor/effects/mat/M_Retrograde.uexp" 999
"../../../Engine/Plugins/FX/Niagara/Content/VectorFields/Assets/TilingCurl64.uasset" 1000
"../../../Engine/Plugins/FX/Niagara/Content/VectorFields/Assets/TilingCurl64.uexp" 1001
"../../../Engine/Plugins/FX/Niagara/Content/VectorFields/Assets/TilingCurl32.uasset" 1002
"../../../Engine/Plugins/FX/Niagara/Content/VectorFields/Assets/TilingCurl32.uexp" 1003
"../../../Engine/Plugins/FX/Niagara/Content/VectorFields/Assets/TilingCurl16.uasset" 1004
"../../../Engine/Plugins/FX/Niagara/Content/VectorFields/Assets/TilingCurl16.uexp" 1005
"../../../Engine/Plugins/FX/Niagara/Content/Functions/FindAngleBetweenVectors.uasset" 1006
"../../../Engine/Plugins/FX/Niagara/Content/Functions/FindAngleBetweenVectors.uexp" 1007
"../../../Engine/Plugins/FX/Niagara/Content/Functions/V2/ConeMask.uasset" 1008
"../../../Engine/Plugins/FX/Niagara/Content/Functions/V2/ConeMask.uexp" 1009
"../../../Engine/Plugins/FX/Niagara/Content/Enums/ENiagaraCurlNoiseQuality.uasset" 1010
"../../../Engine/Plugins/FX/Niagara/Content/Enums/ENiagaraCurlNoiseQuality.uexp" 1011
"../../../Engine/Plugins/FX/Niagara/Content/Modules/Update/Forces/V2/CurlNoiseForce.uasset" 1012
"../../../Engine/Plugins/FX/Niagara/Content/Modules/Update/Forces/V2/CurlNoiseForce.uexp" 1013
"C:/Users/yabu-/source/repos/yabu-85/ChronoTrial/Content/NewCreateFX/effects/Retor/effects/NS_Re.uasset" 1014
"C:/Users/yabu-/source/repos/yabu-85/ChronoTrial/Content/NewCreateFX/effects/Retor/effects/NS_Re.uexp" 1015
"../../../Engine/Plugins/FX/Niagara/Content/Modules/Update/Forces/AccelerationForce.uasset" 1016
"../../../Engine/Plugins/FX/Niagara/Content/Modules/Update/Forces/AccelerationForce.uexp" 1017
"../../../Engine/Plugins/FX/Niagara/Content/DynamicInputs/TypeConversions/VectorFromFloat.uasset" 1018
"../../../Engine/Plugins/FX/Niagara/Content/DynamicInputs/TypeConversions/VectorFromFloat.uexp" 1019
"C:/Users/yabu-/source/repos/yabu-85/ChronoTrial/Content/NewCreateFX/effects/tex/k.uasset" 1020
"C:/Users/yabu-/source/repos/yabu-85/ChronoTrial/Content/NewCreateFX/effects/tex/k.uexp" 1021
"C:/Users/yabu-/source/repos/yabu-85/ChronoTrial/Content/NewCreateFX/effects/tex/k.ubulk" 1022
"C:/Users/yabu-/source/repos/yabu-85/ChronoTrial/Content/NewCreateFX/effects/mat/M_Aura_Sub.uasset" 1023
"C:/Users/yabu-/source/repos/yabu-85/ChronoTrial/Content/NewCreateFX/effects/mat/M_Aura_Sub.uexp" 1024
"C:/Users/yabu-/source/repos/yabu-85/ChronoTrial/Content/NewCreateFX/effects/tex/l.uasset" 1025
"C:/Users/yabu-/source/repos/yabu-85/ChronoTrial/Content/NewCreateFX/effects/tex/l.uexp" 1026
"C:/Users/yabu-/source/repos/yabu-85/ChronoTrial/Content/NewCreateFX/effects/tex/c.uasset" 1027
"C:/Users/yabu-/source/repos/yabu-85/ChronoTrial/Content/NewCreateFX/effects/tex/c.uexp" 1028
"C:/Users/yabu-/source/repos/yabu-85/ChronoTrial/Content/NewCreateFX/effects/mat/MF_FxTexCoord.uasset" 1029
"C:/Users/yabu-/source/repos/yabu-85/ChronoTrial/Content/NewCreateFX/effects/mat/MF_FxTexCoord.uexp" 1030
"C:/Users/yabu-/source/repos/yabu-85/ChronoTrial/Content/NewCreateFX/effects/mat/M_Aura.uasset" 1031
"C:/Users/yabu-/source/repos/yabu-85/ChronoTrial/Content/NewCreateFX/effects/mat/M_Aura.uexp" 1032
"../../../Engine/Plugins/FX/Niagara/Content/Enums/ENiagaraSphereDistributionMode.uasset" 1033
"../../../Engine/Plugins/FX/Niagara/Content/Enums/ENiagaraSphereDistributionMode.uexp" 1034
"../../../Engine/Plugins/FX/Niagara/Content/Enums/ENiagaraExpansionMode.uasset" 1035
"../../../Engine/Plugins/FX/Niagara/Content/Enums/ENiagaraExpansionMode.uexp" 1036
"../../../Engine/Plugins/FX/Niagara/Content/Functions/V2/CalculateRandomPointInSphere.uasset" 1037
"../../../Engine/Plugins/FX/Niagara/Content/Functions/V2/CalculateRandomPointInSphere.uexp" 1038
"../../../Engine/Plugins/FX/Niagara/Content/Functions/SphericalToCartesianCoordinates.uasset" 1039
"../../../Engine/Plugins/FX/Niagara/Content/Functions/SphericalToCartesianCoordinates.uexp" 1040
"../../../Engine/Plugins/FX/Niagara/Content/Modules/Spawn/Location/V2/SphereLocation.uasset" 1041
"../../../Engine/Plugins/FX/Niagara/Content/Modules/Spawn/Location/V2/SphereLocation.uexp" 1042
"../../../Engine/Plugins/FX/Niagara/Content/Modules/Update/Color/Color.uasset" 1043
"../../../Engine/Plugins/FX/Niagara/Content/Modules/Update/Color/Color.uexp" 1044
"../../../Engine/Plugins/FX/Niagara/Content/DynamicInputs/ValueFromCurve/ColorFromCurve.uasset" 1045
"../../../Engine/Plugins/FX/Niagara/Content/DynamicInputs/ValueFromCurve/ColorFromCurve.uexp" 1046
"C:/Users/yabu-/source/repos/yabu-85/ChronoTrial/Content/NewCreateFX/effects/NS_Aura.uasset" 1047
"C:/Users/yabu-/source/repos/yabu-85/ChronoTrial/Content/NewCreateFX/effects/NS_Aura.uexp" 1048
"C:/Users/yabu-/source/repos/yabu-85/ChronoTrial/Content/ThirdPersonBP/Skill/PlayerSkillManager.uasset" 1049
"C:/Users/yabu-/source/repos/yabu-85/ChronoTrial/Content/ThirdPersonBP/Skill/PlayerSkillManager.uexp" 1050
"C:/Users/yabu-/source/repos/yabu-85/ChronoTrial/Content/CoolTimeUI/CoolTImeUI.uasset" 1051
"C:/Users/yabu-/source/repos/yabu-85/ChronoTrial/Content/CoolTimeUI/CoolTImeUI.uexp" 1052
"C:/Users/yabu-/source/repos/yabu-85/ChronoTrial/Content/Enemy/EnemyKakasi.uasset" 1053
"C:/Users/yabu-/source/repos/yabu-85/ChronoTrial/Content/Enemy/EnemyKakasi.uexp" 1054
"C:/Users/yabu-/source/repos/yabu-85/ChronoTrial/Content/Enemy/NewBlueprint.uasset" 1055
"C:/Users/yabu-/source/repos/yabu-85/ChronoTrial/Content/Enemy/NewBlueprint.uexp" 1056
"C:/Users/yabu-/source/repos/yabu-85/ChronoTrial/Content/Enemy/EnemyBoss/BossAttackRangeMaterial.uasset" 1057
"C:/Users/yabu-/source/repos/yabu-85/ChronoTrial/Content/Enemy/EnemyBoss/BossAttackRangeMaterial.uexp" 1058
"C:/Users/yabu-/source/repos/yabu-85/ChronoTrial/Content/Enemy/EnemyBoss/BossBeam/New/mat/M_EneApp.uasset" 1059
"C:/Users/yabu-/source/repos/yabu-85/ChronoTrial/Content/Enemy/EnemyBoss/BossBeam/New/mat/M_EneApp.uexp" 1060
"C:/Users/yabu-/source/repos/yabu-85/ChronoTrial/Content/Enemy/EnemyBoss/BossBeam/New/mat/M_EneApp3.uasset" 1061
"C:/Users/yabu-/source/repos/yabu-85/ChronoTrial/Content/Enemy/EnemyBoss/BossBeam/New/mat/M_EneApp3.uexp" 1062
"C:/Users/yabu-/source/repos/yabu-85/ChronoTrial/Content/Enemy/EnemyBoss/BossBeam/New/mat/M_EnemyBeam_F2.uasset" 1063
"C:/Users/yabu-/source/repos/yabu-85/ChronoTrial/Content/Enemy/EnemyBoss/BossBeam/New/mat/M_EnemyBeam_F2.uexp" 1064
"C:/Users/yabu-/source/repos/yabu-85/ChronoTrial/Content/Enemy/EnemyBoss/BossBeam/New/mat/M_EnemyBeam_F2_Inst.uasset" 1065
"C:/Users/yabu-/source/repos/yabu-85/ChronoTrial/Content/Enemy/EnemyBoss/BossBeam/New/mat/M_EnemyBeam_F2_Inst.uexp" 1066
"C:/Users/yabu-/source/repos/yabu-85/ChronoTrial/Content/Enemy/EnemyBoss/BossBeam/New/tex/gurade_pS.uasset" 1067
"C:/Users/yabu-/source/repos/yabu-85/ChronoTrial/Content/Enemy/EnemyBoss/BossBeam/New/tex/gurade_pS.uexp" 1068
"C:/Users/yabu-/source/repos/yabu-85/ChronoTrial/Content/Enemy/EnemyBoss/BossBeam/New/tex/ii.uasset" 1069
"C:/Users/yabu-/source/repos/yabu-85/ChronoTrial/Content/Enemy/EnemyBoss/BossBeam/New/tex/ii.uexp" 1070
"../../../Engine/Plugins/FX/Niagara/Content/Modules/Update/Velocity/VortexVelocity.uasset" 1071
"../../../Engine/Plugins/FX/Niagara/Content/Modules/Update/Velocity/VortexVelocity.uexp" 1072
"../../../Engine/Plugins/FX/Niagara/Content/Functions/ProjectVectorOnPlane.uasset" 1073
"../../../Engine/Plugins/FX/Niagara/Content/Functions/ProjectVectorOnPlane.uexp" 1074
"../../../Engine/Plugins/FX/Niagara/Content/Modules/Update/Forces/VortexForce.uasset" 1075
"../../../Engine/Plugins/FX/Niagara/Content/Modules/Update/Forces/VortexForce.uexp" 1076
"C:/Users/yabu-/source/repos/yabu-85/ChronoTrial/Content/Enemy/EnemyBoss/BossRing/NS_Torus.uasset" 1077
"C:/Users/yabu-/source/repos/yabu-85/ChronoTrial/Content/Enemy/EnemyBoss/BossRing/NS_Torus.uexp" 1078
"C:/Users/yabu-/source/repos/yabu-85/ChronoTrial/Content/Enemy/EnemyBoss/Spawner/BossSpawnTable.uasset" 1079
"C:/Users/yabu-/source/repos/yabu-85/ChronoTrial/Content/Enemy/EnemyBoss/Spawner/BossSpawnTable.uexp" 1080
"../../../Engine/Plugins/FX/Niagara/Content/Modules/Update/Forces/GravityForce.uasset" 1081
"../../../Engine/Plugins/FX/Niagara/Content/Modules/Update/Forces/GravityForce.uexp" 1082
"../../../Engine/Plugins/FX/Niagara/Content/Functions/Math/RemapValueRange.uasset" 1083
"../../../Engine/Plugins/FX/Niagara/Content/Functions/Math/RemapValueRange.uexp" 1084
"../../../Engine/Plugins/FX/Niagara/Content/Functions/RandomVectorInCone.uasset" 1085
"../../../Engine/Plugins/FX/Niagara/Content/Functions/RandomVectorInCone.uexp" 1086
"../../../Engine/Plugins/FX/Niagara/Content/Modules/Spawn/Velocity/AddVelocityInCone.uasset" 1087
"../../../Engine/Plugins/FX/Niagara/Content/Modules/Spawn/Velocity/AddVelocityInCone.uexp" 1088
"C:/Users/yabu-/source/repos/yabu-85/ChronoTrial/Content/Enemy/Model/bullet_nai.uasset" 1089
"C:/Users/yabu-/source/repos/yabu-85/ChronoTrial/Content/Enemy/Model/bullet_nai.uexp" 1090
"C:/Users/yabu-/source/repos/yabu-85/ChronoTrial/Content/Enemy/Model/Material/M_dissolve.uasset" 1091
"C:/Users/yabu-/source/repos/yabu-85/ChronoTrial/Content/Enemy/Model/Material/M_dissolve.uexp" 1092
"C:/Users/yabu-/source/repos/yabu-85/ChronoTrial/Content/Enemy/Model/model/taiki_PhysicsAsset.uasset" 1093
"C:/Users/yabu-/source/repos/yabu-85/ChronoTrial/Content/Enemy/Model/model/taiki_PhysicsAsset.uexp" 1094
"C:/Users/yabu-/source/repos/yabu-85/ChronoTrial/Content/Enemy/Model/Texture/Close_Base_color_1002_1.uasset" 1095
"C:/Users/yabu-/source/repos/yabu-85/ChronoTrial/Content/Enemy/Model/Texture/Close_Base_color_1002_1.uexp" 1096
"C:/Users/yabu-/source/repos/yabu-85/ChronoTrial/Content/Enemy/Model/Texture/Close_Base_color_1002_1.ubulk" 1097
"C:/Users/yabu-/source/repos/yabu-85/ChronoTrial/Content/Geometry/Meshes/1M_Cube_Chamfer.uasset" 1098
"C:/Users/yabu-/source/repos/yabu-85/ChronoTrial/Content/Geometry/Meshes/1M_Cube_Chamfer.uexp" 1099
"C:/Users/yabu-/source/repos/yabu-85/ChronoTrial/Content/Geometry/Meshes/RampMaterial.uasset" 1100
"C:/Users/yabu-/source/repos/yabu-85/ChronoTrial/Content/Geometry/Meshes/RampMaterial.uexp" 1101
"C:/Users/yabu-/source/repos/yabu-85/ChronoTrial/Content/Geometry/Meshes/Bump_StaticMesh.uasset" 1102
"C:/Users/yabu-/source/repos/yabu-85/ChronoTrial/Content/Geometry/Meshes/Bump_StaticMesh.uexp" 1103
"C:/Users/yabu-/source/repos/yabu-85/ChronoTrial/Content/Geometry/Meshes/LeftArm_StaticMesh.uasset" 1104
"C:/Users/yabu-/source/repos/yabu-85/ChronoTrial/Content/Geometry/Meshes/LeftArm_StaticMesh.uexp" 1105
"C:/Users/yabu-/source/repos/yabu-85/ChronoTrial/Content/Geometry/Meshes/Linear_Stair_StaticMesh.uasset" 1106
"C:/Users/yabu-/source/repos/yabu-85/ChronoTrial/Content/Geometry/Meshes/Linear_Stair_StaticMesh.uexp" 1107
"C:/Users/yabu-/source/repos/yabu-85/ChronoTrial/Content/Geometry/Meshes/M_1M_Cube_M_Wall3_5A8A70A54CE34854D95D0D82E9ECE744.uasset" 1108
"C:/Users/yabu-/source/repos/yabu-85/ChronoTrial/Content/Geometry/Meshes/M_1M_Cube_M_Wall3_5A8A70A54CE34854D95D0D82E9ECE744.uexp" 1109
"C:/Users/yabu-/source/repos/yabu-85/ChronoTrial/Content/Geometry/Meshes/M_1M_Cube_M_Wall3_5A8A70A54CE34854D95D0D82E9ECE744.ubulk" 1110
"C:/Users/yabu-/source/repos/yabu-85/ChronoTrial/Content/Geometry/Meshes/Ramp_StaticMesh.uasset" 1111
"C:/Users/yabu-/source/repos/yabu-85/ChronoTrial/Content/Geometry/Meshes/Ramp_StaticMesh.uexp" 1112
"C:/Users/yabu-/source/repos/yabu-85/ChronoTrial/Content/Geometry/Meshes/RightArm_StaticMesh.uasset" 1113
"C:/Users/yabu-/source/repos/yabu-85/ChronoTrial/Content/Geometry/Meshes/RightArm_StaticMesh.uexp" 1114
"C:/Users/yabu-/source/repos/yabu-85/ChronoTrial/Content/NewCharacter/kougeki1_Anim.uasset" 1115
"C:/Users/yabu-/source/repos/yabu-85/ChronoTrial/Content/NewCharacter/kougeki1_Anim.uexp" 1116
"C:/Users/yabu-/source/repos/yabu-85/ChronoTrial/Content/NewCharacter/kougeki2_Anim.uasset" 1117
"C:/Users/yabu-/source/repos/yabu-85/ChronoTrial/Content/NewCharacter/kougeki2_Anim.uexp" 1118
"C:/Users/yabu-/source/repos/yabu-85/ChronoTrial/Content/NewCharacter/NewAttackAnim/Motion_Attack_Anim_attack_ALL.uasset" 1119
"C:/Users/yabu-/source/repos/yabu-85/ChronoTrial/Content/NewCharacter/NewAttackAnim/Motion_Attack_Anim_attack_ALL.uexp" 1120
"../../../Engine/Plugins/FX/Niagara/Content/DynamicInputs/Lerp/Lerp_Float.uasset" 1121
"../../../Engine/Plugins/FX/Niagara/Content/DynamicInputs/Lerp/Lerp_Float.uexp" 1122
"C:/Users/yabu-/source/repos/yabu-85/ChronoTrial/Content/NewCreateFX/effects/Acc/effects/tex/Animation_W2.uasset" 1123
"C:/Users/yabu-/source/repos/yabu-85/ChronoTrial/Content/NewCreateFX/effects/Acc/effects/tex/Animation_W2.uexp" 1124
"C:/Users/yabu-/source/repos/yabu-85/ChronoTrial/Content/NewCreateFX/effects/Acc/effects/mat/M_Accelerate.uasset" 1125
"C:/Users/yabu-/source/repos/yabu-85/ChronoTrial/Content/NewCreateFX/effects/Acc/effects/mat/M_Accelerate.uexp" 1126
"C:/Users/yabu-/source/repos/yabu-85/ChronoTrial/Content/NewCreateFX/effects/Acc/effects/NS_Acc.uasset" 1127
"C:/Users/yabu-/source/repos/yabu-85/ChronoTrial/Content/NewCreateFX/effects/Acc/effects/NS_Acc.uexp" 1128
"C:/Users/yabu-/source/repos/yabu-85/ChronoTrial/Content/NewCreateFX/effects/Acc/effects/mat/M_Aura_Sub.uasset" 1129
"C:/Users/yabu-/source/repos/yabu-85/ChronoTrial/Content/NewCreateFX/effects/Acc/effects/mat/M_Aura_Sub.uexp" 1130
"C:/Users/yabu-/source/repos/yabu-85/ChronoTrial/Content/NewCreateFX/effects/Acc/effects/mat/M_Effect.uasset" 1131
"C:/Users/yabu-/source/repos/yabu-85/ChronoTrial/Content/NewCreateFX/effects/Acc/effects/mat/M_Effect.uexp" 1132
"C:/Users/yabu-/source/repos/yabu-85/ChronoTrial/Content/NewCreateFX/effects/Acc/effects/tex/Animation_W1.uasset" 1133
"C:/Users/yabu-/source/repos/yabu-85/ChronoTrial/Content/NewCreateFX/effects/Acc/effects/tex/Animation_W1.uexp" 1134
"C:/Users/yabu-/source/repos/yabu-85/ChronoTrial/Content/NewCreateFX/effects/Acc/effects/tex/k.uasset" 1135
"C:/Users/yabu-/source/repos/yabu-85/ChronoTrial/Content/NewCreateFX/effects/Acc/effects/tex/k.uexp" 1136
"C:/Users/yabu-/source/repos/yabu-85/ChronoTrial/Content/NewCreateFX/effects/Acc/effects/tex/k.ubulk" 1137
"C:/Users/yabu-/source/repos/yabu-85/ChronoTrial/Content/NewCreateFX/effects/Acc/effects/tex/white_A.uasset" 1138
"C:/Users/yabu-/source/repos/yabu-85/ChronoTrial/Content/NewCreateFX/effects/Acc/effects/tex/white_A.uexp" 1139
"C:/Users/yabu-/source/repos/yabu-85/ChronoTrial/Content/NewCreateFX/effects/Acc/effects/tex/white_RGB.uasset" 1140
"C:/Users/yabu-/source/repos/yabu-85/ChronoTrial/Content/NewCreateFX/effects/Acc/effects/tex/white_RGB.uexp" 1141
"C:/Users/yabu-/source/repos/yabu-85/ChronoTrial/Content/NewCreateFX/effects/EnemyApp/effects/tex/white_A.uasset" 1142
"C:/Users/yabu-/source/repos/yabu-85/ChronoTrial/Content/NewCreateFX/effects/EnemyApp/effects/tex/white_A.uexp" 1143
"C:/Users/yabu-/source/repos/yabu-85/ChronoTrial/Content/NewCreateFX/effects/EnemyApp/effects/tex/white_RGB.uasset" 1144
"C:/Users/yabu-/source/repos/yabu-85/ChronoTrial/Content/NewCreateFX/effects/EnemyApp/effects/tex/white_RGB.uexp" 1145
"C:/Users/yabu-/source/repos/yabu-85/ChronoTrial/Content/NewCreateFX/effects/Hit/effects/tex/white_A.uasset" 1146
"C:/Users/yabu-/source/repos/yabu-85/ChronoTrial/Content/NewCreateFX/effects/Hit/effects/tex/white_A.uexp" 1147
"C:/Users/yabu-/source/repos/yabu-85/ChronoTrial/Content/NewCreateFX/effects/Hit/effects/tex/white_RGB.uasset" 1148
"C:/Users/yabu-/source/repos/yabu-85/ChronoTrial/Content/NewCreateFX/effects/Hit/effects/tex/white_RGB.uexp" 1149
"C:/Users/yabu-/source/repos/yabu-85/ChronoTrial/Content/NewCreateFX/effects/Retor/effects/tex/white_A.uasset" 1150
"C:/Users/yabu-/source/repos/yabu-85/ChronoTrial/Content/NewCreateFX/effects/Retor/effects/tex/white_A.uexp" 1151
"C:/Users/yabu-/source/repos/yabu-85/ChronoTrial/Content/NewCreateFX/effects/Retor/effects/tex/white_RGB.uasset" 1152
"C:/Users/yabu-/source/repos/yabu-85/ChronoTrial/Content/NewCreateFX/effects/Retor/effects/tex/white_RGB.uexp" 1153
"C:/Users/yabu-/source/repos/yabu-85/ChronoTrial/Content/RoomCheckObjectBP/bullet_nai.uasset" 1154
"C:/Users/yabu-/source/repos/yabu-85/ChronoTrial/Content/RoomCheckObjectBP/bullet_nai.uexp" 1155
"C:/Users/yabu-/source/repos/yabu-85/ChronoTrial/Content/Sounds/SE/PlayerSE/SE_Run.uasset" 1156
"C:/Users/yabu-/source/repos/yabu-85/ChronoTrial/Content/Sounds/SE/PlayerSE/SE_Run.uexp" 1157
"C:/Users/yabu-/source/repos/yabu-85/ChronoTrial/Content/StageModel/Texture/Wall_4_Roughness.uasset" 1158
"C:/Users/yabu-/source/repos/yabu-85/ChronoTrial/Content/StageModel/Texture/Wall_4_Roughness.uexp" 1159
"C:/Users/yabu-/source/repos/yabu-85/ChronoTrial/Content/StageModel/Texture/Wall_4_Roughness.ubulk" 1160
"C:/Users/yabu-/source/repos/yabu-85/ChronoTrial/Content/StageModel/Texture/Wall_4_Normal_OpenGL.uasset" 1161
"C:/Users/yabu-/source/repos/yabu-85/ChronoTrial/Content/StageModel/Texture/Wall_4_Normal_OpenGL.uexp" 1162
"C:/Users/yabu-/source/repos/yabu-85/ChronoTrial/Content/StageModel/Texture/Wall_4_Normal_OpenGL.ubulk" 1163
"C:/Users/yabu-/source/repos/yabu-85/ChronoTrial/Content/StageModel/Texture/Wall_4_Emissive.uasset" 1164
"C:/Users/yabu-/source/repos/yabu-85/ChronoTrial/Content/StageModel/Texture/Wall_4_Emissive.uexp" 1165
"C:/Users/yabu-/source/repos/yabu-85/ChronoTrial/Content/StageModel/Texture/Wall_4_Emissive.ubulk" 1166
"C:/Users/yabu-/source/repos/yabu-85/ChronoTrial/Content/StageModel/Texture/Wall_4_Base_color.uasset" 1167
"C:/Users/yabu-/source/repos/yabu-85/ChronoTrial/Content/StageModel/Texture/Wall_4_Base_color.uexp" 1168
"C:/Users/yabu-/source/repos/yabu-85/ChronoTrial/Content/StageModel/Texture/Wall_4_Base_color.ubulk" 1169
"C:/Users/yabu-/source/repos/yabu-85/ChronoTrial/Content/StageModel/M_Wall4.uasset" 1170
"C:/Users/yabu-/source/repos/yabu-85/ChronoTrial/Content/StageModel/M_Wall4.uexp" 1171
"C:/Users/yabu-/source/repos/yabu-85/ChronoTrial/Content/StageModel/Wall4.uasset" 1172
"C:/Users/yabu-/source/repos/yabu-85/ChronoTrial/Content/StageModel/Wall4.uexp" 1173
"C:/Users/yabu-/source/repos/yabu-85/ChronoTrial/Content/StageModel/Boss/obj10.uasset" 1174
"C:/Users/yabu-/source/repos/yabu-85/ChronoTrial/Content/StageModel/Boss/obj10.uexp" 1175
"C:/Users/yabu-/source/repos/yabu-85/ChronoTrial/Content/StageModel/Boss/Boss_polySurface349.uasset" 1176
"C:/Users/yabu-/source/repos/yabu-85/ChronoTrial/Content/StageModel/Boss/Boss_polySurface349.uexp" 1177
"C:/Users/yabu-/source/repos/yabu-85/ChronoTrial/Content/StageModel/Boss/Texture/bossroom.uasset" 1178
"C:/Users/yabu-/source/repos/yabu-85/ChronoTrial/Content/StageModel/Boss/Texture/bossroom.uexp" 1179
"C:/Users/yabu-/source/repos/yabu-85/ChronoTrial/Content/StageModel/Boss/Texture/Close_Base_color_1002.uasset" 1180
"C:/Users/yabu-/source/repos/yabu-85/ChronoTrial/Content/StageModel/Boss/Texture/Close_Base_color_1002.uexp" 1181
"C:/Users/yabu-/source/repos/yabu-85/ChronoTrial/Content/StageModel/Boss/Texture/Close_Base_color_1002.ubulk" 1182
"C:/Users/yabu-/source/repos/yabu-85/ChronoTrial/Content/StageModel/Boss/Texture/cupsule_sita.uasset" 1183
"C:/Users/yabu-/source/repos/yabu-85/ChronoTrial/Content/StageModel/Boss/Texture/cupsule_sita.uexp" 1184
"C:/Users/yabu-/source/repos/yabu-85/ChronoTrial/Content/StageModel/Boss/Texture/cupsule_sita.ubulk" 1185
"C:/Users/yabu-/source/repos/yabu-85/ChronoTrial/Content/StageModel/Boss/Texture/cupsule_ue.uasset" 1186
"C:/Users/yabu-/source/repos/yabu-85/ChronoTrial/Content/StageModel/Boss/Texture/cupsule_ue.uexp" 1187
"C:/Users/yabu-/source/repos/yabu-85/ChronoTrial/Content/StageModel/Boss/Texture/cupsule_ue.ubulk" 1188
"C:/Users/yabu-/source/repos/yabu-85/ChronoTrial/Content/StageModel/Boss/Texture/door.uasset" 1189
"C:/Users/yabu-/source/repos/yabu-85/ChronoTrial/Content/StageModel/Boss/Texture/door.uexp" 1190
"C:/Users/yabu-/source/repos/yabu-85/ChronoTrial/Content/StageModel/Boss/Texture/kabe_big_pipe.uasset" 1191
"C:/Users/yabu-/source/repos/yabu-85/ChronoTrial/Content/StageModel/Boss/Texture/kabe_big_pipe.uexp" 1192
"C:/Users/yabu-/source/repos/yabu-85/ChronoTrial/Content/StageModel/Boss/Texture/kabe_big_pipe.ubulk" 1193
"C:/Users/yabu-/source/repos/yabu-85/ChronoTrial/Content/StageModel/Boss/Texture/kabe_pipe.uasset" 1194
"C:/Users/yabu-/source/repos/yabu-85/ChronoTrial/Content/StageModel/Boss/Texture/kabe_pipe.uexp" 1195
"C:/Users/yabu-/source/repos/yabu-85/ChronoTrial/Content/StageModel/Boss/Texture/kabe_small_pipe.uasset" 1196
"C:/Users/yabu-/source/repos/yabu-85/ChronoTrial/Content/StageModel/Boss/Texture/kabe_small_pipe.uexp" 1197
"C:/Users/yabu-/source/repos/yabu-85/ChronoTrial/Content/StageModel/Boss/Texture/light.uasset" 1198
"C:/Users/yabu-/source/repos/yabu-85/ChronoTrial/Content/StageModel/Boss/Texture/light.uexp" 1199
"C:/Users/yabu-/source/repos/yabu-85/ChronoTrial/Content/StageModel/Boss/Texture/pipe_totte.uasset" 1200
"C:/Users/yabu-/source/repos/yabu-85/ChronoTrial/Content/StageModel/Boss/Texture/pipe_totte.uexp" 1201
"C:/Users/yabu-/source/repos/yabu-85/ChronoTrial/Content/StageModel/Boss/Texture/yuka_pipe.uasset" 1202
"C:/Users/yabu-/source/repos/yabu-85/ChronoTrial/Content/StageModel/Boss/Texture/yuka_pipe.uexp" 1203
"C:/Users/yabu-/source/repos/yabu-85/ChronoTrial/Content/StageModel/Texture/Aisle_Height_1001.uasset" 1204
"C:/Users/yabu-/source/repos/yabu-85/ChronoTrial/Content/StageModel/Texture/Aisle_Height_1001.uexp" 1205
"C:/Users/yabu-/source/repos/yabu-85/ChronoTrial/Content/StageModel/Texture/Aisle_Height_1001.ubulk" 1206
"C:/Users/yabu-/source/repos/yabu-85/ChronoTrial/Content/StageModel/Texture/Normal_Height_1001.uasset" 1207
"C:/Users/yabu-/source/repos/yabu-85/ChronoTrial/Content/StageModel/Texture/Normal_Height_1001.uexp" 1208
"C:/Users/yabu-/source/repos/yabu-85/ChronoTrial/Content/StageModel/Texture/Normal_Height_1001.ubulk" 1209
"C:/Users/yabu-/source/repos/yabu-85/ChronoTrial/Content/StageModel/Texture/Waiting_Height_1001.uasset" 1210
"C:/Users/yabu-/source/repos/yabu-85/ChronoTrial/Content/StageModel/Texture/Waiting_Height_1001.uexp" 1211
"C:/Users/yabu-/source/repos/yabu-85/ChronoTrial/Content/StageModel/Texture/Waiting_Height_1001.ubulk" 1212
"C:/Users/yabu-/source/repos/yabu-85/ChronoTrial/Content/StageModel/Texture/Wall_1_Height_1001.uasset" 1213
"C:/Users/yabu-/source/repos/yabu-85/ChronoTrial/Content/StageModel/Texture/Wall_1_Height_1001.uexp" 1214
"C:/Users/yabu-/source/repos/yabu-85/ChronoTrial/Content/StageModel/Texture/Wall_1_Height_1001.ubulk" 1215
"C:/Users/yabu-/source/repos/yabu-85/ChronoTrial/Content/StageModel/Texture/Wall_2_Height.uasset" 1216
"C:/Users/yabu-/source/repos/yabu-85/ChronoTrial/Content/StageModel/Texture/Wall_2_Height.uexp" 1217
"C:/Users/yabu-/source/repos/yabu-85/ChronoTrial/Content/StageModel/Texture/Wall_2_Height.ubulk" 1218
"C:/Users/yabu-/source/repos/yabu-85/ChronoTrial/Content/StageModel/Texture/Wall_3_Height.uasset" 1219
"C:/Users/yabu-/source/repos/yabu-85/ChronoTrial/Content/StageModel/Texture/Wall_3_Height.uexp" 1220
"C:/Users/yabu-/source/repos/yabu-85/ChronoTrial/Content/StageModel/Texture/Wall_3_Height.ubulk" 1221
"C:/Users/yabu-/source/repos/yabu-85/ChronoTrial/Content/StageModel/Texture/Wall_4_Height.uasset" 1222
"C:/Users/yabu-/source/repos/yabu-85/ChronoTrial/Content/StageModel/Texture/Wall_4_Height.uexp" 1223
"C:/Users/yabu-/source/repos/yabu-85/ChronoTrial/Content/StageModel/Texture/Wall_4_Height.ubulk" 1224
"C:/Users/yabu-/source/repos/yabu-85/ChronoTrial/Content/StarterContent/Materials/M_Basic_Floor.uasset" 1225
"C:/Users/yabu-/source/repos/yabu-85/ChronoTrial/Content/StarterContent/Materials/M_Basic_Floor.uexp" 1226
"C:/Users/yabu-/source/repos/yabu-85/ChronoTrial/Content/StarterContent/Architecture/Floor_400x400.uasset" 1227
"C:/Users/yabu-/source/repos/yabu-85/ChronoTrial/Content/StarterContent/Architecture/Floor_400x400.uexp" 1228
"C:/Users/yabu-/source/repos/yabu-85/ChronoTrial/Content/StarterContent/Architecture/Pillar_50x500.uasset" 1229
"C:/Users/yabu-/source/repos/yabu-85/ChronoTrial/Content/StarterContent/Architecture/Pillar_50x500.uexp" 1230
"C:/Users/yabu-/source/repos/yabu-85/ChronoTrial/Content/StarterContent/Materials/M_AssetPlatform.uasset" 1231
"C:/Users/yabu-/source/repos/yabu-85/ChronoTrial/Content/StarterContent/Materials/M_AssetPlatform.uexp" 1232
"C:/Users/yabu-/source/repos/yabu-85/ChronoTrial/Content/StarterContent/Architecture/SM_AssetPlatform.uasset" 1233
"C:/Users/yabu-/source/repos/yabu-85/ChronoTrial/Content/StarterContent/Architecture/SM_AssetPlatform.uexp" 1234
"C:/Users/yabu-/source/repos/yabu-85/ChronoTrial/Content/StarterContent/Architecture/Wall_400x200.uasset" 1235
"C:/Users/yabu-/source/repos/yabu-85/ChronoTrial/Content/StarterContent/Architecture/Wall_400x200.uexp" 1236
"C:/Users/yabu-/source/repos/yabu-85/ChronoTrial/Content/StarterContent/Architecture/Wall_400x300.uasset" 1237
"C:/Users/yabu-/source/repos/yabu-85/ChronoTrial/Content/StarterContent/Architecture/Wall_400x300.uexp" 1238
"C:/Users/yabu-/source/repos/yabu-85/ChronoTrial/Content/StarterContent/Architecture/Wall_400x400.uasset" 1239
"C:/Users/yabu-/source/repos/yabu-85/ChronoTrial/Content/StarterContent/Architecture/Wall_400x400.uexp" 1240
"C:/Users/yabu-/source/repos/yabu-85/ChronoTrial/Content/StarterContent/Architecture/Wall_500x500.uasset" 1241
"C:/Users/yabu-/source/repos/yabu-85/ChronoTrial/Content/StarterContent/Architecture/Wall_500x500.uexp" 1242
"C:/Users/yabu-/source/repos/yabu-85/ChronoTrial/Content/StarterContent/Architecture/Wall_Door_400x300.uasset" 1243
"C:/Users/yabu-/source/repos/yabu-85/ChronoTrial/Content/StarterContent/Architecture/Wall_Door_400x300.uexp" 1244
"C:/Users/yabu-/source/repos/yabu-85/ChronoTrial/Content/StarterContent/Architecture/Wall_Door_400x400.uasset" 1245
"C:/Users/yabu-/source/repos/yabu-85/ChronoTrial/Content/StarterContent/Architecture/Wall_Door_400x400.uexp" 1246
"C:/Users/yabu-/source/repos/yabu-85/ChronoTrial/Content/StarterContent/Architecture/Wall_Window_400x300.uasset" 1247
"C:/Users/yabu-/source/repos/yabu-85/ChronoTrial/Content/StarterContent/Architecture/Wall_Window_400x300.uexp" 1248
"C:/Users/yabu-/source/repos/yabu-85/ChronoTrial/Content/StarterContent/Architecture/Wall_Window_400x400.uasset" 1249
"C:/Users/yabu-/source/repos/yabu-85/ChronoTrial/Content/StarterContent/Architecture/Wall_Window_400x400.uexp" 1250
"C:/Users/yabu-/source/repos/yabu-85/ChronoTrial/Content/StarterContent/Audio/Collapse01.uasset" 1251
"C:/Users/yabu-/source/repos/yabu-85/ChronoTrial/Content/StarterContent/Audio/Collapse01.uexp" 1252
"C:/Users/yabu-/source/repos/yabu-85/ChronoTrial/Content/StarterContent/Audio/Collapse02.uasset" 1253
"C:/Users/yabu-/source/repos/yabu-85/ChronoTrial/Content/StarterContent/Audio/Collapse02.uexp" 1254
"C:/Users/yabu-/source/repos/yabu-85/ChronoTrial/Content/StarterContent/Audio/Collapse_Cue.uasset" 1255
"C:/Users/yabu-/source/repos/yabu-85/ChronoTrial/Content/StarterContent/Audio/Collapse_Cue.uexp" 1256
"C:/Users/yabu-/source/repos/yabu-85/ChronoTrial/Content/StarterContent/Audio/Explosion01.uasset" 1257
"C:/Users/yabu-/source/repos/yabu-85/ChronoTrial/Content/StarterContent/Audio/Explosion01.uexp" 1258
"C:/Users/yabu-/source/repos/yabu-85/ChronoTrial/Content/StarterContent/Audio/Explosion02.uasset" 1259
"C:/Users/yabu-/source/repos/yabu-85/ChronoTrial/Content/StarterContent/Audio/Explosion02.uexp" 1260
"C:/Users/yabu-/source/repos/yabu-85/ChronoTrial/Content/StarterContent/Audio/Explosion_Cue.uasset" 1261
"C:/Users/yabu-/source/repos/yabu-85/ChronoTrial/Content/StarterContent/Audio/Explosion_Cue.uexp" 1262
"C:/Users/yabu-/source/repos/yabu-85/ChronoTrial/Content/StarterContent/Audio/Fire01.uasset" 1263
"C:/Users/yabu-/source/repos/yabu-85/ChronoTrial/Content/StarterContent/Audio/Fire01.uexp" 1264
"C:/Users/yabu-/source/repos/yabu-85/ChronoTrial/Content/StarterContent/Audio/Fire01_Cue.uasset" 1265
"C:/Users/yabu-/source/repos/yabu-85/ChronoTrial/Content/StarterContent/Audio/Fire01_Cue.uexp" 1266
"C:/Users/yabu-/source/repos/yabu-85/ChronoTrial/Content/StarterContent/Audio/Fire_Sparks01.uasset" 1267
"C:/Users/yabu-/source/repos/yabu-85/ChronoTrial/Content/StarterContent/Audio/Fire_Sparks01.uexp" 1268
"C:/Users/yabu-/source/repos/yabu-85/ChronoTrial/Content/StarterContent/Audio/Fire_Sparks01_Cue.uasset" 1269
"C:/Users/yabu-/source/repos/yabu-85/ChronoTrial/Content/StarterContent/Audio/Fire_Sparks01_Cue.uexp" 1270
"C:/Users/yabu-/source/repos/yabu-85/ChronoTrial/Content/StarterContent/Audio/Light01.uasset" 1271
"C:/Users/yabu-/source/repos/yabu-85/ChronoTrial/Content/StarterContent/Audio/Light01.uexp" 1272
"C:/Users/yabu-/source/repos/yabu-85/ChronoTrial/Content/StarterContent/Audio/Light01_Cue.uasset" 1273
"C:/Users/yabu-/source/repos/yabu-85/ChronoTrial/Content/StarterContent/Audio/Light01_Cue.uexp" 1274
"C:/Users/yabu-/source/repos/yabu-85/ChronoTrial/Content/StarterContent/Audio/Light02.uasset" 1275
"C:/Users/yabu-/source/repos/yabu-85/ChronoTrial/Content/StarterContent/Audio/Light02.uexp" 1276
"C:/Users/yabu-/source/repos/yabu-85/ChronoTrial/Content/StarterContent/Audio/Light02_Cue.uasset" 1277
"C:/Users/yabu-/source/repos/yabu-85/ChronoTrial/Content/StarterContent/Audio/Light02_Cue.uexp" 1278
"C:/Users/yabu-/source/repos/yabu-85/ChronoTrial/Content/StarterContent/Audio/Smoke01.uasset" 1279
"C:/Users/yabu-/source/repos/yabu-85/ChronoTrial/Content/StarterContent/Audio/Smoke01.uexp" 1280
"C:/Users/yabu-/source/repos/yabu-85/ChronoTrial/Content/StarterContent/Audio/Smoke01_Cue.uasset" 1281
"C:/Users/yabu-/source/repos/yabu-85/ChronoTrial/Content/StarterContent/Audio/Smoke01_Cue.uexp" 1282
"C:/Users/yabu-/source/repos/yabu-85/ChronoTrial/Content/StarterContent/Audio/Starter_Background_Cue.uasset" 1283
"C:/Users/yabu-/source/repos/yabu-85/ChronoTrial/Content/StarterContent/Audio/Starter_Background_Cue.uexp" 1284
"C:/Users/yabu-/source/repos/yabu-85/ChronoTrial/Content/StarterContent/Audio/Starter_Birds01.uasset" 1285
"C:/Users/yabu-/source/repos/yabu-85/ChronoTrial/Content/StarterContent/Audio/Starter_Birds01.uexp" 1286
"C:/Users/yabu-/source/repos/yabu-85/ChronoTrial/Content/StarterContent/Audio/Starter_Music01.uasset" 1287
"C:/Users/yabu-/source/repos/yabu-85/ChronoTrial/Content/StarterContent/Audio/Starter_Music01.uexp" 1288
"C:/Users/yabu-/source/repos/yabu-85/ChronoTrial/Content/StarterContent/Audio/Starter_Music_Cue.uasset" 1289
"C:/Users/yabu-/source/repos/yabu-85/ChronoTrial/Content/StarterContent/Audio/Starter_Music_Cue.uexp" 1290
"C:/Users/yabu-/source/repos/yabu-85/ChronoTrial/Content/StarterContent/Audio/Starter_Wind05.uasset" 1291
"C:/Users/yabu-/source/repos/yabu-85/ChronoTrial/Content/StarterContent/Audio/Starter_Wind05.uexp" 1292
"C:/Users/yabu-/source/repos/yabu-85/ChronoTrial/Content/StarterContent/Audio/Starter_Wind06.uasset" 1293
"C:/Users/yabu-/source/repos/yabu-85/ChronoTrial/Content/StarterContent/Audio/Starter_Wind06.uexp" 1294
"C:/Users/yabu-/source/repos/yabu-85/ChronoTrial/Content/StarterContent/Audio/Steam01.uasset" 1295
"C:/Users/yabu-/source/repos/yabu-85/ChronoTrial/Content/StarterContent/Audio/Steam01.uexp" 1296
"C:/Users/yabu-/source/repos/yabu-85/ChronoTrial/Content/StarterContent/Audio/Steam01_Cue.uasset" 1297
"C:/Users/yabu-/source/repos/yabu-85/ChronoTrial/Content/StarterContent/Audio/Steam01_Cue.uexp" 1298
"C:/Users/yabu-/source/repos/yabu-85/ChronoTrial/Content/StarterContent/Textures/T_Brick_Clay_Beveled_N.uasset" 1299
"C:/Users/yabu-/source/repos/yabu-85/ChronoTrial/Content/StarterContent/Textures/T_Brick_Clay_Beveled_N.uexp" 1300
"C:/Users/yabu-/source/repos/yabu-85/ChronoTrial/Content/StarterContent/Textures/T_Brick_Clay_Beveled_N.ubulk" 1301
"C:/Users/yabu-/source/repos/yabu-85/ChronoTrial/Content/StarterContent/Textures/T_Brick_Clay_Beveled_M.uasset" 1302
"C:/Users/yabu-/source/repos/yabu-85/ChronoTrial/Content/StarterContent/Textures/T_Brick_Clay_Beveled_M.uexp" 1303
"C:/Users/yabu-/source/repos/yabu-85/ChronoTrial/Content/StarterContent/Textures/T_Brick_Clay_Beveled_M.ubulk" 1304
"C:/Users/yabu-/source/repos/yabu-85/ChronoTrial/Content/StarterContent/Textures/T_Brick_Clay_Beveled_D.uasset" 1305
"C:/Users/yabu-/source/repos/yabu-85/ChronoTrial/Content/StarterContent/Textures/T_Brick_Clay_Beveled_D.uexp" 1306
"C:/Users/yabu-/source/repos/yabu-85/ChronoTrial/Content/StarterContent/Textures/T_Brick_Clay_Beveled_D.ubulk" 1307
"C:/Users/yabu-/source/repos/yabu-85/ChronoTrial/Content/StarterContent/Materials/M_Brick_Clay_Beveled.uasset" 1308
"C:/Users/yabu-/source/repos/yabu-85/ChronoTrial/Content/StarterContent/Materials/M_Brick_Clay_Beveled.uexp" 1309
"C:/Users/yabu-/source/repos/yabu-85/ChronoTrial/Content/StarterContent/Textures/T_Detail_Rocky_N.uasset" 1310
"C:/Users/yabu-/source/repos/yabu-85/ChronoTrial/Content/StarterContent/Textures/T_Detail_Rocky_N.uexp" 1311
"C:/Users/yabu-/source/repos/yabu-85/ChronoTrial/Content/StarterContent/Textures/T_Detail_Rocky_N.ubulk" 1312
"C:/Users/yabu-/source/repos/yabu-85/ChronoTrial/Content/StarterContent/Textures/T_Brick_Clay_New_N.uasset" 1313
"C:/Users/yabu-/source/repos/yabu-85/ChronoTrial/Content/StarterContent/Textures/T_Brick_Clay_New_N.uexp" 1314
"C:/Users/yabu-/source/repos/yabu-85/ChronoTrial/Content/StarterContent/Textures/T_Brick_Clay_New_M.uasset" 1315
"C:/Users/yabu-/source/repos/yabu-85/ChronoTrial/Content/StarterContent/Textures/T_Brick_Clay_New_M.uexp" 1316
"C:/Users/yabu-/source/repos/yabu-85/ChronoTrial/Content/StarterContent/Textures/T_Brick_Clay_New_D.uasset" 1317
"C:/Users/yabu-/source/repos/yabu-85/ChronoTrial/Content/StarterContent/Textures/T_Brick_Clay_New_D.uexp" 1318
"C:/Users/yabu-/source/repos/yabu-85/ChronoTrial/Content/StarterContent/Textures/T_Brick_Clay_New_D.ubulk" 1319
"C:/Users/yabu-/source/repos/yabu-85/ChronoTrial/Content/StarterContent/Materials/M_Brick_Clay_New.uasset" 1320
"C:/Users/yabu-/source/repos/yabu-85/ChronoTrial/Content/StarterContent/Materials/M_Brick_Clay_New.uexp" 1321
"C:/Users/yabu-/source/repos/yabu-85/ChronoTrial/Content/StarterContent/Textures/T_Perlin_Noise_M.uasset" 1322
"C:/Users/yabu-/source/repos/yabu-85/ChronoTrial/Content/StarterContent/Textures/T_Perlin_Noise_M.uexp" 1323
"C:/Users/yabu-/source/repos/yabu-85/ChronoTrial/Content/StarterContent/Textures/T_Perlin_Noise_M.ubulk" 1324
"C:/Users/yabu-/source/repos/yabu-85/ChronoTrial/Content/StarterContent/Textures/T_Brick_Clay_Old_N.uasset" 1325
"C:/Users/yabu-/source/repos/yabu-85/ChronoTrial/Content/StarterContent/Textures/T_Brick_Clay_Old_N.uexp" 1326
"C:/Users/yabu-/source/repos/yabu-85/ChronoTrial/Content/StarterContent/Textures/T_Brick_Clay_Old_N.ubulk" 1327
"C:/Users/yabu-/source/repos/yabu-85/ChronoTrial/Content/StarterContent/Textures/T_Brick_Clay_Old_D.uasset" 1328
"C:/Users/yabu-/source/repos/yabu-85/ChronoTrial/Content/StarterContent/Textures/T_Brick_Clay_Old_D.uexp" 1329
"C:/Users/yabu-/source/repos/yabu-85/ChronoTrial/Content/StarterContent/Textures/T_Brick_Clay_Old_D.ubulk" 1330
"C:/Users/yabu-/source/repos/yabu-85/ChronoTrial/Content/StarterContent/Materials/M_Brick_Clay_Old.uasset" 1331
"C:/Users/yabu-/source/repos/yabu-85/ChronoTrial/Content/StarterContent/Materials/M_Brick_Clay_Old.uexp" 1332
"C:/Users/yabu-/source/repos/yabu-85/ChronoTrial/Content/StarterContent/Textures/T_Brick_Cut_Stone_N.uasset" 1333
"C:/Users/yabu-/source/repos/yabu-85/ChronoTrial/Content/StarterContent/Textures/T_Brick_Cut_Stone_N.uexp" 1334
"C:/Users/yabu-/source/repos/yabu-85/ChronoTrial/Content/StarterContent/Textures/T_Brick_Cut_Stone_N.ubulk" 1335
"C:/Users/yabu-/source/repos/yabu-85/ChronoTrial/Content/StarterContent/Textures/T_Brick_Cut_Stone_D.uasset" 1336
"C:/Users/yabu-/source/repos/yabu-85/ChronoTrial/Content/StarterContent/Textures/T_Brick_Cut_Stone_D.uexp" 1337
"C:/Users/yabu-/source/repos/yabu-85/ChronoTrial/Content/StarterContent/Textures/T_Brick_Cut_Stone_D.ubulk" 1338
"C:/Users/yabu-/source/repos/yabu-85/ChronoTrial/Content/StarterContent/Materials/M_Brick_Cut_Stone.uasset" 1339
"C:/Users/yabu-/source/repos/yabu-85/ChronoTrial/Content/StarterContent/Materials/M_Brick_Cut_Stone.uexp" 1340
"C:/Users/yabu-/source/repos/yabu-85/ChronoTrial/Content/StarterContent/Textures/T_Brick_Hewn_Stone_N.uasset" 1341
"C:/Users/yabu-/source/repos/yabu-85/ChronoTrial/Content/StarterContent/Textures/T_Brick_Hewn_Stone_N.uexp" 1342
"C:/Users/yabu-/source/repos/yabu-85/ChronoTrial/Content/StarterContent/Textures/T_Brick_Hewn_Stone_N.ubulk" 1343
"C:/Users/yabu-/source/repos/yabu-85/ChronoTrial/Content/StarterContent/Textures/T_Brick_Hewn_Stone_M.uasset" 1344
"C:/Users/yabu-/source/repos/yabu-85/ChronoTrial/Content/StarterContent/Textures/T_Brick_Hewn_Stone_M.uexp" 1345
"C:/Users/yabu-/source/repos/yabu-85/ChronoTrial/Content/StarterContent/Textures/T_Brick_Hewn_Stone_M.ubulk" 1346
"C:/Users/yabu-/source/repos/yabu-85/ChronoTrial/Content/StarterContent/Textures/T_Brick_Hewn_Stone_D.uasset" 1347
"C:/Users/yabu-/source/repos/yabu-85/ChronoTrial/Content/StarterContent/Textures/T_Brick_Hewn_Stone_D.uexp" 1348
"C:/Users/yabu-/source/repos/yabu-85/ChronoTrial/Content/StarterContent/Textures/T_Brick_Hewn_Stone_D.ubulk" 1349
"C:/Users/yabu-/source/repos/yabu-85/ChronoTrial/Content/StarterContent/Materials/M_Brick_Hewn_Stone.uasset" 1350
"C:/Users/yabu-/source/repos/yabu-85/ChronoTrial/Content/StarterContent/Materials/M_Brick_Hewn_Stone.uexp" 1351
"C:/Users/yabu-/source/repos/yabu-85/ChronoTrial/Content/StarterContent/Textures/T_Rock_Marble_Polished_D.uasset" 1352
"C:/Users/yabu-/source/repos/yabu-85/ChronoTrial/Content/StarterContent/Textures/T_Rock_Marble_Polished_D.uexp" 1353
"C:/Users/yabu-/source/repos/yabu-85/ChronoTrial/Content/StarterContent/Textures/T_Rock_Marble_Polished_D.ubulk" 1354
"C:/Users/yabu-/source/repos/yabu-85/ChronoTrial/Content/StarterContent/Textures/T_Ceramic_Tile_N.uasset" 1355
"C:/Users/yabu-/source/repos/yabu-85/ChronoTrial/Content/StarterContent/Textures/T_Ceramic_Tile_N.uexp" 1356
"C:/Users/yabu-/source/repos/yabu-85/ChronoTrial/Content/StarterContent/Textures/T_Ceramic_Tile_N.ubulk" 1357
"C:/Users/yabu-/source/repos/yabu-85/ChronoTrial/Content/StarterContent/Textures/T_Ceramic_Tile_M.uasset" 1358
"C:/Users/yabu-/source/repos/yabu-85/ChronoTrial/Content/StarterContent/Textures/T_Ceramic_Tile_M.uexp" 1359
"C:/Users/yabu-/source/repos/yabu-85/ChronoTrial/Content/StarterContent/Textures/T_Ceramic_Tile_M.ubulk" 1360
"C:/Users/yabu-/source/repos/yabu-85/ChronoTrial/Content/StarterContent/Materials/M_Ceramic_Tile_Checker.uasset" 1361
"C:/Users/yabu-/source/repos/yabu-85/ChronoTrial/Content/StarterContent/Materials/M_Ceramic_Tile_Checker.uexp" 1362
"C:/Users/yabu-/source/repos/yabu-85/ChronoTrial/Content/StarterContent/Textures/T_CobbleStone_Pebble_N.uasset" 1363
"C:/Users/yabu-/source/repos/yabu-85/ChronoTrial/Content/StarterContent/Textures/T_CobbleStone_Pebble_N.uexp" 1364
"C:/Users/yabu-/source/repos/yabu-85/ChronoTrial/Content/StarterContent/Textures/T_CobbleStone_Pebble_N.ubulk" 1365
"C:/Users/yabu-/source/repos/yabu-85/ChronoTrial/Content/StarterContent/Textures/T_CobbleStone_Pebble_M.uasset" 1366
"C:/Users/yabu-/source/repos/yabu-85/ChronoTrial/Content/StarterContent/Textures/T_CobbleStone_Pebble_M.uexp" 1367
"C:/Users/yabu-/source/repos/yabu-85/ChronoTrial/Content/StarterContent/Textures/T_CobbleStone_Pebble_M.ubulk" 1368
"C:/Users/yabu-/source/repos/yabu-85/ChronoTrial/Content/StarterContent/Textures/T_CobbleStone_Pebble_D.uasset" 1369
"C:/Users/yabu-/source/repos/yabu-85/ChronoTrial/Content/StarterContent/Textures/T_CobbleStone_Pebble_D.uexp" 1370
"C:/Users/yabu-/source/repos/yabu-85/ChronoTrial/Content/StarterContent/Textures/T_CobbleStone_Pebble_D.ubulk" 1371
"C:/Users/yabu-/source/repos/yabu-85/ChronoTrial/Content/StarterContent/Materials/M_CobbleStone_Pebble.uasset" 1372
"C:/Users/yabu-/source/repos/yabu-85/ChronoTrial/Content/StarterContent/Materials/M_CobbleStone_Pebble.uexp" 1373
"C:/Users/yabu-/source/repos/yabu-85/ChronoTrial/Content/StarterContent/Textures/T_Rock_Smooth_Granite_D.uasset" 1374
"C:/Users/yabu-/source/repos/yabu-85/ChronoTrial/Content/StarterContent/Textures/T_Rock_Smooth_Granite_D.uexp" 1375
"C:/Users/yabu-/source/repos/yabu-85/ChronoTrial/Content/StarterContent/Textures/T_Rock_Smooth_Granite_D.ubulk" 1376
"C:/Users/yabu-/source/repos/yabu-85/ChronoTrial/Content/StarterContent/Textures/T_Gradinet_01.uasset" 1377
"C:/Users/yabu-/source/repos/yabu-85/ChronoTrial/Content/StarterContent/Textures/T_Gradinet_01.uexp" 1378
"C:/Users/yabu-/source/repos/yabu-85/ChronoTrial/Content/StarterContent/Textures/T_Gradinet_01.ubulk" 1379
"C:/Users/yabu-/source/repos/yabu-85/ChronoTrial/Content/StarterContent/Textures/T_CobbleStone_Rough_N.uasset" 1380
"C:/Users/yabu-/source/repos/yabu-85/ChronoTrial/Content/StarterContent/Textures/T_CobbleStone_Rough_N.uexp" 1381
"C:/Users/yabu-/source/repos/yabu-85/ChronoTrial/Content/StarterContent/Textures/T_CobbleStone_Rough_N.ubulk" 1382
"C:/Users/yabu-/source/repos/yabu-85/ChronoTrial/Content/StarterContent/Textures/T_CobbleStone_Rough_D.uasset" 1383
"C:/Users/yabu-/source/repos/yabu-85/ChronoTrial/Content/StarterContent/Textures/T_CobbleStone_Rough_D.uexp" 1384
"C:/Users/yabu-/source/repos/yabu-85/ChronoTrial/Content/StarterContent/Textures/T_CobbleStone_Rough_D.ubulk" 1385
"C:/Users/yabu-/source/repos/yabu-85/ChronoTrial/Content/StarterContent/Materials/M_CobbleStone_Rough.uasset" 1386
"C:/Users/yabu-/source/repos/yabu-85/ChronoTrial/Content/StarterContent/Materials/M_CobbleStone_Rough.uexp" 1387
"C:/Users/yabu-/source/repos/yabu-85/ChronoTrial/Content/StarterContent/Textures/T_CobbleStone_Smooth_N.uasset" 1388
"C:/Users/yabu-/source/repos/yabu-85/ChronoTrial/Content/StarterContent/Textures/T_CobbleStone_Smooth_N.uexp" 1389
"C:/Users/yabu-/source/repos/yabu-85/ChronoTrial/Content/StarterContent/Textures/T_CobbleStone_Smooth_N.ubulk" 1390
"C:/Users/yabu-/source/repos/yabu-85/ChronoTrial/Content/StarterContent/Textures/T_CobbleStone_Smooth_M.uasset" 1391
"C:/Users/yabu-/source/repos/yabu-85/ChronoTrial/Content/StarterContent/Textures/T_CobbleStone_Smooth_M.uexp" 1392
"C:/Users/yabu-/source/repos/yabu-85/ChronoTrial/Content/StarterContent/Textures/T_CobbleStone_Smooth_M.ubulk" 1393
"C:/Users/yabu-/source/repos/yabu-85/ChronoTrial/Content/StarterContent/Textures/T_CobbleStone_Smooth_D.uasset" 1394
"C:/Users/yabu-/source/repos/yabu-85/ChronoTrial/Content/StarterContent/Textures/T_CobbleStone_Smooth_D.uexp" 1395
"C:/Users/yabu-/source/repos/yabu-85/ChronoTrial/Content/StarterContent/Textures/T_CobbleStone_Smooth_D.ubulk" 1396
"C:/Users/yabu-/source/repos/yabu-85/ChronoTrial/Content/StarterContent/Materials/M_CobbleStone_Smooth.uasset" 1397
"C:/Users/yabu-/source/repos/yabu-85/ChronoTrial/Content/StarterContent/Materials/M_CobbleStone_Smooth.uexp" 1398
"../../../Engine/Content/EditorMeshes/ColorCalibrator/T_ColorGrid.uasset" 1399
"../../../Engine/Content/EditorMeshes/ColorCalibrator/T_ColorGrid.uexp" 1400
"../../../Engine/Content/EditorMeshes/ColorCalibrator/T_ColorGrid.ubulk" 1401
"C:/Users/yabu-/source/repos/yabu-85/ChronoTrial/Content/StarterContent/Materials/M_ColorGrid_LowSpec.uasset" 1402
"C:/Users/yabu-/source/repos/yabu-85/ChronoTrial/Content/StarterContent/Materials/M_ColorGrid_LowSpec.uexp" 1403
"C:/Users/yabu-/source/repos/yabu-85/ChronoTrial/Content/StarterContent/Textures/T_Metal_Rust_N.uasset" 1404
"C:/Users/yabu-/source/repos/yabu-85/ChronoTrial/Content/StarterContent/Textures/T_Metal_Rust_N.uexp" 1405
"C:/Users/yabu-/source/repos/yabu-85/ChronoTrial/Content/StarterContent/Textures/T_Metal_Rust_N.ubulk" 1406
"C:/Users/yabu-/source/repos/yabu-85/ChronoTrial/Content/StarterContent/Textures/T_Concrete_Grime_D.uasset" 1407
"C:/Users/yabu-/source/repos/yabu-85/ChronoTrial/Content/StarterContent/Textures/T_Concrete_Grime_D.uexp" 1408
"C:/Users/yabu-/source/repos/yabu-85/ChronoTrial/Content/StarterContent/Textures/T_Concrete_Grime_D.ubulk" 1409
"C:/Users/yabu-/source/repos/yabu-85/ChronoTrial/Content/StarterContent/Materials/M_Concrete_Grime.uasset" 1410
"C:/Users/yabu-/source/repos/yabu-85/ChronoTrial/Content/StarterContent/Materials/M_Concrete_Grime.uexp" 1411
"C:/Users/yabu-/source/repos/yabu-85/ChronoTrial/Content/StarterContent/Textures/T_Concrete_Panels_N.uasset" 1412
"C:/Users/yabu-/source/repos/yabu-85/ChronoTrial/Content/StarterContent/Textures/T_Concrete_Panels_N.uexp" 1413
"C:/Users/yabu-/source/repos/yabu-85/ChronoTrial/Content/StarterContent/Textures/T_Concrete_Panels_N.ubulk" 1414
"C:/Users/yabu-/source/repos/yabu-85/ChronoTrial/Content/StarterContent/Textures/T_Concrete_Panels_D.uasset" 1415
"C:/Users/yabu-/source/repos/yabu-85/ChronoTrial/Content/StarterContent/Textures/T_Concrete_Panels_D.uexp" 1416
"C:/Users/yabu-/source/repos/yabu-85/ChronoTrial/Content/StarterContent/Textures/T_Concrete_Panels_D.ubulk" 1417
"C:/Users/yabu-/source/repos/yabu-85/ChronoTrial/Content/StarterContent/Materials/M_Concrete_Panels.uasset" 1418
"C:/Users/yabu-/source/repos/yabu-85/ChronoTrial/Content/StarterContent/Materials/M_Concrete_Panels.uexp" 1419
"C:/Users/yabu-/source/repos/yabu-85/ChronoTrial/Content/StarterContent/Textures/T_Concrete_Tiles_Variation_M.uasset" 1420
"C:/Users/yabu-/source/repos/yabu-85/ChronoTrial/Content/StarterContent/Textures/T_Concrete_Tiles_Variation_M.uexp" 1421
"C:/Users/yabu-/source/repos/yabu-85/ChronoTrial/Content/StarterContent/Textures/T_Concrete_Tiles_Variation_M.ubulk" 1422
"C:/Users/yabu-/source/repos/yabu-85/ChronoTrial/Content/StarterContent/Textures/T_Concrete_Tiles_N.uasset" 1423
"C:/Users/yabu-/source/repos/yabu-85/ChronoTrial/Content/StarterContent/Textures/T_Concrete_Tiles_N.uexp" 1424
"C:/Users/yabu-/source/repos/yabu-85/ChronoTrial/Content/StarterContent/Textures/T_Concrete_Tiles_N.ubulk" 1425
"C:/Users/yabu-/source/repos/yabu-85/ChronoTrial/Content/StarterContent/Textures/T_Concrete_Tiles_M.uasset" 1426
"C:/Users/yabu-/source/repos/yabu-85/ChronoTrial/Content/StarterContent/Textures/T_Concrete_Tiles_M.uexp" 1427
"C:/Users/yabu-/source/repos/yabu-85/ChronoTrial/Content/StarterContent/Textures/T_Concrete_Tiles_M.ubulk" 1428
"C:/Users/yabu-/source/repos/yabu-85/ChronoTrial/Content/StarterContent/Textures/T_Concrete_Tiles_D.uasset" 1429
"C:/Users/yabu-/source/repos/yabu-85/ChronoTrial/Content/StarterContent/Textures/T_Concrete_Tiles_D.uexp" 1430
"C:/Users/yabu-/source/repos/yabu-85/ChronoTrial/Content/StarterContent/Textures/T_Concrete_Tiles_D.ubulk" 1431
"C:/Users/yabu-/source/repos/yabu-85/ChronoTrial/Content/StarterContent/Materials/M_Concrete_Tiles.uasset" 1432
"C:/Users/yabu-/source/repos/yabu-85/ChronoTrial/Content/StarterContent/Materials/M_Concrete_Tiles.uexp" 1433
"C:/Users/yabu-/source/repos/yabu-85/ChronoTrial/Content/StarterContent/Materials/M_Glass.uasset" 1434
"C:/Users/yabu-/source/repos/yabu-85/ChronoTrial/Content/StarterContent/Materials/M_Glass.uexp" 1435
"C:/Users/yabu-/source/repos/yabu-85/ChronoTrial/Content/StarterContent/Textures/T_Ground_Grass_N.uasset" 1436
"C:/Users/yabu-/source/repos/yabu-85/ChronoTrial/Content/StarterContent/Textures/T_Ground_Grass_N.uexp" 1437
"C:/Users/yabu-/source/repos/yabu-85/ChronoTrial/Content/StarterContent/Textures/T_Ground_Grass_N.ubulk" 1438
"C:/Users/yabu-/source/repos/yabu-85/ChronoTrial/Content/StarterContent/Textures/T_Ground_Grass_D.uasset" 1439
"C:/Users/yabu-/source/repos/yabu-85/ChronoTrial/Content/StarterContent/Textures/T_Ground_Grass_D.uexp" 1440
"C:/Users/yabu-/source/repos/yabu-85/ChronoTrial/Content/StarterContent/Textures/T_Ground_Grass_D.ubulk" 1441
"C:/Users/yabu-/source/repos/yabu-85/ChronoTrial/Content/StarterContent/Materials/M_Ground_Grass.uasset" 1442
"C:/Users/yabu-/source/repos/yabu-85/ChronoTrial/Content/StarterContent/Materials/M_Ground_Grass.uexp" 1443
"C:/Users/yabu-/source/repos/yabu-85/ChronoTrial/Content/StarterContent/Textures/T_Ground_Gravel_N.uasset" 1444
"C:/Users/yabu-/source/repos/yabu-85/ChronoTrial/Content/StarterContent/Textures/T_Ground_Gravel_N.uexp" 1445
"C:/Users/yabu-/source/repos/yabu-85/ChronoTrial/Content/StarterContent/Textures/T_Ground_Gravel_N.ubulk" 1446
"C:/Users/yabu-/source/repos/yabu-85/ChronoTrial/Content/StarterContent/Textures/T_Ground_Gravel_D.uasset" 1447
"C:/Users/yabu-/source/repos/yabu-85/ChronoTrial/Content/StarterContent/Textures/T_Ground_Gravel_D.uexp" 1448
"C:/Users/yabu-/source/repos/yabu-85/ChronoTrial/Content/StarterContent/Textures/T_Ground_Gravel_D.ubulk" 1449
"C:/Users/yabu-/source/repos/yabu-85/ChronoTrial/Content/StarterContent/Materials/M_Ground_Gravel.uasset" 1450
"C:/Users/yabu-/source/repos/yabu-85/ChronoTrial/Content/StarterContent/Materials/M_Ground_Gravel.uexp" 1451
"C:/Users/yabu-/source/repos/yabu-85/ChronoTrial/Content/StarterContent/Textures/T_Ground_Moss_N.uasset" 1452
"C:/Users/yabu-/source/repos/yabu-85/ChronoTrial/Content/StarterContent/Textures/T_Ground_Moss_N.uexp" 1453
"C:/Users/yabu-/source/repos/yabu-85/ChronoTrial/Content/StarterContent/Textures/T_Ground_Moss_N.ubulk" 1454
"C:/Users/yabu-/source/repos/yabu-85/ChronoTrial/Content/StarterContent/Textures/T_ground_Moss_D.uasset" 1455
"C:/Users/yabu-/source/repos/yabu-85/ChronoTrial/Content/StarterContent/Textures/T_ground_Moss_D.uexp" 1456
"C:/Users/yabu-/source/repos/yabu-85/ChronoTrial/Content/StarterContent/Textures/T_ground_Moss_D.ubulk" 1457
"C:/Users/yabu-/source/repos/yabu-85/ChronoTrial/Content/StarterContent/Materials/M_Ground_Moss.uasset" 1458
"C:/Users/yabu-/source/repos/yabu-85/ChronoTrial/Content/StarterContent/Materials/M_Ground_Moss.uexp" 1459
"C:/Users/yabu-/source/repos/yabu-85/ChronoTrial/Content/StarterContent/Materials/M_Metal_Brushed_Nickel.uasset" 1460
"C:/Users/yabu-/source/repos/yabu-85/ChronoTrial/Content/StarterContent/Materials/M_Metal_Brushed_Nickel.uexp" 1461
"C:/Users/yabu-/source/repos/yabu-85/ChronoTrial/Content/StarterContent/Textures/T_Metal_Aluminum_D.uasset" 1462
"C:/Users/yabu-/source/repos/yabu-85/ChronoTrial/Content/StarterContent/Textures/T_Metal_Aluminum_D.uexp" 1463
"C:/Users/yabu-/source/repos/yabu-85/ChronoTrial/Content/StarterContent/Textures/T_Metal_Aluminum_D.ubulk" 1464
"C:/Users/yabu-/source/repos/yabu-85/ChronoTrial/Content/StarterContent/Materials/M_Metal_Burnished_Steel.uasset" 1465
"C:/Users/yabu-/source/repos/yabu-85/ChronoTrial/Content/StarterContent/Materials/M_Metal_Burnished_Steel.uexp" 1466
"C:/Users/yabu-/source/repos/yabu-85/ChronoTrial/Content/StarterContent/Materials/M_Metal_Chrome.uasset" 1467
"C:/Users/yabu-/source/repos/yabu-85/ChronoTrial/Content/StarterContent/Materials/M_Metal_Chrome.uexp" 1468
"C:/Users/yabu-/source/repos/yabu-85/ChronoTrial/Content/StarterContent/Textures/T_Metal_Copper_D.uasset" 1469
"C:/Users/yabu-/source/repos/yabu-85/ChronoTrial/Content/StarterContent/Textures/T_Metal_Copper_D.uexp" 1470
"C:/Users/yabu-/source/repos/yabu-85/ChronoTrial/Content/StarterContent/Textures/T_Metal_Copper_D.ubulk" 1471
"C:/Users/yabu-/source/repos/yabu-85/ChronoTrial/Content/StarterContent/Materials/M_Metal_Copper.uasset" 1472
"C:/Users/yabu-/source/repos/yabu-85/ChronoTrial/Content/StarterContent/Materials/M_Metal_Copper.uexp" 1473
"C:/Users/yabu-/source/repos/yabu-85/ChronoTrial/Content/StarterContent/Textures/T_Metal_Rust_D.uasset" 1474
"C:/Users/yabu-/source/repos/yabu-85/ChronoTrial/Content/StarterContent/Textures/T_Metal_Rust_D.uexp" 1475
"C:/Users/yabu-/source/repos/yabu-85/ChronoTrial/Content/StarterContent/Textures/T_Metal_Rust_D.ubulk" 1476
"../../../Engine/Content/Functions/Engine_MaterialFunctions02/Utility/BlendAngleCorrectedNormals.uasset" 1477
"../../../Engine/Content/Functions/Engine_MaterialFunctions02/Utility/BlendAngleCorrectedNormals.uexp" 1478
"C:/Users/yabu-/source/repos/yabu-85/ChronoTrial/Content/StarterContent/Materials/M_Metal_Rust.uasset" 1479
"C:/Users/yabu-/source/repos/yabu-85/ChronoTrial/Content/StarterContent/Materials/M_Metal_Rust.uexp" 1480
"C:/Users/yabu-/source/repos/yabu-85/ChronoTrial/Content/StarterContent/Textures/T_Metal_Steel_N.uasset" 1481
"C:/Users/yabu-/source/repos/yabu-85/ChronoTrial/Content/StarterContent/Textures/T_Metal_Steel_N.uexp" 1482
"C:/Users/yabu-/source/repos/yabu-85/ChronoTrial/Content/StarterContent/Textures/T_Metal_Steel_N.ubulk" 1483
"C:/Users/yabu-/source/repos/yabu-85/ChronoTrial/Content/StarterContent/Textures/T_Metal_Steel_D.uasset" 1484
"C:/Users/yabu-/source/repos/yabu-85/ChronoTrial/Content/StarterContent/Textures/T_Metal_Steel_D.uexp" 1485
"C:/Users/yabu-/source/repos/yabu-85/ChronoTrial/Content/StarterContent/Textures/T_Metal_Steel_D.ubulk" 1486
"C:/Users/yabu-/source/repos/yabu-85/ChronoTrial/Content/StarterContent/Materials/M_Metal_Steel.uasset" 1487
"C:/Users/yabu-/source/repos/yabu-85/ChronoTrial/Content/StarterContent/Materials/M_Metal_Steel.uexp" 1488
"C:/Users/yabu-/source/repos/yabu-85/ChronoTrial/Content/StarterContent/Textures/T_Rock_Basalt_N.uasset" 1489
"C:/Users/yabu-/source/repos/yabu-85/ChronoTrial/Content/StarterContent/Textures/T_Rock_Basalt_N.uexp" 1490
"C:/Users/yabu-/source/repos/yabu-85/ChronoTrial/Content/StarterContent/Textures/T_Rock_Basalt_N.ubulk" 1491
"C:/Users/yabu-/source/repos/yabu-85/ChronoTrial/Content/StarterContent/Textures/T_Rock_Basalt_D.uasset" 1492
"C:/Users/yabu-/source/repos/yabu-85/ChronoTrial/Content/StarterContent/Textures/T_Rock_Basalt_D.uexp" 1493
"C:/Users/yabu-/source/repos/yabu-85/ChronoTrial/Content/StarterContent/Textures/T_Rock_Basalt_D.ubulk" 1494
"C:/Users/yabu-/source/repos/yabu-85/ChronoTrial/Content/StarterContent/Materials/M_Rock_Basalt.uasset" 1495
"C:/Users/yabu-/source/repos/yabu-85/ChronoTrial/Content/StarterContent/Materials/M_Rock_Basalt.uexp" 1496
"C:/Users/yabu-/source/repos/yabu-85/ChronoTrial/Content/StarterContent/Materials/M_Rock_Marble_Polished.uasset" 1497
"C:/Users/yabu-/source/repos/yabu-85/ChronoTrial/Content/StarterContent/Materials/M_Rock_Marble_Polished.uexp" 1498
"C:/Users/yabu-/source/repos/yabu-85/ChronoTrial/Content/StarterContent/Textures/T_Rock_Sandstone_N.uasset" 1499
"C:/Users/yabu-/source/repos/yabu-85/ChronoTrial/Content/StarterContent/Textures/T_Rock_Sandstone_N.uexp" 1500
"C:/Users/yabu-/source/repos/yabu-85/ChronoTrial/Content/StarterContent/Textures/T_Rock_Sandstone_N.ubulk" 1501
"C:/Users/yabu-/source/repos/yabu-85/ChronoTrial/Content/StarterContent/Textures/T_Rock_Sandstone_D.uasset" 1502
"C:/Users/yabu-/source/repos/yabu-85/ChronoTrial/Content/StarterContent/Textures/T_Rock_Sandstone_D.uexp" 1503
"C:/Users/yabu-/source/repos/yabu-85/ChronoTrial/Content/StarterContent/Textures/T_Rock_Sandstone_D.ubulk" 1504
"C:/Users/yabu-/source/repos/yabu-85/ChronoTrial/Content/StarterContent/Materials/M_Rock_Sandstone.uasset" 1505
"C:/Users/yabu-/source/repos/yabu-85/ChronoTrial/Content/StarterContent/Materials/M_Rock_Sandstone.uexp" 1506
"C:/Users/yabu-/source/repos/yabu-85/ChronoTrial/Content/StarterContent/Textures/T_Rock_Slate_N.uasset" 1507
"C:/Users/yabu-/source/repos/yabu-85/ChronoTrial/Content/StarterContent/Textures/T_Rock_Slate_N.uexp" 1508
"C:/Users/yabu-/source/repos/yabu-85/ChronoTrial/Content/StarterContent/Textures/T_Rock_Slate_N.ubulk" 1509
"C:/Users/yabu-/source/repos/yabu-85/ChronoTrial/Content/StarterContent/Textures/T_Rock_Slate_D.uasset" 1510
"C:/Users/yabu-/source/repos/yabu-85/ChronoTrial/Content/StarterContent/Textures/T_Rock_Slate_D.uexp" 1511
"C:/Users/yabu-/source/repos/yabu-85/ChronoTrial/Content/StarterContent/Textures/T_Rock_Slate_D.ubulk" 1512
"C:/Users/yabu-/source/repos/yabu-85/ChronoTrial/Content/StarterContent/Materials/M_Rock_Slate.uasset" 1513
"C:/Users/yabu-/source/repos/yabu-85/ChronoTrial/Content/StarterContent/Materials/M_Rock_Slate.uexp" 1514
"C:/Users/yabu-/source/repos/yabu-85/ChronoTrial/Content/StarterContent/Textures/T_Tech_Dot_N.uasset" 1515
"C:/Users/yabu-/source/repos/yabu-85/ChronoTrial/Content/StarterContent/Textures/T_Tech_Dot_N.uexp" 1516
"C:/Users/yabu-/source/repos/yabu-85/ChronoTrial/Content/StarterContent/Textures/T_Tech_Dot_N.ubulk" 1517
"C:/Users/yabu-/source/repos/yabu-85/ChronoTrial/Content/StarterContent/Textures/T_Tech_Dot_M.uasset" 1518
"C:/Users/yabu-/source/repos/yabu-85/ChronoTrial/Content/StarterContent/Textures/T_Tech_Dot_M.uexp" 1519
"C:/Users/yabu-/source/repos/yabu-85/ChronoTrial/Content/StarterContent/Textures/T_Tech_Dot_M.ubulk" 1520
"C:/Users/yabu-/source/repos/yabu-85/ChronoTrial/Content/StarterContent/Textures/T_Single_Tile_N.uasset" 1521
"C:/Users/yabu-/source/repos/yabu-85/ChronoTrial/Content/StarterContent/Textures/T_Single_Tile_N.uexp" 1522
"C:/Users/yabu-/source/repos/yabu-85/ChronoTrial/Content/StarterContent/Textures/T_Single_Tile_N.ubulk" 1523
"C:/Users/yabu-/source/repos/yabu-85/ChronoTrial/Content/StarterContent/Textures/T_Checker_Noise_M.uasset" 1524
"C:/Users/yabu-/source/repos/yabu-85/ChronoTrial/Content/StarterContent/Textures/T_Checker_Noise_M.uexp" 1525
"C:/Users/yabu-/source/repos/yabu-85/ChronoTrial/Content/StarterContent/Textures/T_Checker_Noise_M.ubulk" 1526
"C:/Users/yabu-/source/repos/yabu-85/ChronoTrial/Content/StarterContent/Materials/M_Tech_Checker_Dot.uasset" 1527
"C:/Users/yabu-/source/repos/yabu-85/ChronoTrial/Content/StarterContent/Materials/M_Tech_Checker_Dot.uexp" 1528
"C:/Users/yabu-/source/repos/yabu-85/ChronoTrial/Content/StarterContent/Textures/T_Tech_Hex_Tile_N.uasset" 1529
"C:/Users/yabu-/source/repos/yabu-85/ChronoTrial/Content/StarterContent/Textures/T_Tech_Hex_Tile_N.uexp" 1530
"C:/Users/yabu-/source/repos/yabu-85/ChronoTrial/Content/StarterContent/Textures/T_Tech_Hex_Tile_N.ubulk" 1531
"C:/Users/yabu-/source/repos/yabu-85/ChronoTrial/Content/StarterContent/Materials/M_Tech_Hex_Tile.uasset" 1532
"C:/Users/yabu-/source/repos/yabu-85/ChronoTrial/Content/StarterContent/Materials/M_Tech_Hex_Tile.uexp" 1533
"C:/Users/yabu-/source/repos/yabu-85/ChronoTrial/Content/StarterContent/Materials/M_Tech_Hex_Tile_Pulse.uasset" 1534
"C:/Users/yabu-/source/repos/yabu-85/ChronoTrial/Content/StarterContent/Materials/M_Tech_Hex_Tile_Pulse.uexp" 1535
"C:/Users/yabu-/source/repos/yabu-85/ChronoTrial/Content/StarterContent/Textures/T_Tech_Panel_N.uasset" 1536
"C:/Users/yabu-/source/repos/yabu-85/ChronoTrial/Content/StarterContent/Textures/T_Tech_Panel_N.uexp" 1537
"C:/Users/yabu-/source/repos/yabu-85/ChronoTrial/Content/StarterContent/Textures/T_Tech_Panel_N.ubulk" 1538
"C:/Users/yabu-/source/repos/yabu-85/ChronoTrial/Content/StarterContent/Textures/T_Tech_Panel_M.uasset" 1539
"C:/Users/yabu-/source/repos/yabu-85/ChronoTrial/Content/StarterContent/Textures/T_Tech_Panel_M.uexp" 1540
"C:/Users/yabu-/source/repos/yabu-85/ChronoTrial/Content/StarterContent/Textures/T_Tech_Panel_M.ubulk" 1541
"C:/Users/yabu-/source/repos/yabu-85/ChronoTrial/Content/StarterContent/Materials/M_Tech_Panel.uasset" 1542
"C:/Users/yabu-/source/repos/yabu-85/ChronoTrial/Content/StarterContent/Materials/M_Tech_Panel.uexp" 1543
"C:/Users/yabu-/source/repos/yabu-85/ChronoTrial/Content/StarterContent/Textures/T_Water_N.uasset" 1544
"C:/Users/yabu-/source/repos/yabu-85/ChronoTrial/Content/StarterContent/Textures/T_Water_N.uexp" 1545
"C:/Users/yabu-/source/repos/yabu-85/ChronoTrial/Content/StarterContent/Textures/T_Water_N.ubulk" 1546
"C:/Users/yabu-/source/repos/yabu-85/ChronoTrial/Content/StarterContent/Materials/M_Water_Lake.uasset" 1547
"C:/Users/yabu-/source/repos/yabu-85/ChronoTrial/Content/StarterContent/Materials/M_Water_Lake.uexp" 1548
"C:/Users/yabu-/source/repos/yabu-85/ChronoTrial/Content/StarterContent/Textures/T_Water_M.uasset" 1549
"C:/Users/yabu-/source/repos/yabu-85/ChronoTrial/Content/StarterContent/Textures/T_Water_M.uexp" 1550
"C:/Users/yabu-/source/repos/yabu-85/ChronoTrial/Content/StarterContent/Textures/T_Water_M.ubulk" 1551
"C:/Users/yabu-/source/repos/yabu-85/ChronoTrial/Content/StarterContent/Materials/M_Water_Ocean.uasset" 1552
"C:/Users/yabu-/source/repos/yabu-85/ChronoTrial/Content/StarterContent/Materials/M_Water_Ocean.uexp" 1553
"C:/Users/yabu-/source/repos/yabu-85/ChronoTrial/Content/StarterContent/Textures/T_Wood_Floor_Walnut_N.uasset" 1554
"C:/Users/yabu-/source/repos/yabu-85/ChronoTrial/Content/StarterContent/Textures/T_Wood_Floor_Walnut_N.uexp" 1555
"C:/Users/yabu-/source/repos/yabu-85/ChronoTrial/Content/StarterContent/Textures/T_Wood_Floor_Walnut_N.ubulk" 1556
"C:/Users/yabu-/source/repos/yabu-85/ChronoTrial/Content/StarterContent/Textures/T_Wood_Floor_Walnut_M.uasset" 1557
"C:/Users/yabu-/source/repos/yabu-85/ChronoTrial/Content/StarterContent/Textures/T_Wood_Floor_Walnut_M.uexp" 1558
"C:/Users/yabu-/source/repos/yabu-85/ChronoTrial/Content/StarterContent/Textures/T_Wood_Floor_Walnut_M.ubulk" 1559
"C:/Users/yabu-/source/repos/yabu-85/ChronoTrial/Content/StarterContent/Textures/T_Wood_Floor_Walnut_D.uasset" 1560
"C:/Users/yabu-/source/repos/yabu-85/ChronoTrial/Content/StarterContent/Textures/T_Wood_Floor_Walnut_D.uexp" 1561
"C:/Users/yabu-/source/repos/yabu-85/ChronoTrial/Content/StarterContent/Textures/T_Wood_Floor_Walnut_D.ubulk" 1562
"C:/Users/yabu-/source/repos/yabu-85/ChronoTrial/Content/StarterContent/Materials/M_Wood_Floor_Walnut_Polished.uasset" 1563
"C:/Users/yabu-/source/repos/yabu-85/ChronoTrial/Content/StarterContent/Materials/M_Wood_Floor_Walnut_Polished.uexp" 1564
"../../../Engine/Content/Functions/Engine_MaterialFunctions01/Opacity/AlphaOffset.uasset" 1565
"../../../Engine/Content/Functions/Engine_MaterialFunctions01/Opacity/AlphaOffset.uexp" 1566
"C:/Users/yabu-/source/repos/yabu-85/ChronoTrial/Content/StarterContent/Materials/M_Wood_Floor_Walnut_Worn.uasset" 1567
"C:/Users/yabu-/source/repos/yabu-85/ChronoTrial/Content/StarterContent/Materials/M_Wood_Floor_Walnut_Worn.uexp" 1568
"C:/Users/yabu-/source/repos/yabu-85/ChronoTrial/Content/StarterContent/Textures/T_Wood_Oak_N.uasset" 1569
"C:/Users/yabu-/source/repos/yabu-85/ChronoTrial/Content/StarterContent/Textures/T_Wood_Oak_N.uexp" 1570
"C:/Users/yabu-/source/repos/yabu-85/ChronoTrial/Content/StarterContent/Textures/T_Wood_Oak_N.ubulk" 1571
"C:/Users/yabu-/source/repos/yabu-85/ChronoTrial/Content/StarterContent/Textures/T_Wood_Oak_D.uasset" 1572
"C:/Users/yabu-/source/repos/yabu-85/ChronoTrial/Content/StarterContent/Textures/T_Wood_Oak_D.uexp" 1573
"C:/Users/yabu-/source/repos/yabu-85/ChronoTrial/Content/StarterContent/Textures/T_Wood_Oak_D.ubulk" 1574
"C:/Users/yabu-/source/repos/yabu-85/ChronoTrial/Content/StarterContent/Materials/M_Wood_Oak.uasset" 1575
"C:/Users/yabu-/source/repos/yabu-85/ChronoTrial/Content/StarterContent/Materials/M_Wood_Oak.uexp" 1576
"C:/Users/yabu-/source/repos/yabu-85/ChronoTrial/Content/StarterContent/Textures/T_Wood_Pine_N.uasset" 1577
"C:/Users/yabu-/source/repos/yabu-85/ChronoTrial/Content/StarterContent/Textures/T_Wood_Pine_N.uexp" 1578
"C:/Users/yabu-/source/repos/yabu-85/ChronoTrial/Content/StarterContent/Textures/T_Wood_Pine_N.ubulk" 1579
"C:/Users/yabu-/source/repos/yabu-85/ChronoTrial/Content/StarterContent/Textures/T_Wood_Pine_D.uasset" 1580
"C:/Users/yabu-/source/repos/yabu-85/ChronoTrial/Content/StarterContent/Textures/T_Wood_Pine_D.uexp" 1581
"C:/Users/yabu-/source/repos/yabu-85/ChronoTrial/Content/StarterContent/Textures/T_Wood_Pine_D.ubulk" 1582
"C:/Users/yabu-/source/repos/yabu-85/ChronoTrial/Content/StarterContent/Materials/M_Wood_Pine.uasset" 1583
"C:/Users/yabu-/source/repos/yabu-85/ChronoTrial/Content/StarterContent/Materials/M_Wood_Pine.uexp" 1584
"C:/Users/yabu-/source/repos/yabu-85/ChronoTrial/Content/StarterContent/Textures/T_Wood_Walnut_N.uasset" 1585
"C:/Users/yabu-/source/repos/yabu-85/ChronoTrial/Content/StarterContent/Textures/T_Wood_Walnut_N.uexp" 1586
"C:/Users/yabu-/source/repos/yabu-85/ChronoTrial/Content/StarterContent/Textures/T_Wood_Walnut_N.ubulk" 1587
"C:/Users/yabu-/source/repos/yabu-85/ChronoTrial/Content/StarterContent/Textures/T_Wood_Walnut_D.uasset" 1588
"C:/Users/yabu-/source/repos/yabu-85/ChronoTrial/Content/StarterContent/Textures/T_Wood_Walnut_D.uexp" 1589
"C:/Users/yabu-/source/repos/yabu-85/ChronoTrial/Content/StarterContent/Textures/T_Wood_Walnut_D.ubulk" 1590
"C:/Users/yabu-/source/repos/yabu-85/ChronoTrial/Content/StarterContent/Materials/M_Wood_Walnut.uasset" 1591
"C:/Users/yabu-/source/repos/yabu-85/ChronoTrial/Content/StarterContent/Materials/M_Wood_Walnut.uexp" 1592
"C:/Users/yabu-/source/repos/yabu-85/ChronoTrial/Content/StarterContent/Textures/T_Dust_Particle_D.uasset" 1593
"C:/Users/yabu-/source/repos/yabu-85/ChronoTrial/Content/StarterContent/Textures/T_Dust_Particle_D.uexp" 1594
"C:/Users/yabu-/source/repos/yabu-85/ChronoTrial/Content/StarterContent/Textures/T_Dust_Particle_D.ubulk" 1595
"C:/Users/yabu-/source/repos/yabu-85/ChronoTrial/Content/StarterContent/Particles/Materials/M_Dust_Particle.uasset" 1596
"C:/Users/yabu-/source/repos/yabu-85/ChronoTrial/Content/StarterContent/Particles/Materials/M_Dust_Particle.uexp" 1597
"C:/Users/yabu-/source/repos/yabu-85/ChronoTrial/Content/StarterContent/Particles/P_Ambient_Dust.uasset" 1598
"C:/Users/yabu-/source/repos/yabu-85/ChronoTrial/Content/StarterContent/Particles/P_Ambient_Dust.uexp" 1599
"C:/Users/yabu-/source/repos/yabu-85/ChronoTrial/Content/StarterContent/Particles/Materials/M_Radial_Gradient.uasset" 1600
"C:/Users/yabu-/source/repos/yabu-85/ChronoTrial/Content/StarterContent/Particles/Materials/M_Radial_Gradient.uexp" 1601
"C:/Users/yabu-/source/repos/yabu-85/ChronoTrial/Content/StarterContent/Particles/Materials/M_Heat_Distortion.uasset" 1602
"C:/Users/yabu-/source/repos/yabu-85/ChronoTrial/Content/StarterContent/Particles/Materials/M_Heat_Distortion.uexp" 1603
"C:/Users/yabu-/source/repos/yabu-85/ChronoTrial/Content/StarterContent/Textures/T_Fire_Tiled_D.uasset" 1604
"C:/Users/yabu-/source/repos/yabu-85/ChronoTrial/Content/StarterContent/Textures/T_Fire_Tiled_D.uexp" 1605
"C:/Users/yabu-/source/repos/yabu-85/ChronoTrial/Content/StarterContent/Textures/T_Fire_Tiled_D.ubulk" 1606
"C:/Users/yabu-/source/repos/yabu-85/ChronoTrial/Content/StarterContent/Textures/T_Fire_SubUV.uasset" 1607
"C:/Users/yabu-/source/repos/yabu-85/ChronoTrial/Content/StarterContent/Textures/T_Fire_SubUV.uexp" 1608
"C:/Users/yabu-/source/repos/yabu-85/ChronoTrial/Content/StarterContent/Textures/T_Fire_SubUV.ubulk" 1609
"C:/Users/yabu-/source/repos/yabu-85/ChronoTrial/Content/StarterContent/Particles/Materials/M_Fire_SubUV.uasset" 1610
"C:/Users/yabu-/source/repos/yabu-85/ChronoTrial/Content/StarterContent/Particles/Materials/M_Fire_SubUV.uexp" 1611
"C:/Users/yabu-/source/repos/yabu-85/ChronoTrial/Content/StarterContent/Particles/P_Fire.uasset" 1612
"C:/Users/yabu-/source/repos/yabu-85/ChronoTrial/Content/StarterContent/Particles/P_Fire.uexp" 1613
"C:/Users/yabu-/source/repos/yabu-85/ChronoTrial/Content/StarterContent/Textures/T_Spark_Core.uasset" 1614
"C:/Users/yabu-/source/repos/yabu-85/ChronoTrial/Content/StarterContent/Textures/T_Spark_Core.uexp" 1615
"C:/Users/yabu-/source/repos/yabu-85/ChronoTrial/Content/StarterContent/Textures/T_Spark_Core.ubulk" 1616
"C:/Users/yabu-/source/repos/yabu-85/ChronoTrial/Content/StarterContent/Particles/Materials/M_Spark.uasset" 1617
"C:/Users/yabu-/source/repos/yabu-85/ChronoTrial/Content/StarterContent/Particles/Materials/M_Spark.uexp" 1618
"C:/Users/yabu-/source/repos/yabu-85/ChronoTrial/Content/StarterContent/Particles/P_Sparks.uasset" 1619
"C:/Users/yabu-/source/repos/yabu-85/ChronoTrial/Content/StarterContent/Particles/P_Sparks.uexp" 1620
"C:/Users/yabu-/source/repos/yabu-85/ChronoTrial/Content/StarterContent/Particles/P_Steam_Lit.uasset" 1621
"C:/Users/yabu-/source/repos/yabu-85/ChronoTrial/Content/StarterContent/Particles/P_Steam_Lit.uexp" 1622
"C:/Users/yabu-/source/repos/yabu-85/ChronoTrial/Content/StarterContent/Shapes/Shape_Cone.uasset" 1623
"C:/Users/yabu-/source/repos/yabu-85/ChronoTrial/Content/StarterContent/Shapes/Shape_Cone.uexp" 1624
"C:/Users/yabu-/source/repos/yabu-85/ChronoTrial/Content/StarterContent/Shapes/Shape_Cube.uasset" 1625
"C:/Users/yabu-/source/repos/yabu-85/ChronoTrial/Content/StarterContent/Shapes/Shape_Cube.uexp" 1626
"C:/Users/yabu-/source/repos/yabu-85/ChronoTrial/Content/StarterContent/Shapes/Shape_NarrowCapsule.uasset" 1627
"C:/Users/yabu-/source/repos/yabu-85/ChronoTrial/Content/StarterContent/Shapes/Shape_NarrowCapsule.uexp" 1628
"C:/Users/yabu-/source/repos/yabu-85/ChronoTrial/Content/StarterContent/Shapes/Shape_Pipe_180.uasset" 1629
"C:/Users/yabu-/source/repos/yabu-85/ChronoTrial/Content/StarterContent/Shapes/Shape_Pipe_180.uexp" 1630
"C:/Users/yabu-/source/repos/yabu-85/ChronoTrial/Content/StarterContent/Shapes/Shape_Pipe_90.uasset" 1631
"C:/Users/yabu-/source/repos/yabu-85/ChronoTrial/Content/StarterContent/Shapes/Shape_Pipe_90.uexp" 1632
"C:/Users/yabu-/source/repos/yabu-85/ChronoTrial/Content/StarterContent/Shapes/Shape_Plane.uasset" 1633
"C:/Users/yabu-/source/repos/yabu-85/ChronoTrial/Content/StarterContent/Shapes/Shape_Plane.uexp" 1634
"C:/Users/yabu-/source/repos/yabu-85/ChronoTrial/Content/StarterContent/Shapes/Shape_QuadPyramid.uasset" 1635
"C:/Users/yabu-/source/repos/yabu-85/ChronoTrial/Content/StarterContent/Shapes/Shape_QuadPyramid.uexp" 1636
"C:/Users/yabu-/source/repos/yabu-85/ChronoTrial/Content/StarterContent/Shapes/Shape_Torus.uasset" 1637
"C:/Users/yabu-/source/repos/yabu-85/ChronoTrial/Content/StarterContent/Shapes/Shape_Torus.uexp" 1638
"C:/Users/yabu-/source/repos/yabu-85/ChronoTrial/Content/StarterContent/Shapes/Shape_Trim.uasset" 1639
"C:/Users/yabu-/source/repos/yabu-85/ChronoTrial/Content/StarterContent/Shapes/Shape_Trim.uexp" 1640
"C:/Users/yabu-/source/repos/yabu-85/ChronoTrial/Content/StarterContent/Shapes/Shape_Trim_90_In.uasset" 1641
"C:/Users/yabu-/source/repos/yabu-85/ChronoTrial/Content/StarterContent/Shapes/Shape_Trim_90_In.uexp" 1642
"C:/Users/yabu-/source/repos/yabu-85/ChronoTrial/Content/StarterContent/Shapes/Shape_Trim_90_Out.uasset" 1643
"C:/Users/yabu-/source/repos/yabu-85/ChronoTrial/Content/StarterContent/Shapes/Shape_Trim_90_Out.uexp" 1644
"C:/Users/yabu-/source/repos/yabu-85/ChronoTrial/Content/StarterContent/Shapes/Shape_TriPyramid.uasset" 1645
"C:/Users/yabu-/source/repos/yabu-85/ChronoTrial/Content/StarterContent/Shapes/Shape_TriPyramid.uexp" 1646
"C:/Users/yabu-/source/repos/yabu-85/ChronoTrial/Content/StarterContent/Shapes/Shape_Tube.uasset" 1647
"C:/Users/yabu-/source/repos/yabu-85/ChronoTrial/Content/StarterContent/Shapes/Shape_Tube.uexp" 1648
"C:/Users/yabu-/source/repos/yabu-85/ChronoTrial/Content/StarterContent/Shapes/Shape_Wedge_A.uasset" 1649
"C:/Users/yabu-/source/repos/yabu-85/ChronoTrial/Content/StarterContent/Shapes/Shape_Wedge_A.uexp" 1650
"C:/Users/yabu-/source/repos/yabu-85/ChronoTrial/Content/StarterContent/Shapes/Shape_Wedge_B.uasset" 1651
"C:/Users/yabu-/source/repos/yabu-85/ChronoTrial/Content/StarterContent/Shapes/Shape_Wedge_B.uexp" 1652
"C:/Users/yabu-/source/repos/yabu-85/ChronoTrial/Content/StarterContent/Shapes/Shape_WideCapsule.uasset" 1653
"C:/Users/yabu-/source/repos/yabu-85/ChronoTrial/Content/StarterContent/Shapes/Shape_WideCapsule.uexp" 1654
"C:/Users/yabu-/source/repos/yabu-85/ChronoTrial/Content/StarterContent/Textures/T_Bush_D.uasset" 1655
"C:/Users/yabu-/source/repos/yabu-85/ChronoTrial/Content/StarterContent/Textures/T_Bush_D.uexp" 1656
"C:/Users/yabu-/source/repos/yabu-85/ChronoTrial/Content/StarterContent/Textures/T_Bush_D.ubulk" 1657
"C:/Users/yabu-/source/repos/yabu-85/ChronoTrial/Content/StarterContent/Textures/T_Bush_N.uasset" 1658
"C:/Users/yabu-/source/repos/yabu-85/ChronoTrial/Content/StarterContent/Textures/T_Bush_N.uexp" 1659
"C:/Users/yabu-/source/repos/yabu-85/ChronoTrial/Content/StarterContent/Textures/T_Bush_N.ubulk" 1660
"C:/Users/yabu-/source/repos/yabu-85/ChronoTrial/Content/StarterContent/Textures/T_Chair_M.uasset" 1661
"C:/Users/yabu-/source/repos/yabu-85/ChronoTrial/Content/StarterContent/Textures/T_Chair_M.uexp" 1662
"C:/Users/yabu-/source/repos/yabu-85/ChronoTrial/Content/StarterContent/Textures/T_Chair_M.ubulk" 1663
"C:/Users/yabu-/source/repos/yabu-85/ChronoTrial/Content/StarterContent/Textures/T_Chair_N.uasset" 1664
"C:/Users/yabu-/source/repos/yabu-85/ChronoTrial/Content/StarterContent/Textures/T_Chair_N.uexp" 1665
"C:/Users/yabu-/source/repos/yabu-85/ChronoTrial/Content/StarterContent/Textures/T_Chair_N.ubulk" 1666
"C:/Users/yabu-/source/repos/yabu-85/ChronoTrial/Content/StarterContent/Textures/T_Door_M.uasset" 1667
"C:/Users/yabu-/source/repos/yabu-85/ChronoTrial/Content/StarterContent/Textures/T_Door_M.uexp" 1668
"C:/Users/yabu-/source/repos/yabu-85/ChronoTrial/Content/StarterContent/Textures/T_Door_M.ubulk" 1669
"C:/Users/yabu-/source/repos/yabu-85/ChronoTrial/Content/StarterContent/Textures/T_Door_N.uasset" 1670
"C:/Users/yabu-/source/repos/yabu-85/ChronoTrial/Content/StarterContent/Textures/T_Door_N.uexp" 1671
"C:/Users/yabu-/source/repos/yabu-85/ChronoTrial/Content/StarterContent/Textures/T_Door_N.ubulk" 1672
"C:/Users/yabu-/source/repos/yabu-85/ChronoTrial/Content/StarterContent/Textures/T_Frame_M.uasset" 1673
"C:/Users/yabu-/source/repos/yabu-85/ChronoTrial/Content/StarterContent/Textures/T_Frame_M.uexp" 1674
"C:/Users/yabu-/source/repos/yabu-85/ChronoTrial/Content/StarterContent/Textures/T_Frame_M.ubulk" 1675
"C:/Users/yabu-/source/repos/yabu-85/ChronoTrial/Content/StarterContent/Textures/T_Frame_N.uasset" 1676
"C:/Users/yabu-/source/repos/yabu-85/ChronoTrial/Content/StarterContent/Textures/T_Frame_N.uexp" 1677
"C:/Users/yabu-/source/repos/yabu-85/ChronoTrial/Content/StarterContent/Textures/T_Frame_N.ubulk" 1678
"C:/Users/yabu-/source/repos/yabu-85/ChronoTrial/Content/StarterContent/Textures/T_Lamp_M.uasset" 1679
"C:/Users/yabu-/source/repos/yabu-85/ChronoTrial/Content/StarterContent/Textures/T_Lamp_M.uexp" 1680
"C:/Users/yabu-/source/repos/yabu-85/ChronoTrial/Content/StarterContent/Textures/T_Lamp_M.ubulk" 1681
"C:/Users/yabu-/source/repos/yabu-85/ChronoTrial/Content/StarterContent/Textures/T_Lamp_N.uasset" 1682
"C:/Users/yabu-/source/repos/yabu-85/ChronoTrial/Content/StarterContent/Textures/T_Lamp_N.uexp" 1683
"C:/Users/yabu-/source/repos/yabu-85/ChronoTrial/Content/StarterContent/Textures/T_Lamp_N.ubulk" 1684
"C:/Users/yabu-/source/repos/yabu-85/ChronoTrial/Content/StarterContent/Textures/T_RockMesh_M.uasset" 1685
"C:/Users/yabu-/source/repos/yabu-85/ChronoTrial/Content/StarterContent/Textures/T_RockMesh_M.uexp" 1686
"C:/Users/yabu-/source/repos/yabu-85/ChronoTrial/Content/StarterContent/Textures/T_RockMesh_M.ubulk" 1687
"C:/Users/yabu-/source/repos/yabu-85/ChronoTrial/Content/StarterContent/Textures/T_RockMesh_N.uasset" 1688
"C:/Users/yabu-/source/repos/yabu-85/ChronoTrial/Content/StarterContent/Textures/T_RockMesh_N.uexp" 1689
"C:/Users/yabu-/source/repos/yabu-85/ChronoTrial/Content/StarterContent/Textures/T_RockMesh_N.ubulk" 1690
"C:/Users/yabu-/source/repos/yabu-85/ChronoTrial/Content/StarterContent/Textures/T_Shelf_M.uasset" 1691
"C:/Users/yabu-/source/repos/yabu-85/ChronoTrial/Content/StarterContent/Textures/T_Shelf_M.uexp" 1692
"C:/Users/yabu-/source/repos/yabu-85/ChronoTrial/Content/StarterContent/Textures/T_Shelf_M.ubulk" 1693
"C:/Users/yabu-/source/repos/yabu-85/ChronoTrial/Content/StarterContent/Textures/T_Shelf_N.uasset" 1694
"C:/Users/yabu-/source/repos/yabu-85/ChronoTrial/Content/StarterContent/Textures/T_Shelf_N.uexp" 1695
"C:/Users/yabu-/source/repos/yabu-85/ChronoTrial/Content/StarterContent/Textures/T_Shelf_N.ubulk" 1696
"C:/Users/yabu-/source/repos/yabu-85/ChronoTrial/Content/StarterContent/Textures/T_Statue_M.uasset" 1697
"C:/Users/yabu-/source/repos/yabu-85/ChronoTrial/Content/StarterContent/Textures/T_Statue_M.uexp" 1698
"C:/Users/yabu-/source/repos/yabu-85/ChronoTrial/Content/StarterContent/Textures/T_Statue_M.ubulk" 1699
"C:/Users/yabu-/source/repos/yabu-85/ChronoTrial/Content/StarterContent/Textures/T_Statue_N.uasset" 1700
"C:/Users/yabu-/source/repos/yabu-85/ChronoTrial/Content/StarterContent/Textures/T_Statue_N.uexp" 1701
"C:/Users/yabu-/source/repos/yabu-85/ChronoTrial/Content/StarterContent/Textures/T_Statue_N.ubulk" 1702
"C:/Users/yabu-/source/repos/yabu-85/ChronoTrial/Content/StarterContent/Textures/T_TableRound_M.uasset" 1703
"C:/Users/yabu-/source/repos/yabu-85/ChronoTrial/Content/StarterContent/Textures/T_TableRound_M.uexp" 1704
"C:/Users/yabu-/source/repos/yabu-85/ChronoTrial/Content/StarterContent/Textures/T_TableRound_M.ubulk" 1705
"C:/Users/yabu-/source/repos/yabu-85/ChronoTrial/Content/StarterContent/Textures/T_TableRound_N.uasset" 1706
"C:/Users/yabu-/source/repos/yabu-85/ChronoTrial/Content/StarterContent/Textures/T_TableRound_N.uexp" 1707
"C:/Users/yabu-/source/repos/yabu-85/ChronoTrial/Content/StarterContent/Textures/T_TableRound_N.ubulk" 1708
"C:/Users/yabu-/source/repos/yabu-85/ChronoTrial/Content/ThirdPersonBP/BP_CameraShake_Normal.uasset" 1709
"C:/Users/yabu-/source/repos/yabu-85/ChronoTrial/Content/ThirdPersonBP/BP_CameraShake_Normal.uexp" 1710
"../../../Engine/Content/ArtTools/RenderToTexture/Meshes/S_1_Unit_Plane.uasset" 1711
"../../../Engine/Content/ArtTools/RenderToTexture/Meshes/S_1_Unit_Plane.uexp" 1712
"../../../Engine/Content/BasicShapes/Cone.uasset" 1713
"../../../Engine/Content/BasicShapes/Cone.uexp" 1714
"../../../Engine/Content/BasicShapes/Plane.uasset" 1715
"../../../Engine/Content/BasicShapes/Plane.uexp" 1716
"../../../Engine/Content/EditorLandscapeResources/DataLayer.uasset" 1717
"../../../Engine/Content/EditorLandscapeResources/DataLayer.uexp" 1718
"../../../Engine/Content/EditorLandscapeResources/DefaultAlphaTexture.uasset" 1719
"../../../Engine/Content/EditorLandscapeResources/DefaultAlphaTexture.uexp" 1720
"../../../Engine/Content/EditorMaterials/MAT_Groups_Toggle.uasset" 1721
"../../../Engine/Content/EditorMaterials/MAT_Groups_Toggle.uexp" 1722
"../../../Engine/Content/EditorMaterials/MAT_Groups_Visibility.uasset" 1723
"../../../Engine/Content/EditorMaterials/MAT_Groups_Visibility.uexp" 1724
"../../../Engine/Content/EditorMaterials/PreviewShadowIndicator.uasset" 1725
"../../../Engine/Content/EditorMaterials/PreviewShadowIndicator.uexp" 1726
"../../../Engine/Content/EditorMaterials/PreviewShadowIndicator.ubulk" 1727
"../../../Engine/Content/EditorMaterials/PreviewShadowIndicatorMaterial.uasset" 1728
"../../../Engine/Content/EditorMaterials/PreviewShadowIndicatorMaterial.uexp" 1729
"../../../Engine/Content/EditorMaterials/MatineeGroups/MAT_ColorTrack.uasset" 1730
"../../../Engine/Content/EditorMaterials/MatineeGroups/MAT_ColorTrack.uexp" 1731
"../../../Engine/Content/EditorMaterials/MatineeGroups/MAT_Groups_Anim.uasset" 1732
"../../../Engine/Content/EditorMaterials/MatineeGroups/MAT_Groups_Anim.uexp" 1733
"../../../Engine/Content/EditorMaterials/MatineeGroups/MAT_Groups_AudioMaster.uasset" 1734
"../../../Engine/Content/EditorMaterials/MatineeGroups/MAT_Groups_AudioMaster.uexp" 1735
"../../../Engine/Content/EditorMaterials/MatineeGroups/MAT_Groups_Director.uasset" 1736
"../../../Engine/Content/EditorMaterials/MatineeGroups/MAT_Groups_Director.uexp" 1737
"../../../Engine/Content/EditorMaterials/MatineeGroups/MAT_Groups_Event.uasset" 1738
"../../../Engine/Content/EditorMaterials/MatineeGroups/MAT_Groups_Event.uexp" 1739
"../../../Engine/Content/EditorMaterials/MatineeGroups/MAT_Groups_Fade.uasset" 1740
"../../../Engine/Content/EditorMaterials/MatineeGroups/MAT_Groups_Fade.uexp" 1741
"../../../Engine/Content/EditorMaterials/MatineeGroups/MAT_Groups_Float.uasset" 1742
"../../../Engine/Content/EditorMaterials/MatineeGroups/MAT_Groups_Float.uexp" 1743
"../../../Engine/Content/EditorMaterials/MatineeGroups/MAT_Groups_Move.uasset" 1744
"../../../Engine/Content/EditorMaterials/MatineeGroups/MAT_Groups_Move.uexp" 1745
"../../../Engine/Content/EditorMaterials/MatineeGroups/MAT_Groups_Slomo.uasset" 1746
"../../../Engine/Content/EditorMaterials/MatineeGroups/MAT_Groups_Slomo.uexp" 1747
"../../../Engine/Content/EditorMaterials/MatineeGroups/MAT_Groups_Sound.uasset" 1748
"../../../Engine/Content/EditorMaterials/MatineeGroups/MAT_Groups_Sound.uexp" 1749
"../../../Engine/Content/EditorMaterials/MatineeGroups/MAT_Groups_Vector.uasset" 1750
"../../../Engine/Content/EditorMaterials/MatineeGroups/MAT_Groups_Vector.uexp" 1751
"../../../Engine/Content/EditorMaterials/ParticleSystems/PSysThumbnail_NoImage.uasset" 1752
"../../../Engine/Content/EditorMaterials/ParticleSystems/PSysThumbnail_NoImage.uexp" 1753
"../../../Engine/Content/EditorMaterials/ParticleSystems/PSysThumbnail_NoImage.ubulk" 1754
"../../../Engine/Content/EditorMaterials/ParticleSystems/PSysThumbnail_OOD.uasset" 1755
"../../../Engine/Content/EditorMaterials/ParticleSystems/PSysThumbnail_OOD.uexp" 1756
"../../../Engine/Content/EditorMaterials/ParticleSystems/PSysThumbnail_OOD.ubulk" 1757
"../../../Engine/Content/EditorMaterials/Camera/CineMat.uasset" 1758
"../../../Engine/Content/EditorMaterials/Camera/CineMat.uexp" 1759
"../../../Engine/Content/EditorMaterials/Camera/MI_CineMat_Rig.uasset" 1760
"../../../Engine/Content/EditorMaterials/Camera/MI_CineMat_Rig.uexp" 1761
"../../../Engine/Content/EditorMeshes/Camera/SM_CraneRig_Arm.uasset" 1762
"../../../Engine/Content/EditorMeshes/Camera/SM_CraneRig_Arm.uexp" 1763
"../../../Engine/Content/EditorMeshes/Camera/SM_CraneRig_Base.uasset" 1764
"../../../Engine/Content/EditorMeshes/Camera/SM_CraneRig_Base.uexp" 1765
"../../../Engine/Content/EditorMeshes/Camera/SM_CraneRig_Body.uasset" 1766
"../../../Engine/Content/EditorMeshes/Camera/SM_CraneRig_Body.uexp" 1767
"../../../Engine/Content/EditorMeshes/Camera/SM_CraneRig_Mount.uasset" 1768
"../../../Engine/Content/EditorMeshes/Camera/SM_CraneRig_Mount.uexp" 1769
"../../../Engine/Content/EditorMeshes/Camera/SM_RailRig_Mount.uasset" 1770
"../../../Engine/Content/EditorMeshes/Camera/SM_RailRig_Mount.uexp" 1771
"../../../Engine/Content/EditorMeshes/Camera/SM_RailRig_Track.uasset" 1772
"../../../Engine/Content/EditorMeshes/Camera/SM_RailRig_Track.uexp" 1773
"../../../Engine/Content/EditorResources/BSPVertex.uasset" 1774
"../../../Engine/Content/EditorResources/BSPVertex.uexp" 1775
"../../../Engine/Content/EditorResources/EmptyActor.uasset" 1776
"../../../Engine/Content/EditorResources/EmptyActor.uexp" 1777
"../../../Engine/Content/EditorResources/S_Actor.uasset" 1778
"../../../Engine/Content/EditorResources/S_Actor.uexp" 1779
"../../../Engine/Content/EditorResources/S_Actor.ubulk" 1780
"../../../Engine/Content/EditorResources/S_Note.uasset" 1781
"../../../Engine/Content/EditorResources/S_Note.uexp" 1782
"../../../Engine/Content/EditorResources/S_Note.ubulk" 1783
"../../../Engine/Content/EditorResources/S_Solver.uasset" 1784
"../../../Engine/Content/EditorResources/S_Solver.uexp" 1785
"../../../Engine/Content/EditorResources/S_Solver.ubulk" 1786
"../../../Engine/Content/EditorResources/S_Terrain.uasset" 1787
"../../../Engine/Content/EditorResources/S_Terrain.uexp" 1788
"../../../Engine/Content/EditorResources/S_Terrain.ubulk" 1789
"../../../Engine/Content/EditorResources/S_Trigger.uasset" 1790
"../../../Engine/Content/EditorResources/S_Trigger.uexp" 1791
"../../../Engine/Content/EditorResources/S_Trigger.ubulk" 1792
"../../../Engine/Content/EditorResources/LightIcons/S_LightError.uasset" 1793
"../../../Engine/Content/EditorResources/LightIcons/S_LightError.uexp" 1794
"../../../Engine/Content/EditorResources/SequenceRecorder/Countdown.uasset" 1795
"../../../Engine/Content/EditorResources/SequenceRecorder/Countdown.uexp" 1796
"../../../Engine/Content/EditorResources/SequenceRecorder/RecordingIndicator.uasset" 1797
"../../../Engine/Content/EditorResources/SequenceRecorder/RecordingIndicator.uexp" 1798
"../../../Engine/Content/EngineDamageTypes/DmgTypeBP_Environmental.uasset" 1799
"../../../Engine/Content/EngineDamageTypes/DmgTypeBP_Environmental.uexp" 1800
"../../../Engine/Content/EngineDebugMaterials/DebugEditorMaterial.uasset" 1801
"../../../Engine/Content/EngineDebugMaterials/DebugEditorMaterial.uexp" 1802
"../../../Engine/Content/EngineDebugMaterials/DebugMeshMaterial.uasset" 1803
"../../../Engine/Content/EngineDebugMaterials/DebugMeshMaterial.uexp" 1804
"../../../Engine/Content/EngineDebugMaterials/M_SimpleUnlitTranslucent.uasset" 1805
"../../../Engine/Content/EngineDebugMaterials/M_SimpleUnlitTranslucent.uexp" 1806
"../../../Engine/Content/EngineDebugMaterials/VolumeToRender.uasset" 1807
"../../../Engine/Content/EngineDebugMaterials/VolumeToRender.uexp" 1808
"../../../Engine/Content/Functions/Engine_MaterialFunctions02/Utility/CameraDirectionVector.uasset" 1809
"../../../Engine/Content/Functions/Engine_MaterialFunctions02/Utility/CameraDirectionVector.uexp" 1810
"../../../Engine/Content/EngineDebugMaterials/M_VolumeRenderSphereTracePP.uasset" 1811
"../../../Engine/Content/EngineDebugMaterials/M_VolumeRenderSphereTracePP.uexp" 1812
"../../../Engine/Content/Functions/Engine_MaterialFunctions01/Shading/ConvertFromDiffSpec.uasset" 1813
"../../../Engine/Content/Functions/Engine_MaterialFunctions01/Shading/ConvertFromDiffSpec.uexp" 1814
"../../../Engine/Content/EngineDebugMaterials/VertexColorMaterial.uasset" 1815
"../../../Engine/Content/EngineDebugMaterials/VertexColorMaterial.uexp" 1816
"../../../Engine/Content/EngineDebugMaterials/WireframeMaterial.uasset" 1817
"../../../Engine/Content/EngineDebugMaterials/WireframeMaterial.uexp" 1818
"../../../Engine/Content/EngineFonts/Faces/RobotoRegular.uasset" 1819
"../../../Engine/Content/EngineFonts/Faces/RobotoRegular.uexp" 1820
"../../../Engine/Content/EngineFonts/Faces/RobotoRegular.ufont" 1821
"../../../Engine/Content/EngineFonts/Faces/RobotoLight.uasset" 1822
"../../../Engine/Content/EngineFonts/Faces/RobotoLight.uexp" 1823
"../../../Engine/Content/EngineFonts/Faces/RobotoLight.ufont" 1824
"../../../Engine/Content/EngineFonts/Faces/RobotoItalic.uasset" 1825
"../../../Engine/Content/EngineFonts/Faces/RobotoItalic.uexp" 1826
"../../../Engine/Content/EngineFonts/Faces/RobotoItalic.ufont" 1827
"../../../Engine/Content/EngineFonts/Faces/RobotoBoldItalic.uasset" 1828
"../../../Engine/Content/EngineFonts/Faces/RobotoBoldItalic.uexp" 1829
"../../../Engine/Content/EngineFonts/Faces/RobotoBoldItalic.ufont" 1830
"../../../Engine/Content/EngineFonts/Faces/RobotoBold.uasset" 1831
"../../../Engine/Content/EngineFonts/Faces/RobotoBold.uexp" 1832
"../../../Engine/Content/EngineFonts/Faces/RobotoBold.ufont" 1833
"../../../Engine/Content/EngineFonts/Faces/DroidSansFallback.uasset" 1834
"../../../Engine/Content/EngineFonts/Faces/DroidSansFallback.uexp" 1835
"../../../Engine/Content/EngineFonts/Faces/DroidSansFallback.ufont" 1836
"../../../Engine/Content/EngineFonts/Roboto.uasset" 1837
"../../../Engine/Content/EngineFonts/Roboto.uexp" 1838
"../../../Engine/Content/EngineMaterials/BaseFlattenNormalMap.uasset" 1839
"../../../Engine/Content/EngineMaterials/BaseFlattenNormalMap.uexp" 1840
"../../../Engine/Content/EngineMaterials/BaseFlattenGrayscaleMap.uasset" 1841
"../../../Engine/Content/EngineMaterials/BaseFlattenGrayscaleMap.uexp" 1842
"../../../Engine/Content/EngineMaterials/BaseFlattenEmissiveMap.uasset" 1843
"../../../Engine/Content/EngineMaterials/BaseFlattenEmissiveMap.uexp" 1844
"../../../Engine/Content/EngineMaterials/BaseFlattenDiffuseMap.uasset" 1845
"../../../Engine/Content/EngineMaterials/BaseFlattenDiffuseMap.uexp" 1846
"../../../Engine/Content/EngineMaterials/BaseFlattenMaterial.uasset" 1847
"../../../Engine/Content/EngineMaterials/BaseFlattenMaterial.uexp" 1848
"../../../Engine/Content/EngineMaterials/BlueNoise.uasset" 1849
"../../../Engine/Content/EngineMaterials/BlueNoise.uexp" 1850
"../../../Engine/Content/EngineMaterials/DefaultBloomKernel.uasset" 1851
"../../../Engine/Content/EngineMaterials/DefaultBloomKernel.uexp" 1852
"../../../Engine/Content/EngineMaterials/DefaultBokeh.uasset" 1853
"../../../Engine/Content/EngineMaterials/DefaultBokeh.uexp" 1854
"../../../Engine/Content/EngineMaterials/DefaultDeferredDecalMaterial.uasset" 1855
"../../../Engine/Content/EngineMaterials/DefaultDeferredDecalMaterial.uexp" 1856
"../../../Engine/Content/EngineMaterials/DefaultLightFunctionMaterial.uasset" 1857
"../../../Engine/Content/EngineMaterials/DefaultLightFunctionMaterial.uexp" 1858
"../../../Engine/Content/EngineMaterials/DefaultPhysicalMaterial.uasset" 1859
"../../../Engine/Content/EngineMaterials/DefaultPhysicalMaterial.uexp" 1860
"../../../Engine/Content/Functions/Engine_MaterialFunctions02/Utility/BreakOutFloat2Components.uasset" 1861
"../../../Engine/Content/Functions/Engine_MaterialFunctions02/Utility/BreakOutFloat2Components.uexp" 1862
"../../../Engine/Content/EngineMaterials/DefaultPostProcessMaterial.uasset" 1863
"../../../Engine/Content/EngineMaterials/DefaultPostProcessMaterial.uexp" 1864
"../../../Engine/Content/EngineFonts/RobotoDistanceField.uasset" 1865
"../../../Engine/Content/EngineFonts/RobotoDistanceField.uexp" 1866
"../../../Engine/Content/EngineMaterials/DefaultTextMaterialOpaque.uasset" 1867
"../../../Engine/Content/EngineMaterials/DefaultTextMaterialOpaque.uexp" 1868
"../../../Engine/Content/EngineMaterials/DefaultWhiteGrid.uasset" 1869
"../../../Engine/Content/EngineMaterials/DefaultWhiteGrid.uexp" 1870
"../../../Engine/Content/EngineMaterials/DefaultWhiteGrid.ubulk" 1871
"../../../Engine/Content/EngineMaterials/DefaultWhiteGrid_Low.uasset" 1872
"../../../Engine/Content/EngineMaterials/DefaultWhiteGrid_Low.uexp" 1873
"../../../Engine/Content/EngineMaterials/EmissiveMeshMaterial.uasset" 1874
"../../../Engine/Content/EngineMaterials/EmissiveMeshMaterial.uexp" 1875
"../../../Engine/Content/EngineMaterials/GizmoMaterial.uasset" 1876
"../../../Engine/Content/EngineMaterials/GizmoMaterial.uexp" 1877
"../../../Engine/Content/EngineMaterials/Good64x64TilingNoiseHighFreq.uasset" 1878
"../../../Engine/Content/EngineMaterials/Good64x64TilingNoiseHighFreq.uexp" 1879
"../../../Engine/Content/EngineMaterials/MiniFont.uasset" 1880
"../../../Engine/Content/EngineMaterials/MiniFont.uexp" 1881
"../../../Engine/Content/EngineMaterials/InvalidLightmapSettings.uasset" 1882
"../../../Engine/Content/EngineMaterials/InvalidLightmapSettings.uexp" 1883
"../../../Engine/Content/EngineMaterials/InvalidLightmapSettings.ubulk" 1884
"../../../Engine/Content/EngineMaterials/M_InvalidLightmapSettings.uasset" 1885
"../../../Engine/Content/EngineMaterials/M_InvalidLightmapSettings.uexp" 1886
"../../../Engine/Content/Functions/Engine_MaterialFunctions02/WorldPositionOffset/CameraOffset.uasset" 1887
"../../../Engine/Content/Functions/Engine_MaterialFunctions02/WorldPositionOffset/CameraOffset.uexp" 1888
"../../../Engine/Content/EngineMaterials/PhAT_JointLimitMaterial.uasset" 1889
"../../../Engine/Content/EngineMaterials/PhAT_JointLimitMaterial.uexp" 1890
"../../../Engine/Content/EngineMaterials/DefaultCalibrationColor.uasset" 1891
"../../../Engine/Content/EngineMaterials/DefaultCalibrationColor.uexp" 1892
"../../../Engine/Content/EngineMaterials/PPM_DefaultCalibrationColor.uasset" 1893
"../../../Engine/Content/EngineMaterials/PPM_DefaultCalibrationColor.uexp" 1894
"../../../Engine/Content/EngineMaterials/DefaultCalibrationGrayscale.uasset" 1895
"../../../Engine/Content/EngineMaterials/DefaultCalibrationGrayscale.uexp" 1896
"../../../Engine/Content/EngineMaterials/PPM_DefaultCalibrationGrayscale.uasset" 1897
"../../../Engine/Content/EngineMaterials/PPM_DefaultCalibrationGrayscale.uexp" 1898
"../../../Engine/Content/EngineMaterials/PreintegratedSkinBRDF.uasset" 1899
"../../../Engine/Content/EngineMaterials/PreintegratedSkinBRDF.uexp" 1900
"../../../Engine/Content/EngineMaterials/RemoveSurfaceMaterial.uasset" 1901
"../../../Engine/Content/EngineMaterials/RemoveSurfaceMaterial.uexp" 1902
"../../../Engine/Content/EngineMaterials/WeightMapPlaceholderTexture.uasset" 1903
"../../../Engine/Content/EngineMaterials/WeightMapPlaceholderTexture.uexp" 1904
"../../../Engine/Content/EngineResources/WhiteSquareTexture.uasset" 1905
"../../../Engine/Content/EngineResources/WhiteSquareTexture.uexp" 1906
"../../../Engine/Content/EngineMaterials/Widget3DPassThrough.uasset" 1907
"../../../Engine/Content/EngineMaterials/Widget3DPassThrough.uexp" 1908
"../../../Engine/Content/EngineMaterials/Widget3DPassThrough_Masked.uasset" 1909
"../../../Engine/Content/EngineMaterials/Widget3DPassThrough_Masked.uexp" 1910
"../../../Engine/Content/EngineMaterials/Widget3DPassThrough_Opaque.uasset" 1911
"../../../Engine/Content/EngineMaterials/Widget3DPassThrough_Opaque.uexp" 1912
"../../../Engine/Content/EngineMaterials/Widget3DPassThrough_Masked_OneSided.uasset" 1913
"../../../Engine/Content/EngineMaterials/Widget3DPassThrough_Masked_OneSided.uexp" 1914
"../../../Engine/Content/EngineMaterials/Widget3DPassThrough_Opaque_OneSided.uasset" 1915
"../../../Engine/Content/EngineMaterials/Widget3DPassThrough_Opaque_OneSided.uexp" 1916
"../../../Engine/Content/EngineMaterials/Widget3DPassThrough_Translucent.uasset" 1917
"../../../Engine/Content/EngineMaterials/Widget3DPassThrough_Translucent.uexp" 1918
"../../../Engine/Content/EngineMaterials/Widget3DPassThrough_Translucent_OneSided.uasset" 1919
"../../../Engine/Content/EngineMaterials/Widget3DPassThrough_Translucent_OneSided.uexp" 1920
"../../../Engine/Content/EngineMeshes/Cylinder.uasset" 1921
"../../../Engine/Content/EngineMeshes/Cylinder.uexp" 1922
"../../../Engine/Content/EngineMeshes/Sphere.uasset" 1923
"../../../Engine/Content/EngineMeshes/Sphere.uexp" 1924
"../../../Engine/Content/EngineResources/DefaultTexture.uasset" 1925
"../../../Engine/Content/EngineResources/DefaultTexture.uexp" 1926
"../../../Engine/Content/EngineResources/DefaultTexture.ubulk" 1927
"../../../Engine/Content/EngineResources/DefaultTextureCube.uasset" 1928
"../../../Engine/Content/EngineResources/DefaultTextureCube.uexp" 1929
"../../../Engine/Content/EngineResources/DefaultVolumeTexture2D.uasset" 1930
"../../../Engine/Content/EngineResources/DefaultVolumeTexture2D.uexp" 1931
"../../../Engine/Content/EngineResources/DefaultVolumeTexture.uasset" 1932
"../../../Engine/Content/EngineResources/DefaultVolumeTexture.uexp" 1933
"../../../Engine/Content/EngineResources/GradientTexture0.uasset" 1934
"../../../Engine/Content/EngineResources/GradientTexture0.uexp" 1935
"../../../Engine/Content/EngineSky/VolumetricClouds/T_NoiseShape64.uasset" 1936
"../../../Engine/Content/EngineSky/VolumetricClouds/T_NoiseShape64.uexp" 1937
"../../../Engine/Content/EngineSky/VolumetricClouds/T_NoiseShape64.ubulk" 1938
"../../../Engine/Content/EngineSky/VolumetricClouds/T_VolumeNoiseShape64.uasset" 1939
"../../../Engine/Content/EngineSky/VolumetricClouds/T_VolumeNoiseShape64.uexp" 1940
"../../../Engine/Content/EngineSky/VolumetricClouds/T_NoiseErosion.uasset" 1941
"../../../Engine/Content/EngineSky/VolumetricClouds/T_NoiseErosion.uexp" 1942
"../../../Engine/Content/EngineSky/VolumetricClouds/T_NoiseErosion.ubulk" 1943
"../../../Engine/Content/EngineSky/VolumetricClouds/T_VolumeNoiseErosion32.uasset" 1944
"../../../Engine/Content/EngineSky/VolumetricClouds/T_VolumeNoiseErosion32.uexp" 1945
"../../../Engine/Content/EngineSky/VolumetricClouds/CloudWeatherTexture.uasset" 1946
"../../../Engine/Content/EngineSky/VolumetricClouds/CloudWeatherTexture.uexp" 1947
"../../../Engine/Content/EngineSky/VolumetricClouds/CloudGradientTexture.uasset" 1948
"../../../Engine/Content/EngineSky/VolumetricClouds/CloudGradientTexture.uexp" 1949
"../../../Engine/Content/Functions/Engine_MaterialFunctions02/Utility/MakeFloat2.uasset" 1950
"../../../Engine/Content/Functions/Engine_MaterialFunctions02/Utility/MakeFloat2.uexp" 1951
"../../../Engine/Content/EngineSky/VolumetricClouds/m_SimpleVolumetricCloud.uasset" 1952
"../../../Engine/Content/EngineSky/VolumetricClouds/m_SimpleVolumetricCloud.uexp" 1953
"../../../Engine/Content/EngineSky/VolumetricClouds/m_SimpleVolumetricCloud_Inst.uasset" 1954
"../../../Engine/Content/EngineSky/VolumetricClouds/m_SimpleVolumetricCloud_Inst.uexp" 1955
"../../../Engine/Content/EngineSounds/Master.uasset" 1956
"../../../Engine/Content/EngineSounds/Master.uexp" 1957
"../../../Engine/Content/Functions/Engine_MaterialFunctions01/Shading/PowerToRoughness.uasset" 1958
"../../../Engine/Content/Functions/Engine_MaterialFunctions01/Shading/PowerToRoughness.uexp" 1959
"../../../Engine/Content/Maps/Templates/Thumbnails/Default.uasset" 1960
"../../../Engine/Content/Maps/Templates/Thumbnails/Default.uexp" 1961
"../../../Engine/Content/Maps/Templates/Thumbnails/TimeOfDay.uasset" 1962
"../../../Engine/Content/Maps/Templates/Thumbnails/TimeOfDay.uexp" 1963
"../../../Engine/Content/Maps/Templates/Thumbnails/VR-Basic.uasset" 1964
"../../../Engine/Content/Maps/Templates/Thumbnails/VR-Basic.uexp" 1965
"../../../Engine/Content/MobileResources/T_MobileControls_texture.uasset" 1966
"../../../Engine/Content/MobileResources/T_MobileControls_texture.uexp" 1967
"../../../Engine/Content/MobileResources/T_MobileMenu2.uasset" 1968
"../../../Engine/Content/MobileResources/T_MobileMenu2.uexp" 1969
"../../../Engine/Content/MobileResources/HUD/AnalogHat.uasset" 1970
"../../../Engine/Content/MobileResources/HUD/AnalogHat.uexp" 1971
"../../../Engine/Content/MobileResources/HUD/VirtualJoystick_Thumb.uasset" 1972
"../../../Engine/Content/MobileResources/HUD/VirtualJoystick_Thumb.uexp" 1973
"../../../Engine/Content/MobileResources/HUD/VirtualJoystick_Background.uasset" 1974
"../../../Engine/Content/MobileResources/HUD/VirtualJoystick_Background.uexp" 1975
"../../../Engine/Content/MobileResources/HUD/DefaultVirtualJoysticks.uasset" 1976
"../../../Engine/Content/MobileResources/HUD/DefaultVirtualJoysticks.uexp" 1977
"../../../Engine/Content/MobileResources/HUD/LeftVirtualJoystickOnly.uasset" 1978
"../../../Engine/Content/MobileResources/HUD/LeftVirtualJoystickOnly.uexp" 1979
"../../../Engine/Content/MobileResources/HUD/MobileHUDButton1_off.uasset" 1980
"../../../Engine/Content/MobileResources/HUD/MobileHUDButton1_off.uexp" 1981
"../../../Engine/Content/MobileResources/HUD/MobileHUDButton1_on.uasset" 1982
"../../../Engine/Content/MobileResources/HUD/MobileHUDButton1_on.uexp" 1983
"../../../Engine/Content/MobileResources/HUD/MobileHUDButton2_off.uasset" 1984
"../../../Engine/Content/MobileResources/HUD/MobileHUDButton2_off.uexp" 1985
"../../../Engine/Content/MobileResources/HUD/MobileHUDButton2_on.uasset" 1986
"../../../Engine/Content/MobileResources/HUD/MobileHUDButton2_on.uexp" 1987
"../../../Engine/Content/MobileResources/HUD/MobileHUDButton3.uasset" 1988
"../../../Engine/Content/MobileResources/HUD/MobileHUDButton3.uexp" 1989
"../../../Engine/Content/MobileResources/HUD/MobileHUDButtonFire.uasset" 1990
"../../../Engine/Content/MobileResources/HUD/MobileHUDButtonFire.uexp" 1991
"../../../Engine/Content/MobileResources/HUD/MobileHUDDirectionPad.uasset" 1992
"../../../Engine/Content/MobileResources/HUD/MobileHUDDirectionPad.uexp" 1993
"../../../Engine/Content/MobileResources/HUD/MobileHUDDirectionPad2.uasset" 1994
"../../../Engine/Content/MobileResources/HUD/MobileHUDDirectionPad2.uexp" 1995
"../../../Engine/Content/MobileResources/HUD/MobileHUDDirectionPad3.uasset" 1996
"../../../Engine/Content/MobileResources/HUD/MobileHUDDirectionPad3.uexp" 1997
"../../../Engine/Content/MobileResources/HUD/MobileHUDDirectionStick.uasset" 1998
"../../../Engine/Content/MobileResources/HUD/MobileHUDDirectionStick.uexp" 1999
"../../../Engine/Content/MobileResources/HUD/T_Castle_ThumbstickInner.uasset" 2000
"../../../Engine/Content/MobileResources/HUD/T_Castle_ThumbstickInner.uexp" 2001
"../../../Engine/Content/MobileResources/HUD/T_Castle_ThumbstickOutter.uasset" 2002
"../../../Engine/Content/MobileResources/HUD/T_Castle_ThumbstickOutter.uexp" 2003
"../../../Engine/Content/Tutorial/ContentIntroCurve.uasset" 2004
"../../../Engine/Content/Tutorial/ContentIntroCurve.uexp" 2005
"../../../Engine/Content/Tutorial/Landscape/TutorialAssets/Landscape.uasset" 2006
"../../../Engine/Content/Tutorial/Landscape/TutorialAssets/Landscape.uexp" 2007
"../../../Engine/Content/VREditor/TransformGizmo/TranslucentTransformGizmoMaterial.uasset" 2008
"../../../Engine/Content/VREditor/TransformGizmo/TranslucentTransformGizmoMaterial.uexp" 2009
"../../../Engine/Content/VREditor/LaserPointer/VR_LaserPower_01.uasset" 2010
"../../../Engine/Content/VREditor/LaserPointer/VR_LaserPower_01.uexp" 2011
"../../../Engine/Content/VREditor/LaserPointer/VR_LaserPower_01.ubulk" 2012
"../../../Engine/Content/VREditor/TransformGizmo/TransformGizmoMaterial.uasset" 2013
"../../../Engine/Content/VREditor/TransformGizmo/TransformGizmoMaterial.uexp" 2014
"../../../Engine/Content/VREditor/TransformGizmo/BoundingBoxCorner.uasset" 2015
"../../../Engine/Content/VREditor/TransformGizmo/BoundingBoxCorner.uexp" 2016
"../../../Engine/Content/VREditor/TransformGizmo/BoundingBoxEdge.uasset" 2017
"../../../Engine/Content/VREditor/TransformGizmo/BoundingBoxEdge.uexp" 2018
"../../../Engine/Content/VREditor/TransformGizmo/PlaneTranslationHandle.uasset" 2019
"../../../Engine/Content/VREditor/TransformGizmo/PlaneTranslationHandle.uexp" 2020
"../../../Engine/Content/VREditor/TransformGizmo/Xray.uasset" 2021
"../../../Engine/Content/VREditor/TransformGizmo/Xray.uexp" 2022
"../../../Engine/Content/VREditor/TransformGizmo/Main.uasset" 2023
"../../../Engine/Content/VREditor/TransformGizmo/Main.uexp" 2024
"../../../Engine/Content/VREditor/TransformGizmo/SM_Sequencer_Key.uasset" 2025
"../../../Engine/Content/VREditor/TransformGizmo/SM_Sequencer_Key.uexp" 2026
"../../../Engine/Content/VREditor/TransformGizmo/SM_Sequencer_Node.uasset" 2027
"../../../Engine/Content/VREditor/TransformGizmo/SM_Sequencer_Node.uexp" 2028
"../../../Engine/Plugins/2D/Paper2D/Content/PlaceholderTextures/DummySpriteTexture.uasset" 2029
"../../../Engine/Plugins/2D/Paper2D/Content/PlaceholderTextures/DummySpriteTexture.uexp" 2030
"../../../Engine/Plugins/2D/Paper2D/Content/PlaceholderTextures/DummySpriteTexture.ubulk" 2031
"../../../Engine/Plugins/2D/Paper2D/Content/DummySprite.uasset" 2032
"../../../Engine/Plugins/2D/Paper2D/Content/DummySprite.uexp" 2033
"../../../Engine/Plugins/2D/Paper2D/Content/DefaultPaperTerrainMaterial.uasset" 2034
"../../../Engine/Plugins/2D/Paper2D/Content/DefaultPaperTerrainMaterial.uexp" 2035
"../../../Engine/Plugins/2D/Paper2D/Content/DefaultSpriteMaterial.uasset" 2036
"../../../Engine/Plugins/2D/Paper2D/Content/DefaultSpriteMaterial.uexp" 2037
"../../../Engine/Plugins/2D/Paper2D/Content/MaskedUnlitSpriteMaterial.uasset" 2038
"../../../Engine/Plugins/2D/Paper2D/Content/MaskedUnlitSpriteMaterial.uexp" 2039
"../../../Engine/Plugins/2D/Paper2D/Content/OpaqueUnlitSpriteMaterial.uasset" 2040
"../../../Engine/Plugins/2D/Paper2D/Content/OpaqueUnlitSpriteMaterial.uexp" 2041
"../../../Engine/Content/Functions/Engine_MaterialFunctions02/Utility/BreakOutFloat3Components.uasset" 2042
"../../../Engine/Content/Functions/Engine_MaterialFunctions02/Utility/BreakOutFloat3Components.uexp" 2043
"../../../Engine/Plugins/Editor/SpeedTreeImporter/Content/SpeedTree9/UnpackInteger3.uasset" 2044
"../../../Engine/Plugins/Editor/SpeedTreeImporter/Content/SpeedTree9/UnpackInteger3.uexp" 2045
"../../../Engine/Plugins/Editor/SpeedTreeImporter/Content/SpeedTree9/UnpackDirection.uasset" 2046
"../../../Engine/Plugins/Editor/SpeedTreeImporter/Content/SpeedTree9/UnpackDirection.uexp" 2047
"../../../Engine/Plugins/Editor/SpeedTreeImporter/Content/SpeedTree9/game_wind_noise.uasset" 2048
"../../../Engine/Plugins/Editor/SpeedTreeImporter/Content/SpeedTree9/game_wind_noise.uexp" 2049
"../../../Engine/Plugins/Editor/SpeedTreeImporter/Content/SpeedTree9/game_wind_noise.ubulk" 2050
"../../../Engine/Content/Functions/Engine_MaterialFunctions02/SafeNormalize.uasset" 2051
"../../../Engine/Content/Functions/Engine_MaterialFunctions02/SafeNormalize.uexp" 2052
"../../../Engine/Plugins/Editor/SpeedTreeImporter/Content/SpeedTree9/SpeedTreeWindMotion.uasset" 2053
"../../../Engine/Plugins/Editor/SpeedTreeImporter/Content/SpeedTree9/SpeedTreeWindMotion.uexp" 2054
"../../../Engine/Plugins/Editor/SpeedTreeImporter/Content/SpeedTree9/SpeedTreeBranchMotion.uasset" 2055
"../../../Engine/Plugins/Editor/SpeedTreeImporter/Content/SpeedTree9/SpeedTreeBranchMotion.uexp" 2056
"../../../Engine/Content/Functions/Engine_MaterialFunctions02/ObjectLocalBounds.uasset" 2057
"../../../Engine/Content/Functions/Engine_MaterialFunctions02/ObjectLocalBounds.uexp" 2058
"../../../Engine/Content/Functions/Engine_MaterialFunctions02/UVs/BoundingBoxBased_0-1_UVW.uasset" 2059
"../../../Engine/Content/Functions/Engine_MaterialFunctions02/UVs/BoundingBoxBased_0-1_UVW.uexp" 2060
"../../../Engine/Content/Functions/Engine_MaterialFunctions02/Utility/VectorLength.uasset" 2061
"../../../Engine/Content/Functions/Engine_MaterialFunctions02/Utility/VectorLength.uexp" 2062
"../../../Engine/Content/Functions/Engine_MaterialFunctions02/WorldPositionOffset/ObjectScale.uasset" 2063
"../../../Engine/Content/Functions/Engine_MaterialFunctions02/WorldPositionOffset/ObjectScale.uexp" 2064
"../../../Engine/Plugins/Editor/SpeedTreeImporter/Content/SpeedTree9/SpeedTreeWind.uasset" 2065
"../../../Engine/Plugins/Editor/SpeedTreeImporter/Content/SpeedTree9/SpeedTreeWind.uexp" 2066
"../../../Engine/Plugins/Editor/SpeedTreeImporter/Content/SpeedTree9/SpeedTreeBillboard.uasset" 2067
"../../../Engine/Plugins/Editor/SpeedTreeImporter/Content/SpeedTree9/SpeedTreeBillboard.uexp" 2068
"../../../Engine/Plugins/Editor/SpeedTreeImporter/Content/SpeedTree9/EmptyNormal.uasset" 2069
"../../../Engine/Plugins/Editor/SpeedTreeImporter/Content/SpeedTree9/EmptyNormal.uexp" 2070
"../../../Engine/Plugins/Editor/SpeedTreeImporter/Content/SpeedTree9/Empty.uasset" 2071
"../../../Engine/Plugins/Editor/SpeedTreeImporter/Content/SpeedTree9/Empty.uexp" 2072
"../../../Engine/Plugins/Editor/SpeedTreeImporter/Content/SpeedTree9/SpeedTreeBillboardMaster.uasset" 2073
"../../../Engine/Plugins/Editor/SpeedTreeImporter/Content/SpeedTree9/SpeedTreeBillboardMaster.uexp" 2074
"../../../Engine/Plugins/Editor/SpeedTreeImporter/Content/SpeedTree9/SpeedTreeCameraFacing.uasset" 2075
"../../../Engine/Plugins/Editor/SpeedTreeImporter/Content/SpeedTree9/SpeedTreeCameraFacing.uexp" 2076
"../../../Engine/Plugins/Editor/SpeedTreeImporter/Content/SpeedTree9/SpeedTreeMaster.uasset" 2077
"../../../Engine/Plugins/Editor/SpeedTreeImporter/Content/SpeedTree9/SpeedTreeMaster.uexp" 2078
"../../../Engine/Content/ArtTools/RenderToTexture/Materials/Debug/M_Emissive_Color.uasset" 2079
"../../../Engine/Content/ArtTools/RenderToTexture/Materials/Debug/M_Emissive_Color.uexp" 2080
"../../../Engine/Content/BasicShapes/Cylinder.uasset" 2081
"../../../Engine/Content/BasicShapes/Cylinder.uexp" 2082
"../../../Engine/Plugins/Lumin/MagicLeapPassableWorld/Content/MagicLeapARPinInfoActor.uasset" 2083
"../../../Engine/Plugins/Lumin/MagicLeapPassableWorld/Content/MagicLeapARPinInfoActor.uexp" 2084
"../../../Engine/Plugins/Runtime/OpenXR/Content/Devices/GoogleDaydream/MRTexture.uasset" 2085
"../../../Engine/Plugins/Runtime/OpenXR/Content/Devices/GoogleDaydream/MRTexture.uexp" 2086
"../../../Engine/Plugins/Runtime/OpenXR/Content/Devices/GoogleDaydream/MRTexture.ubulk" 2087
"../../../Engine/Plugins/Runtime/OpenXR/Content/Devices/GoogleDaydream/BaseTexture.uasset" 2088
"../../../Engine/Plugins/Runtime/OpenXR/Content/Devices/GoogleDaydream/BaseTexture.uexp" 2089
"../../../Engine/Plugins/Runtime/OpenXR/Content/Devices/GoogleDaydream/BaseTexture.ubulk" 2090
"../../../Engine/Content/EngineResources/Black.uasset" 2091
"../../../Engine/Content/EngineResources/Black.uexp" 2092
"../../../Engine/Plugins/Runtime/OpenXR/Content/Devices/M_XRController.uasset" 2093
"../../../Engine/Plugins/Runtime/OpenXR/Content/Devices/M_XRController.uexp" 2094
"../../../Engine/Plugins/Runtime/OpenXR/Content/Devices/GoogleDaydream/MI_GoogleDaydream.uasset" 2095
"../../../Engine/Plugins/Runtime/OpenXR/Content/Devices/GoogleDaydream/MI_GoogleDaydream.uexp" 2096
"../../../Engine/Plugins/Runtime/OpenXR/Content/Devices/GoogleDaydream/GoogleDaydreamController.uasset" 2097
"../../../Engine/Plugins/Runtime/OpenXR/Content/Devices/GoogleDaydream/GoogleDaydreamController.uexp" 2098
"../../../Engine/Plugins/Runtime/OpenXR/Content/Devices/HTCVive/BaseTexture.uasset" 2099
"../../../Engine/Plugins/Runtime/OpenXR/Content/Devices/HTCVive/BaseTexture.uexp" 2100
"../../../Engine/Plugins/Runtime/OpenXR/Content/Devices/HTCVive/BaseTexture.ubulk" 2101
"../../../Engine/Plugins/Runtime/OpenXR/Content/Devices/HTCVive/MI_HTCVive.uasset" 2102
"../../../Engine/Plugins/Runtime/OpenXR/Content/Devices/HTCVive/MI_HTCVive.uexp" 2103
"../../../Engine/Plugins/Runtime/OpenXR/Content/Devices/HTCVive/HTCViveController.uasset" 2104
"../../../Engine/Plugins/Runtime/OpenXR/Content/Devices/HTCVive/HTCViveController.uexp" 2105
"../../../Engine/Plugins/Runtime/OpenXR/Content/Devices/MicrosoftMixedReality/NormalTexture.uasset" 2106
"../../../Engine/Plugins/Runtime/OpenXR/Content/Devices/MicrosoftMixedReality/NormalTexture.uexp" 2107
"../../../Engine/Plugins/Runtime/OpenXR/Content/Devices/MicrosoftMixedReality/NormalTexture.ubulk" 2108
"../../../Engine/Plugins/Runtime/OpenXR/Content/Devices/MicrosoftMixedReality/MRTexture.uasset" 2109
"../../../Engine/Plugins/Runtime/OpenXR/Content/Devices/MicrosoftMixedReality/MRTexture.uexp" 2110
"../../../Engine/Plugins/Runtime/OpenXR/Content/Devices/MicrosoftMixedReality/MRTexture.ubulk" 2111
"../../../Engine/Plugins/Runtime/OpenXR/Content/Devices/MicrosoftMixedReality/EmissiveTexture.uasset" 2112
"../../../Engine/Plugins/Runtime/OpenXR/Content/Devices/MicrosoftMixedReality/EmissiveTexture.uexp" 2113
"../../../Engine/Plugins/Runtime/OpenXR/Content/Devices/MicrosoftMixedReality/EmissiveTexture.ubulk" 2114
"../../../Engine/Plugins/Runtime/OpenXR/Content/Devices/MicrosoftMixedReality/BaseTexture.uasset" 2115
"../../../Engine/Plugins/Runtime/OpenXR/Content/Devices/MicrosoftMixedReality/BaseTexture.uexp" 2116
"../../../Engine/Plugins/Runtime/OpenXR/Content/Devices/MicrosoftMixedReality/BaseTexture.ubulk" 2117
"../../../Engine/Plugins/Runtime/OpenXR/Content/Devices/MicrosoftMixedReality/MI_MicrosoftMixedReality.uasset" 2118
"../../../Engine/Plugins/Runtime/OpenXR/Content/Devices/MicrosoftMixedReality/MI_MicrosoftMixedReality.uexp" 2119
"../../../Engine/Plugins/Runtime/OpenXR/Content/Devices/MicrosoftMixedReality/Left/left_MicrosoftMixedRealityController.uasset" 2120
"../../../Engine/Plugins/Runtime/OpenXR/Content/Devices/MicrosoftMixedReality/Left/left_MicrosoftMixedRealityController.uexp" 2121
"../../../Engine/Plugins/Runtime/OpenXR/Content/Devices/MicrosoftMixedReality/Right/right_MicrosoftMixedRealityController.uasset" 2122
"../../../Engine/Plugins/Runtime/OpenXR/Content/Devices/MicrosoftMixedReality/Right/right_MicrosoftMixedRealityController.uexp" 2123
"../../../Engine/Plugins/Runtime/OpenXR/Content/Devices/OculusGo/BaseTexture.uasset" 2124
"../../../Engine/Plugins/Runtime/OpenXR/Content/Devices/OculusGo/BaseTexture.uexp" 2125
"../../../Engine/Plugins/Runtime/OpenXR/Content/Devices/OculusGo/BaseTexture.ubulk" 2126
"../../../Engine/Plugins/Runtime/OpenXR/Content/Devices/OculusGo/MI_OculusGo.uasset" 2127
"../../../Engine/Plugins/Runtime/OpenXR/Content/Devices/OculusGo/MI_OculusGo.uexp" 2128
"../../../Engine/Plugins/Runtime/OpenXR/Content/Devices/OculusGo/OculusGoController.uasset" 2129
"../../../Engine/Plugins/Runtime/OpenXR/Content/Devices/OculusGo/OculusGoController.uexp" 2130
"../../../Engine/Plugins/Runtime/OpenXR/Content/Devices/OculusTouch/MRTexture.uasset" 2131
"../../../Engine/Plugins/Runtime/OpenXR/Content/Devices/OculusTouch/MRTexture.uexp" 2132
"../../../Engine/Plugins/Runtime/OpenXR/Content/Devices/OculusTouch/MRTexture.ubulk" 2133
"../../../Engine/Plugins/Runtime/OpenXR/Content/Devices/OculusTouch/BaseTexture.uasset" 2134
"../../../Engine/Plugins/Runtime/OpenXR/Content/Devices/OculusTouch/BaseTexture.uexp" 2135
"../../../Engine/Plugins/Runtime/OpenXR/Content/Devices/OculusTouch/BaseTexture.ubulk" 2136
"../../../Engine/Plugins/Runtime/OpenXR/Content/Devices/OculusTouch/MI_OculusTouch.uasset" 2137
"../../../Engine/Plugins/Runtime/OpenXR/Content/Devices/OculusTouch/MI_OculusTouch.uexp" 2138
"../../../Engine/Plugins/Runtime/OpenXR/Content/Devices/OculusTouch/Left/left_OculusTouchController.uasset" 2139
"../../../Engine/Plugins/Runtime/OpenXR/Content/Devices/OculusTouch/Left/left_OculusTouchController.uexp" 2140
"../../../Engine/Plugins/Runtime/OpenXR/Content/Devices/OculusTouch/Right/right_OculusTouchController.uasset" 2141
"../../../Engine/Plugins/Runtime/OpenXR/Content/Devices/OculusTouch/Right/right_OculusTouchController.uexp" 2142
"../../../Engine/Plugins/Runtime/OpenXR/Content/Devices/OculusTouch_v2/MRTexture.uasset" 2143
"../../../Engine/Plugins/Runtime/OpenXR/Content/Devices/OculusTouch_v2/MRTexture.uexp" 2144
"../../../Engine/Plugins/Runtime/OpenXR/Content/Devices/OculusTouch_v2/MRTexture.ubulk" 2145
"../../../Engine/Plugins/Runtime/OpenXR/Content/Devices/OculusTouch_v2/BaseTexture.uasset" 2146
"../../../Engine/Plugins/Runtime/OpenXR/Content/Devices/OculusTouch_v2/BaseTexture.uexp" 2147
"../../../Engine/Plugins/Runtime/OpenXR/Content/Devices/OculusTouch_v2/BaseTexture.ubulk" 2148
"../../../Engine/Plugins/Runtime/OpenXR/Content/Devices/OculusTouch_v2/MI_OculusTouch_v2.uasset" 2149
"../../../Engine/Plugins/Runtime/OpenXR/Content/Devices/OculusTouch_v2/MI_OculusTouch_v2.uexp" 2150
"../../../Engine/Plugins/Runtime/OpenXR/Content/Devices/OculusTouch_v2/Left/left_OculusTouch_v2Controller.uasset" 2151
"../../../Engine/Plugins/Runtime/OpenXR/Content/Devices/OculusTouch_v2/Left/left_OculusTouch_v2Controller.uexp" 2152
"../../../Engine/Plugins/Runtime/OpenXR/Content/Devices/OculusTouch_v2/Right/right_OculusTouch_v2Controller.uasset" 2153
"../../../Engine/Plugins/Runtime/OpenXR/Content/Devices/OculusTouch_v2/Right/right_OculusTouch_v2Controller.uexp" 2154
"../../../Engine/Plugins/Runtime/OpenXR/Content/Devices/OculusTouch_v3/MRTexture.uasset" 2155
"../../../Engine/Plugins/Runtime/OpenXR/Content/Devices/OculusTouch_v3/MRTexture.uexp" 2156
"../../../Engine/Plugins/Runtime/OpenXR/Content/Devices/OculusTouch_v3/MRTexture.ubulk" 2157
"../../../Engine/Plugins/Runtime/OpenXR/Content/Devices/OculusTouch_v3/BaseTexture.uasset" 2158
"../../../Engine/Plugins/Runtime/OpenXR/Content/Devices/OculusTouch_v3/BaseTexture.uexp" 2159
"../../../Engine/Plugins/Runtime/OpenXR/Content/Devices/OculusTouch_v3/BaseTexture.ubulk" 2160
"../../../Engine/Plugins/Runtime/OpenXR/Content/Devices/OculusTouch_v3/MI_OculusTouch_v3.uasset" 2161
"../../../Engine/Plugins/Runtime/OpenXR/Content/Devices/OculusTouch_v3/MI_OculusTouch_v3.uexp" 2162
"../../../Engine/Plugins/Runtime/OpenXR/Content/Devices/OculusTouch_v3/Left/left_OculusTouch_v3Controller.uasset" 2163
"../../../Engine/Plugins/Runtime/OpenXR/Content/Devices/OculusTouch_v3/Left/left_OculusTouch_v3Controller.uexp" 2164
"../../../Engine/Plugins/Runtime/OpenXR/Content/Devices/OculusTouch_v3/Right/right_OculusTouch_v3Controller.uasset" 2165
"../../../Engine/Plugins/Runtime/OpenXR/Content/Devices/OculusTouch_v3/Right/right_OculusTouch_v3Controller.uexp" 2166
"../../../Engine/Plugins/Runtime/OpenXR/Content/Devices/ValveIndex/MRTexture.uasset" 2167
"../../../Engine/Plugins/Runtime/OpenXR/Content/Devices/ValveIndex/MRTexture.uexp" 2168
"../../../Engine/Plugins/Runtime/OpenXR/Content/Devices/ValveIndex/MRTexture.ubulk" 2169
"../../../Engine/Plugins/Runtime/OpenXR/Content/Devices/ValveIndex/BaseTexture.uasset" 2170
"../../../Engine/Plugins/Runtime/OpenXR/Content/Devices/ValveIndex/BaseTexture.uexp" 2171
"../../../Engine/Plugins/Runtime/OpenXR/Content/Devices/ValveIndex/BaseTexture.ubulk" 2172
"../../../Engine/Plugins/Runtime/OpenXR/Content/Devices/ValveIndex/Left/MI_left_ValveIndex.uasset" 2173
"../../../Engine/Plugins/Runtime/OpenXR/Content/Devices/ValveIndex/Left/MI_left_ValveIndex.uexp" 2174
"../../../Engine/Plugins/Runtime/OpenXR/Content/Devices/ValveIndex/Left/left_ValveIndexController.uasset" 2175
"../../../Engine/Plugins/Runtime/OpenXR/Content/Devices/ValveIndex/Left/left_ValveIndexController.uexp" 2176
"../../../Engine/Plugins/Runtime/OpenXR/Content/Devices/ValveIndex/Right/MI_right_ValveIndex.uasset" 2177
"../../../Engine/Plugins/Runtime/OpenXR/Content/Devices/ValveIndex/Right/MI_right_ValveIndex.uexp" 2178
"../../../Engine/Plugins/Runtime/OpenXR/Content/Devices/ValveIndex/Right/right_ValveIndexController.uasset" 2179
"../../../Engine/Plugins/Runtime/OpenXR/Content/Devices/ValveIndex/Right/right_ValveIndexController.uexp" 2180
"../../../Engine/Content/Functions/Engine_MaterialFunctions02/Utility/BreakOutFloat4Components.uasset" 2181
"../../../Engine/Content/Functions/Engine_MaterialFunctions02/Utility/BreakOutFloat4Components.uexp" 2182
"../../../Engine/Content/Functions/Engine_MaterialFunctions02/Utility/MakeFloat3.uasset" 2183
"../../../Engine/Content/Functions/Engine_MaterialFunctions02/Utility/MakeFloat3.uexp" 2184
"../../../Engine/Plugins/Runtime/Oculus/OculusVR/Content/Materials/OculusMR_ChromaKey.uasset" 2185
"../../../Engine/Plugins/Runtime/Oculus/OculusVR/Content/Materials/OculusMR_ChromaKey.uexp" 2186
"../../../Engine/Plugins/Runtime/Oculus/OculusVR/Content/Materials/OculusMR_OpaqueColoredMaterial.uasset" 2187
"../../../Engine/Plugins/Runtime/Oculus/OculusVR/Content/Materials/OculusMR_OpaqueColoredMaterial.uexp" 2188
"../../../Engine/Plugins/Runtime/Oculus/OculusVR/Content/Materials/PokeAHoleMaterial.uasset" 2189
"../../../Engine/Plugins/Runtime/Oculus/OculusVR/Content/Materials/PokeAHoleMaterial.uexp" 2190
"../../../Engine/Plugins/Runtime/Oculus/OculusVR/Content/Textures/touchController_controlmap.uasset" 2191
"../../../Engine/Plugins/Runtime/Oculus/OculusVR/Content/Textures/touchController_controlmap.uexp" 2192
"../../../Engine/Plugins/Runtime/Oculus/OculusVR/Content/Textures/touchController_controlmap.ubulk" 2193
"../../../Engine/Plugins/Runtime/Oculus/OculusVR/Content/Textures/touchController_albedo.uasset" 2194
"../../../Engine/Plugins/Runtime/Oculus/OculusVR/Content/Textures/touchController_albedo.uexp" 2195
"../../../Engine/Plugins/Runtime/Oculus/OculusVR/Content/Textures/touchController_albedo.ubulk" 2196
"../../../Engine/Plugins/Runtime/Oculus/OculusVR/Content/Materials/touchController_mat.uasset" 2197
"../../../Engine/Plugins/Runtime/Oculus/OculusVR/Content/Materials/touchController_mat.uexp" 2198
"../../../Engine/Plugins/Runtime/Oculus/OculusVR/Content/Meshes/LeftTouchController.uasset" 2199
"../../../Engine/Plugins/Runtime/Oculus/OculusVR/Content/Meshes/LeftTouchController.uexp" 2200
"../../../Engine/Plugins/Runtime/Oculus/OculusVR/Content/Textures/TouchForQuestRiftSController_albedo.uasset" 2201
"../../../Engine/Plugins/Runtime/Oculus/OculusVR/Content/Textures/TouchForQuestRiftSController_albedo.uexp" 2202
"../../../Engine/Plugins/Runtime/Oculus/OculusVR/Content/Textures/TouchForQuestRiftSController_albedo.ubulk" 2203
"../../../Engine/Plugins/Runtime/Oculus/OculusVR/Content/Materials/TouchForQuestRiftSControllerMaterial.uasset" 2204
"../../../Engine/Plugins/Runtime/Oculus/OculusVR/Content/Materials/TouchForQuestRiftSControllerMaterial.uexp" 2205
"../../../Engine/Plugins/Runtime/Oculus/OculusVR/Content/Meshes/LeftTouchForQuestRiftSController.uasset" 2206
"../../../Engine/Plugins/Runtime/Oculus/OculusVR/Content/Meshes/LeftTouchForQuestRiftSController.uexp" 2207
"../../../Engine/Plugins/Runtime/Oculus/OculusVR/Content/Meshes/RiftHMD.uasset" 2208
"../../../Engine/Plugins/Runtime/Oculus/OculusVR/Content/Meshes/RiftHMD.uexp" 2209
"../../../Engine/Plugins/Runtime/Oculus/OculusVR/Content/Meshes/RightTouchController.uasset" 2210
"../../../Engine/Plugins/Runtime/Oculus/OculusVR/Content/Meshes/RightTouchController.uexp" 2211
"../../../Engine/Plugins/Runtime/Oculus/OculusVR/Content/Meshes/RightTouchForQuestRiftSController.uasset" 2212
"../../../Engine/Plugins/Runtime/Oculus/OculusVR/Content/Meshes/RightTouchForQuestRiftSController.uexp" 2213
"C:/Users/yabu-/source/repos/yabu-85/ChronoTrial/Content/Sounds/BGM/BGM_TitleSelect.uasset" 2214
"C:/Users/yabu-/source/repos/yabu-85/ChronoTrial/Content/Sounds/BGM/BGM_TitleSelect.uexp" 2215
"C:/Users/yabu-/source/repos/yabu-85/ChronoTrial/Content/01GameTitle/TitleGameMode.uasset" 2216
"C:/Users/yabu-/source/repos/yabu-85/ChronoTrial/Content/01GameTitle/TitleGameMode.uexp" 2217
"C:/Users/yabu-/source/repos/yabu-85/ChronoTrial/Content/01GameTitle/GameTitle.uexp" 2218
"C:/Users/yabu-/source/repos/yabu-85/ChronoTrial/Content/01GameTitle/GameTitle.umap" 2219
"C:/Users/yabu-/source/repos/yabu-85/ChronoTrial/Content/04GameClear/UI_Clear2.uasset" 2220
"C:/Users/yabu-/source/repos/yabu-85/ChronoTrial/Content/04GameClear/UI_Clear2.uexp" 2221
"C:/Users/yabu-/source/repos/yabu-85/ChronoTrial/Content/04GameClear/UMG_Gameclear.uasset" 2222
"C:/Users/yabu-/source/repos/yabu-85/ChronoTrial/Content/04GameClear/UMG_Gameclear.uexp" 2223
"C:/Users/yabu-/source/repos/yabu-85/ChronoTrial/Content/04GameClear/ClearHUD.uasset" 2224
"C:/Users/yabu-/source/repos/yabu-85/ChronoTrial/Content/04GameClear/ClearHUD.uexp" 2225
"C:/Users/yabu-/source/repos/yabu-85/ChronoTrial/Content/04GameClear/BP_ClearPawn.uasset" 2226
"C:/Users/yabu-/source/repos/yabu-85/ChronoTrial/Content/04GameClear/BP_ClearPawn.uexp" 2227
"C:/Users/yabu-/source/repos/yabu-85/ChronoTrial/Content/04GameClear/ClearGameMode.uasset" 2228
"C:/Users/yabu-/source/repos/yabu-85/ChronoTrial/Content/04GameClear/ClearGameMode.uexp" 2229
"C:/Users/yabu-/source/repos/yabu-85/ChronoTrial/Content/04GameClear/GameClear.uexp" 2230
"C:/Users/yabu-/source/repos/yabu-85/ChronoTrial/Content/04GameClear/GameClear.umap" 2231
"C:/Users/yabu-/source/repos/yabu-85/ChronoTrial/Content/05GameOver/UI_OverBack.uasset" 2232
"C:/Users/yabu-/source/repos/yabu-85/ChronoTrial/Content/05GameOver/UI_OverBack.uexp" 2233
"C:/Users/yabu-/source/repos/yabu-85/ChronoTrial/Content/05GameOver/UI_GameOver.uasset" 2234
"C:/Users/yabu-/source/repos/yabu-85/ChronoTrial/Content/05GameOver/UI_GameOver.uexp" 2235
"C:/Users/yabu-/source/repos/yabu-85/ChronoTrial/Content/05GameOver/WBPGameOverScene.uasset" 2236
"C:/Users/yabu-/source/repos/yabu-85/ChronoTrial/Content/05GameOver/WBPGameOverScene.uexp" 2237
"C:/Users/yabu-/source/repos/yabu-85/ChronoTrial/Content/05GameOver/OverHUD.uasset" 2238
"C:/Users/yabu-/source/repos/yabu-85/ChronoTrial/Content/05GameOver/OverHUD.uexp" 2239
"C:/Users/yabu-/source/repos/yabu-85/ChronoTrial/Content/05GameOver/BP_OverPawn.uasset" 2240
"C:/Users/yabu-/source/repos/yabu-85/ChronoTrial/Content/05GameOver/BP_OverPawn.uexp" 2241
"C:/Users/yabu-/source/repos/yabu-85/ChronoTrial/Content/05GameOver/OverGameMode.uasset" 2242
"C:/Users/yabu-/source/repos/yabu-85/ChronoTrial/Content/05GameOver/OverGameMode.uexp" 2243
"C:/Users/yabu-/source/repos/yabu-85/ChronoTrial/Content/05GameOver/GameOver.uexp" 2244
"C:/Users/yabu-/source/repos/yabu-85/ChronoTrial/Content/05GameOver/GameOver.umap" 2245
"C:/Users/yabu-/source/repos/yabu-85/ChronoTrial/Content/ThirdPersonBP/ThirdPersonGameMode.uasset" 2246
"C:/Users/yabu-/source/repos/yabu-85/ChronoTrial/Content/ThirdPersonBP/ThirdPersonGameMode.uexp" 2247
"C:/Users/yabu-/source/repos/yabu-85/ChronoTrial/Content/Loading/BP_LoadingInterface.uasset" 2248
"C:/Users/yabu-/source/repos/yabu-85/ChronoTrial/Content/Loading/BP_LoadingInterface.uexp" 2249
"C:/Users/yabu-/source/repos/yabu-85/ChronoTrial/Content/Loading/L_LevelGroupDefault.uexp" 2250
"C:/Users/yabu-/source/repos/yabu-85/ChronoTrial/Content/Loading/L_LevelGroupDefault.umap" 2251
"C:/Users/yabu-/source/repos/yabu-85/ChronoTrial/Content/Sounds/BGM/BGM_Tutorial.uasset" 2252
"C:/Users/yabu-/source/repos/yabu-85/ChronoTrial/Content/Sounds/BGM/BGM_Tutorial.uexp" 2253
"C:/Users/yabu-/source/repos/yabu-85/ChronoTrial/Content/Sounds/BGM/BGM_Tutorial_Cue.uasset" 2254
"C:/Users/yabu-/source/repos/yabu-85/ChronoTrial/Content/Sounds/BGM/BGM_Tutorial_Cue.uexp" 2255
"C:/Users/yabu-/source/repos/yabu-85/ChronoTrial/Content/Loading/L_LevelGroupTutorial.uexp" 2256
"C:/Users/yabu-/source/repos/yabu-85/ChronoTrial/Content/Loading/L_LevelGroupTutorial.umap" 2257
"C:/Users/yabu-/source/repos/yabu-85/ChronoTrial/Content/Loading/L_Loading_BuiltData.uasset" 2258
"C:/Users/yabu-/source/repos/yabu-85/ChronoTrial/Content/Loading/L_Loading_BuiltData.uexp" 2259
"C:/Users/yabu-/source/repos/yabu-85/ChronoTrial/Content/Loading/L_Loading.uexp" 2260
"C:/Users/yabu-/source/repos/yabu-85/ChronoTrial/Content/Loading/L_Loading.umap" 2261
"C:/Users/yabu-/source/repos/yabu-85/ChronoTrial/Content/StageModel/Texture/Wall_3_Roughness.uasset" 2262
"C:/Users/yabu-/source/repos/yabu-85/ChronoTrial/Content/StageModel/Texture/Wall_3_Roughness.uexp" 2263
"C:/Users/yabu-/source/repos/yabu-85/ChronoTrial/Content/StageModel/Texture/Wall_3_Roughness.ubulk" 2264
"C:/Users/yabu-/source/repos/yabu-85/ChronoTrial/Content/StageModel/Texture/Wall_3_Normal_OpenGL.uasset" 2265
"C:/Users/yabu-/source/repos/yabu-85/ChronoTrial/Content/StageModel/Texture/Wall_3_Normal_OpenGL.uexp" 2266
"C:/Users/yabu-/source/repos/yabu-85/ChronoTrial/Content/StageModel/Texture/Wall_3_Normal_OpenGL.ubulk" 2267
"C:/Users/yabu-/source/repos/yabu-85/ChronoTrial/Content/StageModel/Texture/Wall_3_Emissive.uasset" 2268
"C:/Users/yabu-/source/repos/yabu-85/ChronoTrial/Content/StageModel/Texture/Wall_3_Emissive.uexp" 2269
"C:/Users/yabu-/source/repos/yabu-85/ChronoTrial/Content/StageModel/Texture/Wall_3_Emissive.ubulk" 2270
"C:/Users/yabu-/source/repos/yabu-85/ChronoTrial/Content/StageModel/Texture/Wall_3_Base_color.uasset" 2271
"C:/Users/yabu-/source/repos/yabu-85/ChronoTrial/Content/StageModel/Texture/Wall_3_Base_color.uexp" 2272
"C:/Users/yabu-/source/repos/yabu-85/ChronoTrial/Content/StageModel/Texture/Wall_3_Base_color.ubulk" 2273
"C:/Users/yabu-/source/repos/yabu-85/ChronoTrial/Content/StageModel/M_Wall3.uasset" 2274
"C:/Users/yabu-/source/repos/yabu-85/ChronoTrial/Content/StageModel/M_Wall3.uexp" 2275
"C:/Users/yabu-/source/repos/yabu-85/ChronoTrial/Content/StageModel/Wall3.uasset" 2276
"C:/Users/yabu-/source/repos/yabu-85/ChronoTrial/Content/StageModel/Wall3.uexp" 2277
"C:/Users/yabu-/source/repos/yabu-85/ChronoTrial/Content/StageModel/Texture/Wall_2_Roughness.uasset" 2278
"C:/Users/yabu-/source/repos/yabu-85/ChronoTrial/Content/StageModel/Texture/Wall_2_Roughness.uexp" 2279
"C:/Users/yabu-/source/repos/yabu-85/ChronoTrial/Content/StageModel/Texture/Wall_2_Roughness.ubulk" 2280
"C:/Users/yabu-/source/repos/yabu-85/ChronoTrial/Content/StageModel/Texture/Wall_2_Normal_OpenGL.uasset" 2281
"C:/Users/yabu-/source/repos/yabu-85/ChronoTrial/Content/StageModel/Texture/Wall_2_Normal_OpenGL.uexp" 2282
"C:/Users/yabu-/source/repos/yabu-85/ChronoTrial/Content/StageModel/Texture/Wall_2_Normal_OpenGL.ubulk" 2283
"C:/Users/yabu-/source/repos/yabu-85/ChronoTrial/Content/StageModel/Texture/Wall_2_Emissive.uasset" 2284
"C:/Users/yabu-/source/repos/yabu-85/ChronoTrial/Content/StageModel/Texture/Wall_2_Emissive.uexp" 2285
"C:/Users/yabu-/source/repos/yabu-85/ChronoTrial/Content/StageModel/Texture/Wall_2_Emissive.ubulk" 2286
"C:/Users/yabu-/source/repos/yabu-85/ChronoTrial/Content/StageModel/Texture/Wall_2_Base_color.uasset" 2287
"C:/Users/yabu-/source/repos/yabu-85/ChronoTrial/Content/StageModel/Texture/Wall_2_Base_color.uexp" 2288
"C:/Users/yabu-/source/repos/yabu-85/ChronoTrial/Content/StageModel/Texture/Wall_2_Base_color.ubulk" 2289
"C:/Users/yabu-/source/repos/yabu-85/ChronoTrial/Content/StageModel/M_Wall2.uasset" 2290
"C:/Users/yabu-/source/repos/yabu-85/ChronoTrial/Content/StageModel/M_Wall2.uexp" 2291
"C:/Users/yabu-/source/repos/yabu-85/ChronoTrial/Content/StageModel/Wall2.uasset" 2292
"C:/Users/yabu-/source/repos/yabu-85/ChronoTrial/Content/StageModel/Wall2.uexp" 2293
"C:/Users/yabu-/source/repos/yabu-85/ChronoTrial/Content/StageModel/Texture/Wall_1_Roughness_1001.uasset" 2294
"C:/Users/yabu-/source/repos/yabu-85/ChronoTrial/Content/StageModel/Texture/Wall_1_Roughness_1001.uexp" 2295
"C:/Users/yabu-/source/repos/yabu-85/ChronoTrial/Content/StageModel/Texture/Wall_1_Roughness_1001.ubulk" 2296
"C:/Users/yabu-/source/repos/yabu-85/ChronoTrial/Content/StageModel/Texture/Wall_1_Normal_OpenGL_1001.uasset" 2297
"C:/Users/yabu-/source/repos/yabu-85/ChronoTrial/Content/StageModel/Texture/Wall_1_Normal_OpenGL_1001.uexp" 2298
"C:/Users/yabu-/source/repos/yabu-85/ChronoTrial/Content/StageModel/Texture/Wall_1_Normal_OpenGL_1001.ubulk" 2299
"C:/Users/yabu-/source/repos/yabu-85/ChronoTrial/Content/StageModel/Texture/Wall_1_Emissive_1001.uasset" 2300
"C:/Users/yabu-/source/repos/yabu-85/ChronoTrial/Content/StageModel/Texture/Wall_1_Emissive_1001.uexp" 2301
"C:/Users/yabu-/source/repos/yabu-85/ChronoTrial/Content/StageModel/Texture/Wall_1_Emissive_1001.ubulk" 2302
"C:/Users/yabu-/source/repos/yabu-85/ChronoTrial/Content/StageModel/Texture/Wall_1_Base_color_1001.uasset" 2303
"C:/Users/yabu-/source/repos/yabu-85/ChronoTrial/Content/StageModel/Texture/Wall_1_Base_color_1001.uexp" 2304
"C:/Users/yabu-/source/repos/yabu-85/ChronoTrial/Content/StageModel/Texture/Wall_1_Base_color_1001.ubulk" 2305
"C:/Users/yabu-/source/repos/yabu-85/ChronoTrial/Content/StageModel/M_Wall1.uasset" 2306
"C:/Users/yabu-/source/repos/yabu-85/ChronoTrial/Content/StageModel/M_Wall1.uexp" 2307
"C:/Users/yabu-/source/repos/yabu-85/ChronoTrial/Content/StageModel/Wall1.uasset" 2308
"C:/Users/yabu-/source/repos/yabu-85/ChronoTrial/Content/StageModel/Wall1.uexp" 2309
"C:/Users/yabu-/source/repos/yabu-85/ChronoTrial/Content/StageModel/Texture/Waiting_Roughness_1001.uasset" 2310
"C:/Users/yabu-/source/repos/yabu-85/ChronoTrial/Content/StageModel/Texture/Waiting_Roughness_1001.uexp" 2311
"C:/Users/yabu-/source/repos/yabu-85/ChronoTrial/Content/StageModel/Texture/Waiting_Roughness_1001.ubulk" 2312
"C:/Users/yabu-/source/repos/yabu-85/ChronoTrial/Content/StageModel/Texture/Waiting_Normal_OpenGL_1001.uasset" 2313
"C:/Users/yabu-/source/repos/yabu-85/ChronoTrial/Content/StageModel/Texture/Waiting_Normal_OpenGL_1001.uexp" 2314
"C:/Users/yabu-/source/repos/yabu-85/ChronoTrial/Content/StageModel/Texture/Waiting_Normal_OpenGL_1001.ubulk" 2315
"C:/Users/yabu-/source/repos/yabu-85/ChronoTrial/Content/StageModel/Texture/Waiting_Emissive_1001.uasset" 2316
"C:/Users/yabu-/source/repos/yabu-85/ChronoTrial/Content/StageModel/Texture/Waiting_Emissive_1001.uexp" 2317
"C:/Users/yabu-/source/repos/yabu-85/ChronoTrial/Content/StageModel/Texture/Waiting_Emissive_1001.ubulk" 2318
"C:/Users/yabu-/source/repos/yabu-85/ChronoTrial/Content/StageModel/Texture/Waiting_Base_color_1001.uasset" 2319
"C:/Users/yabu-/source/repos/yabu-85/ChronoTrial/Content/StageModel/Texture/Waiting_Base_color_1001.uexp" 2320
"C:/Users/yabu-/source/repos/yabu-85/ChronoTrial/Content/StageModel/Texture/Waiting_Base_color_1001.ubulk" 2321
"C:/Users/yabu-/source/repos/yabu-85/ChronoTrial/Content/StageModel/M_WaitingRoom.uasset" 2322
"C:/Users/yabu-/source/repos/yabu-85/ChronoTrial/Content/StageModel/M_WaitingRoom.uexp" 2323
"C:/Users/yabu-/source/repos/yabu-85/ChronoTrial/Content/StageModel/WaitingRoom.uasset" 2324
"C:/Users/yabu-/source/repos/yabu-85/ChronoTrial/Content/StageModel/WaitingRoom.uexp" 2325
"C:/Users/yabu-/source/repos/yabu-85/ChronoTrial/Content/StageModel/Texture/Normal_Roughness_1001.uasset" 2326
"C:/Users/yabu-/source/repos/yabu-85/ChronoTrial/Content/StageModel/Texture/Normal_Roughness_1001.uexp" 2327
"C:/Users/yabu-/source/repos/yabu-85/ChronoTrial/Content/StageModel/Texture/Normal_Roughness_1001.ubulk" 2328
"C:/Users/yabu-/source/repos/yabu-85/ChronoTrial/Content/StageModel/Texture/Normal_Normal_OpenGL_1001.uasset" 2329
"C:/Users/yabu-/source/repos/yabu-85/ChronoTrial/Content/StageModel/Texture/Normal_Normal_OpenGL_1001.uexp" 2330
"C:/Users/yabu-/source/repos/yabu-85/ChronoTrial/Content/StageModel/Texture/Normal_Normal_OpenGL_1001.ubulk" 2331
"C:/Users/yabu-/source/repos/yabu-85/ChronoTrial/Content/StageModel/Texture/Normal_Emissive_1001.uasset" 2332
"C:/Users/yabu-/source/repos/yabu-85/ChronoTrial/Content/StageModel/Texture/Normal_Emissive_1001.uexp" 2333
"C:/Users/yabu-/source/repos/yabu-85/ChronoTrial/Content/StageModel/Texture/Normal_Emissive_1001.ubulk" 2334
"C:/Users/yabu-/source/repos/yabu-85/ChronoTrial/Content/StageModel/Texture/Normal_Base_color_1001.uasset" 2335
"C:/Users/yabu-/source/repos/yabu-85/ChronoTrial/Content/StageModel/Texture/Normal_Base_color_1001.uexp" 2336
"C:/Users/yabu-/source/repos/yabu-85/ChronoTrial/Content/StageModel/Texture/Normal_Base_color_1001.ubulk" 2337
"C:/Users/yabu-/source/repos/yabu-85/ChronoTrial/Content/StageModel/M_NormalRoom.uasset" 2338
"C:/Users/yabu-/source/repos/yabu-85/ChronoTrial/Content/StageModel/M_NormalRoom.uexp" 2339
"C:/Users/yabu-/source/repos/yabu-85/ChronoTrial/Content/StageModel/NormalRoom.uasset" 2340
"C:/Users/yabu-/source/repos/yabu-85/ChronoTrial/Content/StageModel/NormalRoom.uexp" 2341
"C:/Users/yabu-/source/repos/yabu-85/ChronoTrial/Content/StageModel/Boss/objctotex.uasset" 2342
"C:/Users/yabu-/source/repos/yabu-85/ChronoTrial/Content/StageModel/Boss/objctotex.uexp" 2343
"C:/Users/yabu-/source/repos/yabu-85/ChronoTrial/Content/StageModel/Boss/obj4.uasset" 2344
"C:/Users/yabu-/source/repos/yabu-85/ChronoTrial/Content/StageModel/Boss/obj4.uexp" 2345
"C:/Users/yabu-/source/repos/yabu-85/ChronoTrial/Content/StageModel/Boss/Boss_polySurface373.uasset" 2346
"C:/Users/yabu-/source/repos/yabu-85/ChronoTrial/Content/StageModel/Boss/Boss_polySurface373.uexp" 2347
"C:/Users/yabu-/source/repos/yabu-85/ChronoTrial/Content/StageModel/Boss/objc.uasset" 2348
"C:/Users/yabu-/source/repos/yabu-85/ChronoTrial/Content/StageModel/Boss/objc.uexp" 2349
"C:/Users/yabu-/source/repos/yabu-85/ChronoTrial/Content/StageModel/Boss/objc.ubulk" 2350
"C:/Users/yabu-/source/repos/yabu-85/ChronoTrial/Content/StageModel/Boss/obj12.uasset" 2351
"C:/Users/yabu-/source/repos/yabu-85/ChronoTrial/Content/StageModel/Boss/obj12.uexp" 2352
"C:/Users/yabu-/source/repos/yabu-85/ChronoTrial/Content/StageModel/Boss/Boss_polySurface363.uasset" 2353
"C:/Users/yabu-/source/repos/yabu-85/ChronoTrial/Content/StageModel/Boss/Boss_polySurface363.uexp" 2354
"C:/Users/yabu-/source/repos/yabu-85/ChronoTrial/Content/StageModel/Boss/obj.uasset" 2355
"C:/Users/yabu-/source/repos/yabu-85/ChronoTrial/Content/StageModel/Boss/obj.uexp" 2356
"C:/Users/yabu-/source/repos/yabu-85/ChronoTrial/Content/StageModel/Boss/obj.ubulk" 2357
"C:/Users/yabu-/source/repos/yabu-85/ChronoTrial/Content/StageModel/Boss/obj11.uasset" 2358
"C:/Users/yabu-/source/repos/yabu-85/ChronoTrial/Content/StageModel/Boss/obj11.uexp" 2359
"C:/Users/yabu-/source/repos/yabu-85/ChronoTrial/Content/StageModel/Boss/Boss_polySurface362.uasset" 2360
"C:/Users/yabu-/source/repos/yabu-85/ChronoTrial/Content/StageModel/Boss/Boss_polySurface362.uexp" 2361
"C:/Users/yabu-/source/repos/yabu-85/ChronoTrial/Content/StageModel/Boss/objctin.uasset" 2362
"C:/Users/yabu-/source/repos/yabu-85/ChronoTrial/Content/StageModel/Boss/objctin.uexp" 2363
"C:/Users/yabu-/source/repos/yabu-85/ChronoTrial/Content/StageModel/Boss/obj7.uasset" 2364
"C:/Users/yabu-/source/repos/yabu-85/ChronoTrial/Content/StageModel/Boss/obj7.uexp" 2365
"C:/Users/yabu-/source/repos/yabu-85/ChronoTrial/Content/StageModel/Boss/Boss_polySurface342.uasset" 2366
"C:/Users/yabu-/source/repos/yabu-85/ChronoTrial/Content/StageModel/Boss/Boss_polySurface342.uexp" 2367
"C:/Users/yabu-/source/repos/yabu-85/ChronoTrial/Content/StageModel/Boss/objctot.uasset" 2368
"C:/Users/yabu-/source/repos/yabu-85/ChronoTrial/Content/StageModel/Boss/objctot.uexp" 2369
"C:/Users/yabu-/source/repos/yabu-85/ChronoTrial/Content/StageModel/Boss/objctot.ubulk" 2370
"C:/Users/yabu-/source/repos/yabu-85/ChronoTrial/Content/StageModel/Boss/obj3.uasset" 2371
"C:/Users/yabu-/source/repos/yabu-85/ChronoTrial/Content/StageModel/Boss/obj3.uexp" 2372
"C:/Users/yabu-/source/repos/yabu-85/ChronoTrial/Content/StageModel/Boss/Boss_polySurface339.uasset" 2373
"C:/Users/yabu-/source/repos/yabu-85/ChronoTrial/Content/StageModel/Boss/Boss_polySurface339.uexp" 2374
"C:/Users/yabu-/source/repos/yabu-85/ChronoTrial/Content/StageModel/Boss/objcti.uasset" 2375
"C:/Users/yabu-/source/repos/yabu-85/ChronoTrial/Content/StageModel/Boss/objcti.uexp" 2376
"C:/Users/yabu-/source/repos/yabu-85/ChronoTrial/Content/StageModel/Boss/obj9.uasset" 2377
"C:/Users/yabu-/source/repos/yabu-85/ChronoTrial/Content/StageModel/Boss/obj9.uexp" 2378
"C:/Users/yabu-/source/repos/yabu-85/ChronoTrial/Content/StageModel/Boss/Boss_polySurface323.uasset" 2379
"C:/Users/yabu-/source/repos/yabu-85/ChronoTrial/Content/StageModel/Boss/Boss_polySurface323.uexp" 2380
"C:/Users/yabu-/source/repos/yabu-85/ChronoTrial/Content/StageModel/Boss/objctotext.uasset" 2381
"C:/Users/yabu-/source/repos/yabu-85/ChronoTrial/Content/StageModel/Boss/objctotext.uexp" 2382
"C:/Users/yabu-/source/repos/yabu-85/ChronoTrial/Content/StageModel/Boss/obj5.uasset" 2383
"C:/Users/yabu-/source/repos/yabu-85/ChronoTrial/Content/StageModel/Boss/obj5.uexp" 2384
"C:/Users/yabu-/source/repos/yabu-85/ChronoTrial/Content/StageModel/Boss/Boss_polySurface318.uasset" 2385
"C:/Users/yabu-/source/repos/yabu-85/ChronoTrial/Content/StageModel/Boss/Boss_polySurface318.uexp" 2386
"C:/Users/yabu-/source/repos/yabu-85/ChronoTrial/Content/StageModel/Boss/bossmatome.uasset" 2387
"C:/Users/yabu-/source/repos/yabu-85/ChronoTrial/Content/StageModel/Boss/bossmatome.uexp" 2388
"C:/Users/yabu-/source/repos/yabu-85/ChronoTrial/Content/StageModel/Boss/obj1.uasset" 2389
"C:/Users/yabu-/source/repos/yabu-85/ChronoTrial/Content/StageModel/Boss/obj1.uexp" 2390
"C:/Users/yabu-/source/repos/yabu-85/ChronoTrial/Content/StageModel/Boss/Boss_polySurface314.uasset" 2391
"C:/Users/yabu-/source/repos/yabu-85/ChronoTrial/Content/StageModel/Boss/Boss_polySurface314.uexp" 2392
"C:/Users/yabu-/source/repos/yabu-85/ChronoTrial/Content/StageModel/Boss/objcting.uasset" 2393
"C:/Users/yabu-/source/repos/yabu-85/ChronoTrial/Content/StageModel/Boss/objcting.uexp" 2394
"C:/Users/yabu-/source/repos/yabu-85/ChronoTrial/Content/StageModel/Boss/obj8.uasset" 2395
"C:/Users/yabu-/source/repos/yabu-85/ChronoTrial/Content/StageModel/Boss/obj8.uexp" 2396
"C:/Users/yabu-/source/repos/yabu-85/ChronoTrial/Content/StageModel/Boss/Boss_polySurface310.uasset" 2397
"C:/Users/yabu-/source/repos/yabu-85/ChronoTrial/Content/StageModel/Boss/Boss_polySurface310.uexp" 2398
"C:/Users/yabu-/source/repos/yabu-85/ChronoTrial/Content/StageModel/Boss/obj2.uasset" 2399
"C:/Users/yabu-/source/repos/yabu-85/ChronoTrial/Content/StageModel/Boss/obj2.uexp" 2400
"C:/Users/yabu-/source/repos/yabu-85/ChronoTrial/Content/StageModel/Boss/Boss_polySurface278.uasset" 2401
"C:/Users/yabu-/source/repos/yabu-85/ChronoTrial/Content/StageModel/Boss/Boss_polySurface278.uexp" 2402
"C:/Users/yabu-/source/repos/yabu-85/ChronoTrial/Content/StageModel/Texture/Aisle_Roughness_1001.uasset" 2403
"C:/Users/yabu-/source/repos/yabu-85/ChronoTrial/Content/StageModel/Texture/Aisle_Roughness_1001.uexp" 2404
"C:/Users/yabu-/source/repos/yabu-85/ChronoTrial/Content/StageModel/Texture/Aisle_Roughness_1001.ubulk" 2405
"C:/Users/yabu-/source/repos/yabu-85/ChronoTrial/Content/StageModel/Texture/Aisle_Normal_OpenGL_1001.uasset" 2406
"C:/Users/yabu-/source/repos/yabu-85/ChronoTrial/Content/StageModel/Texture/Aisle_Normal_OpenGL_1001.uexp" 2407
"C:/Users/yabu-/source/repos/yabu-85/ChronoTrial/Content/StageModel/Texture/Aisle_Normal_OpenGL_1001.ubulk" 2408
"C:/Users/yabu-/source/repos/yabu-85/ChronoTrial/Content/StageModel/Texture/Aisle_Emissive_1001.uasset" 2409
"C:/Users/yabu-/source/repos/yabu-85/ChronoTrial/Content/StageModel/Texture/Aisle_Emissive_1001.uexp" 2410
"C:/Users/yabu-/source/repos/yabu-85/ChronoTrial/Content/StageModel/Texture/Aisle_Emissive_1001.ubulk" 2411
"C:/Users/yabu-/source/repos/yabu-85/ChronoTrial/Content/StageModel/Texture/Aisle_Base_color_1001.uasset" 2412
"C:/Users/yabu-/source/repos/yabu-85/ChronoTrial/Content/StageModel/Texture/Aisle_Base_color_1001.uexp" 2413
"C:/Users/yabu-/source/repos/yabu-85/ChronoTrial/Content/StageModel/Texture/Aisle_Base_color_1001.ubulk" 2414
"C:/Users/yabu-/source/repos/yabu-85/ChronoTrial/Content/StageModel/M_Aisle.uasset" 2415
"C:/Users/yabu-/source/repos/yabu-85/ChronoTrial/Content/StageModel/M_Aisle.uexp" 2416
"C:/Users/yabu-/source/repos/yabu-85/ChronoTrial/Content/StageModel/Aisle.uasset" 2417
"C:/Users/yabu-/source/repos/yabu-85/ChronoTrial/Content/StageModel/Aisle.uexp" 2418
"C:/Users/yabu-/source/repos/yabu-85/ChronoTrial/Content/ThirdPersonBP/Skill/M_Outline_2.uasset" 2419
"C:/Users/yabu-/source/repos/yabu-85/ChronoTrial/Content/ThirdPersonBP/Skill/M_Outline_2.uexp" 2420
"C:/Users/yabu-/source/repos/yabu-85/ChronoTrial/Content/ThirdPersonBP/Skill/M_Outline_2_Inst.uasset" 2421
"C:/Users/yabu-/source/repos/yabu-85/ChronoTrial/Content/ThirdPersonBP/Skill/M_Outline_2_Inst.uexp" 2422
"C:/Users/yabu-/source/repos/yabu-85/ChronoTrial/Content/03GamePlay/DefaultMap_BuiltData.uasset" 2423
"C:/Users/yabu-/source/repos/yabu-85/ChronoTrial/Content/03GamePlay/DefaultMap_BuiltData.uexp" 2424
"C:/Users/yabu-/source/repos/yabu-85/ChronoTrial/Content/03GamePlay/DefaultMap_BuiltData.ubulk" 2425
"C:/Users/yabu-/source/repos/yabu-85/ChronoTrial/Content/RoomCheckObjectBP/TriggerBoxTarget.uasset" 2426
"C:/Users/yabu-/source/repos/yabu-85/ChronoTrial/Content/RoomCheckObjectBP/TriggerBoxTarget.uexp" 2427
"../../../Engine/Content/Functions/Engine_MaterialFunctions01/Texturing/BitMask.uasset" 2428
"../../../Engine/Content/Functions/Engine_MaterialFunctions01/Texturing/BitMask.uexp" 2429
"C:/Users/yabu-/source/repos/yabu-85/ChronoTrial/Content/RoomCheckObjectBP/MT_LocationPin.uasset" 2430
"C:/Users/yabu-/source/repos/yabu-85/ChronoTrial/Content/RoomCheckObjectBP/MT_LocationPin.uexp" 2431
"C:/Users/yabu-/source/repos/yabu-85/ChronoTrial/Content/Sounds/BGM/BGM_Stage.uasset" 2432
"C:/Users/yabu-/source/repos/yabu-85/ChronoTrial/Content/Sounds/BGM/BGM_Stage.uexp" 2433
"C:/Users/yabu-/source/repos/yabu-85/ChronoTrial/Content/Sounds/BGM/BGM_Stage_Cue.uasset" 2434
"C:/Users/yabu-/source/repos/yabu-85/ChronoTrial/Content/Sounds/BGM/BGM_Stage_Cue.uexp" 2435
"C:/Users/yabu-/source/repos/yabu-85/ChronoTrial/Content/Sounds/BGM/BGM_Boss.uasset" 2436
"C:/Users/yabu-/source/repos/yabu-85/ChronoTrial/Content/Sounds/BGM/BGM_Boss.uexp" 2437
"C:/Users/yabu-/source/repos/yabu-85/ChronoTrial/Content/Sounds/BGM/BGM_Boss_Cue.uasset" 2438
"C:/Users/yabu-/source/repos/yabu-85/ChronoTrial/Content/Sounds/BGM/BGM_Boss_Cue.uexp" 2439
"C:/Users/yabu-/source/repos/yabu-85/ChronoTrial/Content/03GamePlay/BP_SoundSelector.uasset" 2440
"C:/Users/yabu-/source/repos/yabu-85/ChronoTrial/Content/03GamePlay/BP_SoundSelector.uexp" 2441
"C:/Users/yabu-/source/repos/yabu-85/ChronoTrial/Content/03GamePlay/DefaultMap.uexp" 2442
"C:/Users/yabu-/source/repos/yabu-85/ChronoTrial/Content/03GamePlay/DefaultMap.umap" 2443
"C:/Users/yabu-/source/repos/yabu-85/ChronoTrial/Content/Geometry/Meshes/TemplateFloor.uasset" 2444
"C:/Users/yabu-/source/repos/yabu-85/ChronoTrial/Content/Geometry/Meshes/TemplateFloor.uexp" 2445
"C:/Users/yabu-/source/repos/yabu-85/ChronoTrial/Content/Enemy/Spawner/SpawnerTutorial.uasset" 2446
"C:/Users/yabu-/source/repos/yabu-85/ChronoTrial/Content/Enemy/Spawner/SpawnerTutorial.uexp" 2447
"../../../Engine/Content/EngineSky/T_Sky_Stars.uasset" 2448
"../../../Engine/Content/EngineSky/T_Sky_Stars.uexp" 2449
"../../../Engine/Content/EngineSky/T_Sky_Stars.ubulk" 2450
"../../../Engine/Content/EngineSky/T_Sky_Clouds_M.uasset" 2451
"../../../Engine/Content/EngineSky/T_Sky_Clouds_M.uexp" 2452
"../../../Engine/Content/EngineSky/T_Sky_Clouds_M.ubulk" 2453
"../../../Engine/Content/EngineSky/T_Sky_Blue.uasset" 2454
"../../../Engine/Content/EngineSky/T_Sky_Blue.uexp" 2455
"../../../Engine/Content/EngineSky/T_Sky_Blue.ubulk" 2456
"C:/Users/yabu-/source/repos/yabu-85/ChronoTrial/Content/StarterContent/Textures/T_Concrete_Poured_N.uasset" 2457
"C:/Users/yabu-/source/repos/yabu-85/ChronoTrial/Content/StarterContent/Textures/T_Concrete_Poured_N.uexp" 2458
"C:/Users/yabu-/source/repos/yabu-85/ChronoTrial/Content/StarterContent/Textures/T_Concrete_Poured_N.ubulk" 2459
"C:/Users/yabu-/source/repos/yabu-85/ChronoTrial/Content/StarterContent/Textures/T_Concrete_Poured_D.uasset" 2460
"C:/Users/yabu-/source/repos/yabu-85/ChronoTrial/Content/StarterContent/Textures/T_Concrete_Poured_D.uexp" 2461
"C:/Users/yabu-/source/repos/yabu-85/ChronoTrial/Content/StarterContent/Textures/T_Concrete_Poured_D.ubulk" 2462
"C:/Users/yabu-/source/repos/yabu-85/ChronoTrial/Content/StarterContent/Materials/M_Concrete_Poured.uasset" 2463
"C:/Users/yabu-/source/repos/yabu-85/ChronoTrial/Content/StarterContent/Materials/M_Concrete_Poured.uexp" 2464
"../../../Engine/Content/EngineSky/M_Sky_Panning_Clouds2.uasset" 2465
"../../../Engine/Content/EngineSky/M_Sky_Panning_Clouds2.uexp" 2466
"C:/Users/yabu-/source/repos/yabu-85/ChronoTrial/Content/03GamePlay/TutorialMap_BuiltData.uasset" 2467
"C:/Users/yabu-/source/repos/yabu-85/ChronoTrial/Content/03GamePlay/TutorialMap_BuiltData.uexp" 2468
"C:/Users/yabu-/source/repos/yabu-85/ChronoTrial/Content/03GamePlay/TutorialMap_BuiltData.ubulk" 2469
"../../../Engine/Content/EngineSky/SM_SkySphere.uasset" 2470
"../../../Engine/Content/EngineSky/SM_SkySphere.uexp" 2471
"../../../Engine/Content/EngineSky/C_Sky_Zenith_Color.uasset" 2472
"../../../Engine/Content/EngineSky/C_Sky_Zenith_Color.uexp" 2473
"../../../Engine/Content/EngineSky/C_Sky_Horizon_Color.uasset" 2474
"../../../Engine/Content/EngineSky/C_Sky_Horizon_Color.uexp" 2475
"../../../Engine/Content/EngineSky/C_Sky_Cloud_Color.uasset" 2476
"../../../Engine/Content/EngineSky/C_Sky_Cloud_Color.uexp" 2477
"../../../Engine/Content/EngineSky/BP_Sky_Sphere.uasset" 2478
"../../../Engine/Content/EngineSky/BP_Sky_Sphere.uexp" 2479
"C:/Users/yabu-/source/repos/yabu-85/ChronoTrial/Content/03GamePlay/TutorialMap.uexp" 2480
"C:/Users/yabu-/source/repos/yabu-85/ChronoTrial/Content/03GamePlay/TutorialMap.umap" 2481
"../../../Engine/Content/Maps/Entry_BuiltData.uasset" 2482
"../../../Engine/Content/Maps/Entry_BuiltData.uexp" 2483
"../../../Engine/Content/Maps/Entry.uexp" 2484
"../../../Engine/Content/Maps/Entry.umap" 2485
