"../../../Engine/Config/Android/DataDrivenPlatformInfo.ini" 1
"../../../Engine/Config/HoloLens/DataDrivenPlatformInfo.ini" 2
"../../../Engine/Config/IOS/DataDrivenPlatformInfo.ini" 3
"../../../Engine/Config/Base.ini" 4
"../../../Engine/Config/BaseEngine.ini" 5
"../../../Engine/Config/IOS/BaseIOSEngine.ini" 6
"D:/220177/ChronoTrial 4.27/Config/DefaultEngine.ini" 7
"../../../Engine/Config/IOS/IOSEngine.ini" 8
"../../../Engine/Config/Linux/DataDrivenPlatformInfo.ini" 9
"../../../Engine/Config/LinuxAArch64/DataDrivenPlatformInfo.ini" 10
"../../../Engine/Config/Lumin/DataDrivenPlatformInfo.ini" 11
"../../../Engine/Config/Mac/DataDrivenPlatformInfo.ini" 12
"../../../Engine/Config/TVOS/DataDrivenPlatformInfo.ini" 13
"../../../Engine/Config/Windows/DataDrivenPlatformInfo.ini" 14
"D:/220177/ChronoTrial 4.27/ChronoTrial.uproject" 15
"D:/220177/ChronoTrial 4.27/Binaries/Win64/UE4Editor.modules" 16
"../../../Engine/Plugins/ScriptPlugin/ScriptPlugin.uplugin" 17
"../../../Engine/Plugins/BlueprintFileUtils/BlueprintFileUtils.uplugin" 18
"../../../Engine/Plugins/MeshPainting/MeshPainting.uplugin" 19
"../../../Engine/Plugins/AI/AISupport/AISupport.uplugin" 20
"../../../Engine/Plugins/XGEController/XGEController.uplugin" 21
"../../../Engine/Plugins/AI/HTNPlanner/HTNPlanner.uplugin" 22
"../../../Engine/Plugins/AI/EnvironmentQueryEditor/EnvironmentQueryEditor.uplugin" 23
"../../../Engine/Plugins/2D/Paper2D/Paper2D.uplugin" 24
"../../../Engine/Plugins/Compositing/LensDistortion/LensDistortion.uplugin" 25
"../../../Engine/Plugins/Cameras/GameplayCameras/GameplayCameras.uplugin" 26
"../../../Engine/Plugins/Compression/OodleNetwork/OodleNetwork.uplugin" 27
"../../../Engine/Plugins/AI/UE4ML/UE4ML.uplugin" 28
"../../../Engine/Plugins/Compositing/OpenCVLensDistortion/OpenCVLensDistortion.uplugin" 29
"../../../Engine/Plugins/Animation/LiveLink/LiveLink.uplugin" 30
"../../../Engine/Plugins/Developer/CLionSourceCodeAccess/CLionSourceCodeAccess.uplugin" 31
"../../../Engine/Plugins/Blendables/LightPropagationVolume/LightPropagationVolume.uplugin" 32
"../../../Engine/Plugins/Animation/LiveLinkCurveDebugUI/LiveLinkCurveDebugUI.uplugin" 33
"../../../Engine/Plugins/Developer/AnimationSharing/AnimationSharing.uplugin" 34
"../../../Engine/Plugins/Developer/BlankPlugin/BlankPlugin.uplugin" 35
"../../../Engine/Plugins/Developer/KDevelopSourceCodeAccess/KDevelopSourceCodeAccess.uplugin" 36
"../../../Engine/Plugins/Developer/GitSourceControl/GitSourceControl.uplugin" 37
"../../../Engine/Plugins/Developer/CodeLiteSourceCodeAccess/CodeLiteSourceCodeAccess.uplugin" 38
"../../../Engine/Plugins/Developer/UObjectPlugin/UObjectPlugin.uplugin" 39
"../../../Engine/Plugins/Cameras/CameraShakePreviewer/CameraShakePreviewer.uplugin" 40
"../../../Engine/Plugins/Animation/GameplayInsights/GameplayInsights.uplugin" 41
"../../../Engine/Plugins/Developer/VisualStudioCodeSourceCodeAccess/VisualStudioCodeSourceCodeAccess.uplugin" 42
"../../../Engine/Plugins/Developer/PlasticSourceControl/PlasticSourceControl.uplugin" 43
"../../../Engine/Plugins/Compression/OodleData/OodleData.uplugin" 44
"../../../Engine/Plugins/Developer/VisualStudioSourceCodeAccess/VisualStudioSourceCodeAccess.uplugin" 45
"../../../Engine/Plugins/Developer/OneSkyLocalizationService/OneSkyLocalizationService.uplugin" 46
"../../../Engine/Plugins/Developer/RenderDocPlugin/RenderDocPlugin.uplugin" 47
"../../../Engine/Plugins/Compositing/Composure/Composure.uplugin" 48
"../../../Engine/Plugins/Developer/XCodeSourceCodeAccess/XCodeSourceCodeAccess.uplugin" 49
"../../../Engine/Plugins/Developer/PerforceSourceControl/PerforceSourceControl.uplugin" 50
"../../../Engine/Plugins/Developer/SubversionSourceControl/SubversionSourceControl.uplugin" 51
"../../../Engine/Plugins/Animation/RigLogic/RigLogic.uplugin" 52
"../../../Engine/Plugins/Enterprise/DatasmithC4DImporter/DatasmithC4DImporter.uplugin" 53
"../../../Engine/Plugins/Developer/PluginUtils/PluginUtils.uplugin" 54
"../../../Engine/Plugins/Enterprise/DatasmithCADImporter/DatasmithCADImporter.uplugin" 55
"../../../Engine/Plugins/Developer/NullSourceCodeAccess/NullSourceCodeAccess.uplugin" 56
"../../../Engine/Plugins/Developer/PropertyAccessNode/PropertyAccessNode.uplugin" 57
"../../../Engine/Plugins/Enterprise/DatasmithFBXImporter/DatasmithFBXImporter.uplugin" 58
"../../../Engine/Plugins/Enterprise/DatasmithContent/DatasmithContent.uplugin" 59
"../../../Engine/Plugins/Developer/RiderSourceCodeAccess/RiderSourceCodeAccess.uplugin" 60
"../../../Engine/Plugins/Enterprise/DatasmithGLTFImporter/DatasmithGLTFImporter.uplugin" 61
"../../../Engine/Plugins/Enterprise/VariantManagerContent/VariantManagerContent.uplugin" 62
"../../../Engine/Plugins/Developer/TextureFormatOodle/TextureFormatOodle.uplugin" 63
"../../../Engine/Plugins/Developer/TraceDataFiltering/TraceDataFilters.uplugin" 64
"../../../Engine/Plugins/Editor/AssetSearch/AssetSearch.uplugin" 65
"../../../Engine/Plugins/Developer/TraceSourceFiltering/TraceSourceFilters.uplugin" 66
"../../../Engine/Plugins/FX/CascadeToNiagaraConverter/CascadeToNiagaraConverter.uplugin" 67
"../../../Engine/Plugins/Editor/AssetManagerEditor/AssetManagerEditor.uplugin" 68
"../../../Engine/Plugins/Enterprise/LidarPointCloud/LidarPointCloud.uplugin" 69
"../../../Engine/Plugins/Developer/PixWinPlugin/PixWinPlugin.uplugin" 70
"../../../Engine/Plugins/Enterprise/DataprepEditor/DataprepEditor.uplugin" 71
"../../../Engine/Plugins/Enterprise/MDLImporter/MDLImporter.uplugin" 72
"../../../Engine/Plugins/Enterprise/DatasmithImporter/DatasmithImporter.uplugin" 73
"../../../Engine/Plugins/Editor/EditorScriptingUtilities/EditorScriptingUtilities.uplugin" 74
"../../../Engine/Plugins/Enterprise/AxFImporter/AxFImporter.uplugin" 75
"../../../Engine/Plugins/Enterprise/StaticMeshEditorExtension/StaticMeshEditorExtension.uplugin" 76
"../../../Engine/Plugins/Enterprise/VariantManager/VariantManager.uplugin" 77
"../../../Engine/Plugins/Compositing/OpenColorIO/OpenColorIO.uplugin" 78
"../../../Engine/Plugins/Editor/CurveEditorTools/CurveEditorTools.uplugin" 79
"../../../Engine/Plugins/FX/Niagara/Niagara.uplugin" 80
"../../../Engine/Plugins/Editor/GLTFImporter/GLTFImporter.uplugin" 81
"../../../Engine/Plugins/FX/NiagaraExtras/NiagaraExtras.uplugin" 82
"../../../Engine/Plugins/Editor/GameplayTagsEditor/GameplayTagsEditor.uplugin" 83
"../../../Engine/Plugins/Editor/SpeedTreeImporter/SpeedTreeImporter.uplugin" 84
"../../../Engine/Plugins/Editor/StylusInput/StylusInput.uplugin" 85
"../../../Engine/Plugins/Enterprise/DatasmithIFCImporter/DatasmithIFCImporter.uplugin" 86
"../../../Engine/Plugins/Editor/CryptoKeys/CryptoKeys.uplugin" 87
"../../../Engine/Plugins/Lumin/MagicLeapCamera/MagicLeapCamera.uplugin" 88
"../../../Engine/Plugins/Editor/MeshEditor/MeshEditor.uplugin" 89
"../../../Engine/Plugins/Editor/DataValidation/DataValidation.uplugin" 90
"../../../Engine/Plugins/Editor/PluginBrowser/PluginBrowser.uplugin" 91
"../../../Engine/Plugins/Experimental/ActorPalette/ActorPalette.uplugin" 92
"../../../Engine/Plugins/Editor/GeometryMode/GeometryMode.uplugin" 93
"../../../Engine/Plugins/Experimental/AppleVision/AppleVision.uplugin" 94
"../../../Engine/Plugins/Editor/MobileLauncherProfileWizard/MobileLauncherProfileWizard.uplugin" 95
"../../../Engine/Plugins/Editor/MaterialAnalyzer/MaterialAnalyzer.uplugin" 96
"../../../Engine/Plugins/Editor/MacGraphicsSwitching/MacGraphicsSwitching.uplugin" 97
"../../../Engine/Plugins/Editor/FacialAnimation/FacialAnimation.uplugin" 98
"../../../Engine/Plugins/Lumin/MagicLeapContacts/MagicLeapContacts.uplugin" 99
"../../../Engine/Plugins/Experimental/AutomationUtils/AutomationUtils.uplugin" 100
"../../../Engine/Plugins/Editor/BlueprintMaterialTextureNodes/BlueprintMaterialTextureNodes.uplugin" 101
"../../../Engine/Plugins/Experimental/ChaosClothEditor/ChaosClothEditor.uplugin" 102
"../../../Engine/Plugins/Experimental/ChaosCaching/ChaosCaching.uplugin" 103
"../../../Engine/Plugins/Experimental/AlembicImporter/AlembicImporter.uplugin" 104
"../../../Engine/Plugins/Experimental/BackChannel/BackChannel.uplugin" 105
"../../../Engine/Plugins/Lumin/MagicLeapPassableWorld/MagicLeapPassableWorld.uplugin" 106
"../../../Engine/Plugins/Lumin/MagicLeapLightEstimation/MagicLeapLightEstimation.uplugin" 107
"../../../Engine/Plugins/Experimental/ChaosSolverPlugin/ChaosSolverPlugin.uplugin" 108
"../../../Engine/Plugins/Lumin/MagicLeapMusicService/MagicLeapMusicService.uplugin" 109
"../../../Engine/Plugins/Lumin/MagicLeapMovement/MagicLeapMovement.uplugin" 110
"../../../Engine/Plugins/Lumin/MagicLeapConnections/MagicLeapConnections.uplugin" 111
"../../../Engine/Plugins/Lumin/MagicLeapMedia/MagicLeapMedia.uplugin" 112
"../../../Engine/Plugins/Experimental/BlueprintStats/BlueprintStats.uplugin" 113
"../../../Engine/Plugins/Lumin/MagicLeapLocation/MagicLeapLocation.uplugin" 114
"../../../Engine/Plugins/Lumin/MLSDK/MLSDK.uplugin" 115
"../../../Engine/Plugins/Experimental/BlastPlugin/BlastPlugin.uplugin" 116
"../../../Engine/Plugins/Experimental/CodeEditor/CodeEditor.uplugin" 117
"../../../Engine/Plugins/Lumin/MagicLeapSharedFile/MagicLeapSharedFile.uplugin" 118
"../../../Engine/Plugins/Experimental/ChaosVehiclesPlugin/ChaosVehiclesPlugin.uplugin" 119
"../../../Engine/Plugins/Experimental/CommonConversation/CommonConversation.uplugin" 120
"../../../Engine/Plugins/Experimental/CodeView/CodeView.uplugin" 121
"../../../Engine/Plugins/Experimental/CharacterAI/CharacterAI.uplugin" 122
"../../../Engine/Plugins/Experimental/EnhancedInput/EnhancedInput.uplugin" 123
"../../../Engine/Plugins/Lumin/MagicLeapTablet/MagicLeapTablet.uplugin" 124
"../../../Engine/Plugins/Lumin/MagicLeap/MagicLeap.uplugin" 125
"../../../Engine/Plugins/Experimental/ChaosEditor/ChaosEditor.uplugin" 126
"../../../Engine/Plugins/Experimental/ColorCorrectRegions/ColorCorrectRegions.uplugin" 127
"../../../Engine/Plugins/Lumin/MagicLeapBLE/MagicLeapBLE.uplugin" 128
"../../../Engine/Plugins/Experimental/ChaosNiagara/ChaosNiagara.uplugin" 129
"../../../Engine/Plugins/Lumin/MagicLeapDispatch/MagicLeapDispatch.uplugin" 130
"../../../Engine/Plugins/Lumin/MagicLeapNetworking/MagicLeapNetworking.uplugin" 131
"../../../Engine/Plugins/Experimental/ControlRig/ControlRig.uplugin" 132
"../../../Engine/Plugins/Experimental/GameFeatures/GameFeatures.uplugin" 133
"../../../Engine/Plugins/Experimental/FullBodyIK/FullBodyIK.uplugin" 134
"../../../Engine/Plugins/Media/AndroidMedia/AndroidMedia.uplugin" 135
"../../../Engine/Plugins/Media/AndroidCamera/AndroidCamera.uplugin" 136
"../../../Engine/Plugins/Experimental/GeometryCacheAbcFile/GeometryCacheAbcFile.uplugin" 137
"../../../Engine/Plugins/Experimental/GeometryCache/GeometryCache.uplugin" 138
"../../../Engine/Plugins/Experimental/GeometryCollectionPlugin/GeometryCollectionPlugin.uplugin" 139
"../../../Engine/Plugins/Media/AjaMedia/AjaMedia.uplugin" 140
"../../../Engine/Plugins/Media/HLMedia/HLMedia.uplugin" 141
"../../../Engine/Plugins/Media/BinkMedia/BinkMedia.uplugin" 142
"../../../Engine/Plugins/Experimental/CommonUI/CommonUI.uplugin" 143
"../../../Engine/Plugins/Media/AudioCaptureTimecodeProvider/AudioCaptureTimecodeProvider.uplugin" 144
"../../../Engine/Plugins/Media/HAPMedia/HAPMedia.uplugin" 145
"../../../Engine/Plugins/Experimental/FieldSystemPlugin/FieldSystemPlugin.uplugin" 146
"../../../Engine/Plugins/Media/AppleProResMedia/AppleProResMedia.uplugin" 147
"../../../Engine/Plugins/Experimental/ExampleAssetEditor/ExampleAssetEditor.uplugin" 148
"../../../Engine/Plugins/Media/LinearTimecode/LinearTimecode.uplugin" 149
"../../../Engine/Plugins/Media/AvfMedia/AvfMedia.uplugin" 150
"../../../Engine/Plugins/Media/ElectraCDM/ElectraCDM.uplugin" 151
"../../../Engine/Plugins/Media/ElectraPlayer/ElectraPlayer.uplugin" 152
"../../../Engine/Plugins/Media/MediaFrameworkUtilities/MediaFrameworkUtilities.uplugin" 153
"../../../Engine/Plugins/Experimental/ChaosCloth/ChaosCloth.uplugin" 154
"../../../Engine/Plugins/Media/MediaCompositing/MediaCompositing.uplugin" 155
"../../../Engine/Plugins/Experimental/Gauntlet/Gauntlet.uplugin" 156
"../../../Engine/Plugins/Media/AvidDNxMedia/AvidDNxMedia.uplugin" 157
"../../../Engine/Plugins/Media/MediaIOFramework/MediaIOFramework.uplugin" 158
"../../../Engine/Plugins/Media/BlackmagicMedia/BlackmagicMedia.uplugin" 159
"../../../Engine/Plugins/Media/HardwareEncoders/HardwareEncoders.uplugin" 160
"../../../Engine/Plugins/Media/MediaMovieStreamer/MediaMovieStreamer.uplugin" 161
"../../../Engine/Plugins/Media/PixelStreaming/PixelStreaming.uplugin" 162
"../../../Engine/Plugins/Media/TimecodeSynchronizer/TimecodeSynchronizer.uplugin" 163
"../../../Engine/Plugins/Media/MfMedia/MfMedia.uplugin" 164
"../../../Engine/Plugins/Media/ImgMedia/ImgMedia.uplugin" 165
"../../../Engine/Plugins/Importers/USDMultiUser/USDMultiUser.uplugin" 166
"../../../Engine/Plugins/Media/MediaPlayerEditor/MediaPlayerEditor.uplugin" 167
"../../../Engine/Plugins/Experimental/ImagePlate/ImagePlate.uplugin" 168
"../../../Engine/Plugins/Media/ElectraUtil/ElectraUtil.uplugin" 169
"../../../Engine/Plugins/Importers/USDImporter/USDImporter.uplugin" 170
"../../../Engine/Plugins/Experimental/ImpostorBaker/ImpostorBaker.uplugin" 171
"../../../Engine/Plugins/Experimental/ModelingToolsEditorMode/ModelingToolsEditorMode.uplugin" 172
"../../../Engine/Plugins/Experimental/GizmoFramework/GizmoFramework.uplugin" 173
"../../../Engine/Plugins/Media/WmfMedia/WmfMedia.uplugin" 174
"../../../Engine/Plugins/Experimental/MeshModelingToolset/MeshModelingToolset.uplugin" 175
"../../../Engine/Plugins/Media/WebMMedia/WebMMedia.uplugin" 176
"../../../Engine/Plugins/Experimental/Landmass/Landmass.uplugin" 177
"../../../Engine/Plugins/Experimental/LiveLinkControlRig/LiveLinkControlRig.uplugin" 178
"../../../Engine/Plugins/Experimental/OpenImageDenoise/OpenImageDenoise.uplugin" 179
"../../../Engine/Plugins/Experimental/MotoSynth/MotoSynth.uplugin" 180
"../../../Engine/Plugins/Experimental/RawInput/RawInput.uplugin" 181
"../../../Engine/Plugins/Experimental/GeometryProcessing/GeometryProcessing.uplugin" 182
"../../../Engine/Plugins/Experimental/PlatformCrypto/PlatformCrypto.uplugin" 183
"../../../Engine/Plugins/Experimental/VirtualCamera/VirtualCamera.uplugin" 184
"../../../Engine/Plugins/Experimental/ModularGameplay/ModularGameplay.uplugin" 185
"../../../Engine/Plugins/Experimental/PythonScriptPlugin/PythonScriptPlugin.uplugin" 186
"../../../Engine/Plugins/Experimental/GizmoEdMode/GizmoEdMode.uplugin" 187
"../../../Engine/Plugins/Experimental/VirtualHeightfieldMesh/VirtualHeightfieldMesh.uplugin" 188
"../../../Engine/Plugins/Experimental/ShallowWater/ShallowWater.uplugin" 189
"../../../Engine/Plugins/Experimental/GPULightmass/GPULightmass.uplugin" 190
"../../../Engine/Plugins/Experimental/MotionTrailEditorMode/MotionTrailEditorMode.uplugin" 191
"../../../Engine/Plugins/Experimental/ProxyLODPlugin/ProxyLODPlugin.uplugin" 192
"../../../Engine/Plugins/Experimental/RemoteSession/RemoteSession.uplugin" 193
"../../../Engine/Plugins/Experimental/PlanarCutPlugin/PlanarCut.uplugin" 194
"../../../Engine/Plugins/Experimental/SampleToolsEditorMode/SampleToolsEditorMode.uplugin" 195
"../../../Engine/Plugins/Experimental/WebSocketNetworking/WebSocketNetworking.uplugin" 196
"../../../Engine/Plugins/Experimental/Volumetrics/Volumetrics.uplugin" 197
"../../../Engine/Plugins/Experimental/Shotgun/Shotgun.uplugin" 198
"../../../Engine/Plugins/Experimental/VirtualProductionUtilities/VirtualProductionUtilities.uplugin" 199
"../../../Engine/Plugins/Experimental/PanoramicCapture/PanoramicCapture.uplugin" 200
"../../../Engine/Plugins/Messaging/MessagingDebugger/MessagingDebugger.uplugin" 201
"../../../Engine/Plugins/Experimental/Text3D/Text3D.uplugin" 202
"../../../Engine/Plugins/NetcodeUnitTest/NUTUnrealEngine4/NUTUnrealEngine4.uplugin" 203
"../../../Engine/Plugins/NetcodeUnitTest/NetcodeUnitTest/NetcodeUnitTest.uplugin" 204
"../../../Engine/Plugins/Messaging/TcpMessaging/TcpMessaging.uplugin" 205
"../../../Engine/Plugins/Importers/AlembicHairImporter/AlembicHairImporter.uplugin" 206
"../../../Engine/Plugins/Portal/LauncherChunkInstaller/LauncherChunkInstaller.uplugin" 207
"../../../Engine/Plugins/MovieScene/SequencerScripting/SequencerScripting.uplugin" 208
"../../../Engine/Plugins/MovieScene/CustomizableSequencerTracks/CustomizableSequencerTracks.uplugin" 209
"../../../Engine/Plugins/MovieScene/MoviePipelineMaskRenderPass/MoviePipelineMaskRenderPass.uplugin" 210
"../../../Engine/Plugins/Messaging/UdpMessaging/UdpMessaging.uplugin" 211
"../../../Engine/Plugins/MovieScene/TemplateSequence/TemplateSequence.uplugin" 212
"../../../Engine/Plugins/Runtime/ActorLayerUtilities/ActorLayerUtilities.uplugin" 213
"../../../Engine/Plugins/Experimental/SimpleHMD/SimpleHMD.uplugin" 214
"../../../Engine/Plugins/MovieScene/LevelSequenceEditor/LevelSequenceEditor.uplugin" 215
"../../../Engine/Plugins/Performance/PerformanceMonitor/PerformanceMonitor.uplugin" 216
"../../../Engine/Plugins/Runtime/AndroidMoviePlayer/AndroidMoviePlayer.uplugin" 217
"../../../Engine/Plugins/MovieScene/MovieRenderPipeline/MovieRenderPipeline.uplugin" 218
"../../../Engine/Plugins/Experimental/Water/Water.uplugin" 219
"../../../Engine/Plugins/MovieScene/MatineeToLevelSequence/MatineeToLevelSequence.uplugin" 220
"../../../Engine/Plugins/Online/EOSShared/EOSShared.uplugin" 221
"../../../Engine/Plugins/Online/OnlineFramework/OnlineFramework.uplugin" 222
"../../../Engine/Plugins/MovieScene/ActorSequence/ActorSequence.uplugin" 223
"../../../Engine/Plugins/Runtime/AnimationBudgetAllocator/AnimationBudgetAllocator.uplugin" 224
"../../../Engine/Plugins/Runtime/AndroidPermission/AndroidPermission.uplugin" 225
"../../../Engine/Plugins/MovieScene/ReplayTracks/ReplayTracks.uplugin" 226
"../../../Engine/Plugins/Runtime/ApexDestruction/ApexDestruction.uplugin" 227
"../../../Engine/Plugins/Runtime/AndroidDeviceProfileSelector/AndroidDeviceProfileSelector.uplugin" 228
"../../../Engine/Plugins/Runtime/AppleImageUtils/AppleImageUtils.uplugin" 229
"../../../Engine/Plugins/Online/OnlineSubsystem/OnlineSubsystem.uplugin" 230
"../../../Engine/Plugins/Runtime/AnimDistanceMatching/AnimDistanceMatching.uplugin" 231
"../../../Engine/Plugins/Runtime/AssetTags/AssetTags.uplugin" 232
"../../../Engine/Plugins/Runtime/Firebase/Firebase.uplugin" 233
"../../../Engine/Plugins/Lumin/LuminPlatformFeatures/LuminPlatformFeatures.uplugin" 234
"../../../Engine/Plugins/Runtime/AudioCapture/AudioCapture.uplugin" 235
"../../../Engine/Plugins/Runtime/AppleMoviePlayer/AppleMoviePlayer.uplugin" 236
"../../../Engine/Plugins/Runtime/CableComponent/CableComponent.uplugin" 237
"../../../Engine/Plugins/Runtime/ExampleDeviceProfileSelector/ExampleDeviceProfileSelector.uplugin" 238
"../../../Engine/Plugins/Runtime/AudioSynesthesia/AudioSynesthesia.uplugin" 239
"../../../Engine/Plugins/Runtime/GoogleCloudMessaging/GoogleCloudMessaging.uplugin" 240
"../../../Engine/Plugins/Runtime/HairStrands/HairStrands.uplugin" 241
"../../../Engine/Plugins/Runtime/ChunkDownloader/ChunkDownloader.uplugin" 242
"../../../Engine/Plugins/Runtime/GameplayAbilities/GameplayAbilities.uplugin" 243
"../../../Engine/Plugins/Online/OnlineSubsystemTencent/OnlineSubsystemTencent.uplugin" 244
"../../../Engine/Plugins/Runtime/CustomMeshComponent/CustomMeshComponent.uplugin" 245
"../../../Engine/Plugins/Online/OnlineSubsystemApple/OnlineSubsystemApple.uplugin" 246
"../../../Engine/Plugins/Online/OnlineSubsystemGoogle/OnlineSubsystemGoogle.uplugin" 247
"../../../Engine/Plugins/Online/OnlineSubsystemOculus/OnlineSubsystemOculus.uplugin" 248
"../../../Engine/Plugins/Runtime/GooglePAD/GooglePAD.uplugin" 249
"../../../Engine/Plugins/Runtime/AudioModulation/AudioModulation.uplugin" 250
"../../../Engine/Plugins/Runtime/GeoReferencing/GeoReferencing.uplugin" 251
"../../../Engine/Plugins/Online/OnlineSubsystemEOS/OnlineSubsystemEOS.uplugin" 252
"../../../Engine/Plugins/Runtime/HDRIBackdrop/HDRIBackdrop.uplugin" 253
"../../../Engine/Plugins/Runtime/DataRegistry/DataRegistry.uplugin" 254
"../../../Engine/Plugins/Runtime/HPMotionController/HPMotionController.uplugin" 255
"../../../Engine/Plugins/Online/OnlineSubsystemUtils/OnlineSubsystemUtils.uplugin" 256
"../../../Engine/Plugins/Runtime/EditableMesh/EditableMesh.uplugin" 257
"../../../Engine/Plugins/Runtime/IOSDeviceProfileSelector/IOSDeviceProfileSelector.uplugin" 258
"../../../Engine/Plugins/Online/OnlineSubsystemAmazon/OnlineSubsystemAmazon.uplugin" 259
"../../../Engine/Plugins/Runtime/HTTPChunkInstaller/HTTPChunkInstaller.uplugin" 260
"../../../Engine/Plugins/Runtime/LiveLinkOvernDisplay/LiveLinkOverNDisplay.uplugin" 261
"../../../Engine/Plugins/Runtime/LinuxDeviceProfileSelector/LinuxDeviceProfileSelector.uplugin" 262
"../../../Engine/Plugins/Runtime/ArchVisCharacter/ArchVisCharacter.uplugin" 263
"../../../Engine/Plugins/Runtime/IOSReplayKit/IOSReplayKit.uplugin" 264
"../../../Engine/Plugins/Online/OnlineSubsystemSteam/OnlineSubsystemSteam.uplugin" 265
"../../../Engine/Plugins/Runtime/LocationServicesIOSImpl/LocationServicesIOSImpl.uplugin" 266
"../../../Engine/Plugins/Online/WebAuth/WebAuth.uplugin" 267
"../../../Engine/Plugins/Runtime/nDisplay/nDisplay.uplugin" 268
"../../../Engine/Plugins/Runtime/MobilePatchingUtils/MobilePatchingUtils.uplugin" 269
"../../../Engine/Plugins/Runtime/NetworkPredictionInsights/NetworkPredictionInsights.uplugin" 270
"../../../Engine/Plugins/Runtime/NetworkPrediction/NetworkPrediction.uplugin" 271
"../../../Engine/Plugins/Runtime/LocationServicesAndroidImpl/LocationServicesAndroidImpl.uplugin" 272
"../../../Engine/Plugins/Online/OnlineSubsystemFacebook/OnlineSubsystemFacebook.uplugin" 273
"../../../Engine/Plugins/Runtime/MIDIDevice/MIDIDevice.uplugin" 274
"../../../Engine/Plugins/Runtime/MicrosoftSpatialAudio/MicroSoftSpatialSound.uplugin" 275
"../../../Engine/Plugins/Runtime/NetworkPredictionExtras/NetworkPredictionExtras.uplugin" 276
"../../../Engine/Plugins/Online/OnlineSubsystemTwitch/OnlineSubsystemTwitch.uplugin" 277
"../../../Engine/Plugins/Online/OnlineSubsystemNull/OnlineSubsystemNull.uplugin" 278
"../../../Engine/Plugins/Runtime/OpenXR/OpenXR.uplugin" 279
"../../../Engine/Plugins/Runtime/OpenXRMsftHandInteraction/OpenXRMsftHandInteraction.uplugin" 280
"../../../Engine/Plugins/Runtime/OptionalMobileFeaturesBPLibrary/OptionalMobileFeaturesBPLibrary.uplugin" 281
"../../../Engine/Plugins/Runtime/LocationServicesBPLibrary/LocationServicesBPLibrary.uplugin" 282
"../../../Engine/Plugins/Runtime/OpenXREyeTracker/OpenXREyeTracker.uplugin" 283
"../../../Engine/Plugins/Runtime/ResonanceAudio/ResonanceAudio.uplugin" 284
"../../../Engine/Plugins/Runtime/PropertyAccess/PropertyAccessEditor.uplugin" 285
"../../../Engine/Plugins/Runtime/OSC/OSC.uplugin" 286
"../../../Engine/Plugins/Runtime/PreLoadScreenMoviePlayer/PreLoadScreenMoviePlayer.uplugin" 287
"../../../Engine/Plugins/Runtime/OSCModulationMixing/OSCModulationMixing.uplugin" 288
"../../../Engine/Plugins/Runtime/OpenXRHandTracking/OpenXRHandTracking.uplugin" 289
"../../../Engine/Plugins/Runtime/SoundCueTemplates/SoundCueTemplates.uplugin" 290
"../../../Engine/Plugins/Runtime/SignificanceManager/SignificanceManager.uplugin" 291
"../../../Engine/Plugins/Runtime/MixedRealityCaptureFramework/MixedRealityCaptureFramework.uplugin" 292
"../../../Engine/Plugins/Runtime/ProceduralMeshComponent/ProceduralMeshComponent.uplugin" 293
"../../../Engine/Plugins/Runtime/ReplicationGraph/ReplicationGraph.uplugin" 294
"../../../Engine/Plugins/Runtime/PhysXVehicles/PhysXVehicles.uplugin" 295
"../../../Engine/Plugins/Runtime/RuntimePhysXCooking/RuntimePhysXCooking.uplugin" 296
"../../../Engine/Plugins/Runtime/SoundUtilities/SoundUtilities.uplugin" 297
"../../../Engine/Plugins/Runtime/WebBrowserWidget/WebBrowserWidget.uplugin" 298
"../../../Engine/Plugins/Runtime/SoundVisualizations/SoundVisualizations.uplugin" 299
"../../../Engine/Plugins/Runtime/SoundFields/SoundFields.uplugin" 300
"../../../Engine/Plugins/Slate/SlateInsights/SlateInsights.uplugin" 301
"../../../Engine/Plugins/Runtime/Spatialization/Spatialization.uplugin" 302
"../../../Engine/Plugins/Runtime/SoundMod/SoundMod.uplugin" 303
"../../../Engine/Plugins/Runtime/PostSplashScreen/PostSplashScreen.uplugin" 304
"../../../Engine/Plugins/VirtualProduction/CameraCalibrationCore/CameraCalibrationCore.uplugin" 305
"../../../Engine/Plugins/VirtualProduction/CameraCalibration/CameraCalibration.uplugin" 306
"../../../Engine/Plugins/Runtime/WindowsDeviceProfileSelector/WindowsDeviceProfileSelector.uplugin" 307
"../../../Engine/Plugins/VirtualProduction/LevelSnapshots/LevelSnapshots.uplugin" 308
"../../../Engine/Plugins/VirtualProduction/LiveLinkFreeD/LiveLinkFreeD.uplugin" 309
"../../../Engine/Plugins/VirtualProduction/DataCharts/DataCharts.uplugin" 310
"../../../Engine/Plugins/VirtualProduction/LiveLinkLens/LiveLinkLens.uplugin" 311
"../../../Engine/Plugins/VirtualProduction/LiveLinkCamera/LiveLinkCamera.uplugin" 312
"../../../Engine/Plugins/VirtualProduction/ICVFX/ICVFX.uplugin" 313
"../../../Engine/Plugins/VirtualProduction/CompositePlane/CompositePlane.uplugin" 314
"../../../Engine/Plugins/Runtime/WindowsMoviePlayer/WindowsMoviePlayer.uplugin" 315
"../../../Engine/Plugins/Runtime/SunPosition/SunPosition.uplugin" 316
"../../../Engine/Plugins/Runtime/TimeSynth/TimeSynth.uplugin" 317
"../../../Engine/Plugins/Runtime/WarpUtils/WarpUtils.uplugin" 318
"../../../Engine/Plugins/VirtualProduction/MultiUserTakes/MultiUserTakes.uplugin" 319
"../../../Engine/Plugins/VirtualProduction/LiveLinkMasterLockit/LiveLinkMasterLockit.uplugin" 320
"../../../Engine/Plugins/VirtualProduction/RemoteControl/RemoteControl.uplugin" 321
"../../../Engine/Plugins/Runtime/WebBrowserNativeProxy/WebBrowserNativeProxy.uplugin" 322
"../../../Engine/Plugins/VirtualProduction/RemoteControlInterception/RemoteControlInterception.uplugin" 323
"../../../Engine/Plugins/VirtualProduction/nDisplaySupportForLevelSnapshots/nDisplaySupportForLevelSnapshots.uplugin" 324
"../../../Engine/Plugins/VirtualProduction/LiveLinkXR/LiveLinkXR.uplugin" 325
"../../../Engine/Plugins/Runtime/TextureShare/TextureShare.uplugin" 326
"../../../Engine/Plugins/VirtualProduction/LiveLinkVRPN/LiveLinkVRPN.uplugin" 327
"../../../Engine/Plugins/Runtime/WindowsMixedReality/WindowsMixedReality.uplugin" 328
"../../../Engine/Plugins/VirtualProduction/RemoteControlProtocolDMX/RemoteControlProtocolDMX.uplugin" 329
"../../../Engine/Plugins/VirtualProduction/RemoteControlWebInterface/RemoteControlWebInterface.uplugin" 330
"../../../Engine/Plugins/Slate/SlateRemote/SlateRemote.uplugin" 331
"../../../Engine/Plugins/VirtualProduction/Takes/Takes.uplugin" 332
"../../../Engine/Plugins/Tests/EditorTests/EditorTests.uplugin" 333
"../../../Engine/Plugins/VirtualProduction/Switchboard/Switchboard.uplugin" 334
"../../../Engine/Plugins/VirtualProduction/StageMonitoring/StageMonitoring.uplugin" 335
"../../../Engine/Plugins/Tests/RHITests/RHITests.uplugin" 336
"../../../Engine/Plugins/VirtualProduction/RemoteControlProtocolOSC/RemoteControlProtocolOSC.uplugin" 337
"../../../Engine/Plugins/Tests/FbxAutomationTestBuilder/FbxAutomationTestBuilder.uplugin" 338
"../../../Engine/Plugins/Runtime/Synthesis/Synthesis.uplugin" 339
"../../../Engine/Plugins/Tests/FunctionalTestingEditor/FunctionalTestingEditor.uplugin" 340
"../../../Engine/Plugins/Runtime/WebMMoviePlayer/WebMMoviePlayer.uplugin" 341
"../../../Engine/Plugins/VirtualProduction/LiveLinkPrestonMDR/LiveLinkPrestonMDR.uplugin" 342
"../../../Engine/Plugins/Tests/PythonAutomationTest/PythonAutomationTest.uplugin" 343
"../../../Engine/Plugins/VirtualProduction/RemoteControlProtocolMIDI/RemoteControlProtocolMIDI.uplugin" 344
"../../../Engine/Plugins/VirtualProduction/TimedDataMonitor/TimedDataMonitor.uplugin" 345
"../../../Engine/Plugins/Developer/Concert/ConcertMain/ConcertMain.uplugin" 346
"../../../Engine/Plugins/Tests/RuntimeTests/RuntimeTests.uplugin" 347
"../../../Engine/Plugins/Developer/Concert/MultiUserClient/MultiUserClient.uplugin" 348
"../../../Engine/Plugins/Editor/ContentBrowser/ContentBrowserAssetDataSource/ContentBrowserAssetDataSource.uplugin" 349
"../../../Engine/Plugins/Editor/ContentBrowser/ContentBrowserFileDataSource/ContentBrowserFileDataSource.uplugin" 350
"../../../Engine/Plugins/Developer/Concert/DisasterRecoveryClient/DisasterRecoveryClient.uplugin" 351
"../../../Engine/Plugins/Editor/ContentBrowser/ContentBrowserClassDataSource/ContentBrowserClassDataSource.uplugin" 352
"../../../Engine/Plugins/Tests/ScreenshotTools/ScreenshotTools.uplugin" 353
"../../../Engine/Plugins/Experimental/AR/PointCloud/PointCloud.uplugin" 354
"../../../Engine/Plugins/Experimental/Enterprise/DataprepGeometryOperations/DataprepGeometryOperations.uplugin" 355
"../../../Engine/Plugins/Experimental/Enterprise/DatasmithRuntime/DatasmithRuntime.uplugin" 356
"../../../Engine/Plugins/Experimental/VirtualProduction/LedWallCalibration/LedWallCalibration.uplugin" 357
"../../../Engine/Plugins/Runtime/Advertising/IOSTapJoy/IOSTapJoy.uplugin" 358
"../../../Engine/Plugins/Online/Android/OnlineSubsystemGooglePlay/OnlineSubsystemGooglePlay.uplugin" 359
"../../../Engine/Plugins/Runtime/AR/ARUtilities/ARUtilities.uplugin" 360
"../../../Engine/Plugins/Online/IOS/OnlineSubsystemIOS/OnlineSubsystemIOS.uplugin" 361
"../../../Engine/Plugins/Online/Android/OnlineSubsystemGameCircle/OnlineSubsystemGameCircle.uplugin" 362
"../../../Engine/Plugins/Runtime/AR/AzureSpatialAnchors/AzureSpatialAnchors.uplugin" 363
"../../../Engine/Plugins/Runtime/Database/RemoteDatabaseSupport/RemoteDatabaseSupport.uplugin" 364
"../../../Engine/Plugins/Runtime/AR/AzureSpatialAnchorsForARCore/AzureSpatialAnchorsForARCore.uplugin" 365
"../../../Engine/Plugins/Runtime/Database/ADOSupport/ADOSupport.uplugin" 366
"../../../Engine/Plugins/Runtime/Analytics/AnalyticsMulticast/AnalyticsMulticast.uplugin" 367
"../../../Engine/Plugins/Runtime/Database/SQLiteCore/SQLiteCore.uplugin" 368
"../../../Engine/Plugins/Runtime/Analytics/Adjust/Adjust.uplugin" 369
"../../../Engine/Plugins/Runtime/Analytics/FileLogging/FileLogging.uplugin" 370
"../../../Engine/Plugins/Runtime/AR/AzureSpatialAnchorsForWMR/AzureSpatialAnchorsForWMR.uplugin" 371
"../../../Engine/Plugins/Runtime/AR/AzureSpatialAnchorsForARKit/AzureSpatialAnchorsForARKit.uplugin" 372
"../../../Engine/Plugins/Runtime/Database/SQLiteSupport/SQLiteSupport.uplugin" 373
"../../../Engine/Plugins/Runtime/Analytics/Flurry/Flurry.uplugin" 374
"../../../Engine/Plugins/Online/VoiceChat/VivoxVoiceChat/VivoxVoiceChat.uplugin" 375
"../../../Engine/Plugins/Runtime/GoogleVR/GoogleVRHMD/GoogleVRHMD.uplugin" 376
"../../../Engine/Plugins/Online/VoiceChat/VoiceChat/VoiceChat.uplugin" 377
"../../../Engine/Plugins/Online/VoiceChat/EOSVoiceChat/EOSVoiceChat.uplugin" 378
"../../../Engine/Plugins/Runtime/Analytics/AnalyticsBlueprintLibrary/AnalyticsBlueprintLibrary.uplugin" 379
"../../../Engine/Plugins/Runtime/Database/DatabaseSupport/DatabaseSupport.uplugin" 380
"../../../Engine/Plugins/Runtime/MeshReconstruction/DummyMeshReconstructor/DummyMeshReconstructor.uplugin" 381
"../../../Engine/Plugins/Runtime/Oculus/OculusOpenXR/OculusOpenXR.uplugin" 382
"../../../Engine/Plugins/Runtime/GoogleVR/GoogleVRController/GoogleVRController.uplugin" 383
"../../../Engine/Plugins/Runtime/Oculus/OculusVR/OculusVR.uplugin" 384
"../../../Engine/Plugins/Runtime/Nvidia/Ansel/Ansel.uplugin" 385
"../../../Engine/Plugins/Runtime/Nvidia/Reflex/Reflex.uplugin" 386
"../../../Engine/Plugins/Runtime/PacketHandlers/AESHandlerComponent/AESHandlerComponent.uplugin" 387
"../../../Engine/Plugins/Runtime/PacketHandlers/DTLSHandlerComponent/DTLSHandlerComponent.uplugin" 388
"../../../Engine/Plugins/Runtime/Steam/SteamAudio/SteamAudio.uplugin" 389
"../../../Engine/Plugins/Runtime/Steam/SteamShared/SteamShared.uplugin" 390
"../../../Engine/Plugins/Runtime/PacketHandlers/AESGCMHandlerComponent/AESGCMHandlerComponent.uplugin" 391
"../../../Engine/Plugins/Runtime/Steam/SteamSockets/SteamSockets.uplugin" 392
"../../../Engine/Plugins/Runtime/Steam/SteamVR/SteamVR.uplugin" 393
"../../../Engine/Plugins/Runtime/Oculus/OculusAudio/OculusAudio.uplugin" 394
"../../../Engine/Plugins/Runtime/Steam/SteamController/SteamController.uplugin" 395
"../../../Engine/Plugins/Runtime/Windows/WinDualShock/WinDualShock.uplugin" 396
"../../../Engine/Plugins/VirtualProduction/DMX/DMXProtocol/DMXProtocol.uplugin" 397
"../../../Engine/Plugins/VirtualProduction/DMX/DMXFixtures/DMXFixtures.uplugin" 398
"../../../Engine/Plugins/VirtualProduction/DMX/DMXEngine/DMXEngine.uplugin" 399
"../../../Engine/Plugins/VirtualProduction/DMX/DMXDisplayCluster/DMXDisplayCluster.uplugin" 400
"../../../Engine/Plugins/VirtualProduction/DMX/DMXPixelMapping/DMXPixelMapping.uplugin" 401
"../../../Engine/Plugins/Runtime/GoogleVR/GoogleVRTransition2D/GoogleVRTransition2D.uplugin" 402
"../../../Engine/Plugins/Developer/Concert/ConcertSync/ConcertSyncClient/ConcertSyncClient.uplugin" 403
"../../../Engine/Plugins/Developer/Concert/ConcertSync/ConcertSyncCore/ConcertSyncCore.uplugin" 404
"../../../Engine/Plugins/Runtime/XR/XRVisualization/XRVisualization.uplugin" 405
"../../../Engine/Plugins/Runtime/AR/AppleAR/AppleARKitFaceSupport/AppleARKitFaceSupport.uplugin" 406
"../../../Engine/Plugins/Developer/Concert/ConcertSync/ConcertSyncServer/ConcertSyncServer.uplugin" 407
"../../../Engine/Plugins/Developer/Concert/ConcertSync/ConcertSyncTest/ConcertSyncTest.uplugin" 408
"../../../Engine/Plugins/Experimental/SkeletalReduction/SkeletalReduction.uplugin" 409
"../../../Engine/Plugins/Runtime/AR/AppleAR/AppleARKit/AppleARKit.uplugin" 410
"../../../Engine/Plugins/Runtime/AR/Google/GoogleARCoreServices/GoogleARCoreServices.uplugin" 411
"../../../Engine/Plugins/Runtime/AR/Google/GoogleARCore/GoogleARCore.uplugin" 412
"../../../Engine/Plugins/Runtime/AR/Microsoft/HoloLensAR/HoloLensAR.uplugin" 413
"../../../Engine/Content/Internationalization/icudt64l/cnvalias.icu" 414
"../../../Engine/Content/Internationalization/icudt64l/res_index.res" 415
"../../../Engine/Content/Internationalization/icudt64l/plurals.res" 416
"../../../Engine/Content/Internationalization/icudt64l/lang/ja_JP.res" 417
"../../../Engine/Content/Internationalization/icudt64l/lang/pool.res" 418
"../../../Engine/Content/Internationalization/icudt64l/lang/ja.res" 419
"../../../Engine/Content/Internationalization/icudt64l/lang/root.res" 420
"../../../Engine/Content/Internationalization/icudt64l/region/ja_JP.res" 421
"../../../Engine/Content/Internationalization/icudt64l/region/pool.res" 422
"../../../Engine/Content/Internationalization/icudt64l/region/ja.res" 423
"../../../Engine/Content/Internationalization/icudt64l/region/root.res" 424
"../../../Engine/Content/Internationalization/icudt64l/lang/en.res" 425
"../../../Engine/Content/Internationalization/icudt64l/region/en.res" 426
"../../../Engine/Content/Internationalization/icudt64l/windowsZones.res" 427
"../../../Engine/Content/Internationalization/icudt64l/zoneinfo64.res" 428
"../../../Engine/Content/Internationalization/icudt64l/keyTypeData.res" 429
"../../../Engine/Content/Internationalization/icudt64l/timezoneTypes.res" 430
"../../../Engine/Content/Internationalization/icudt64l/likelySubtags.res" 431
"../../../Engine/Content/Internationalization/icudt64l/ja_JP.res" 432
"../../../Engine/Content/Internationalization/icudt64l/pool.res" 433
"../../../Engine/Content/Internationalization/icudt64l/ja.res" 434
"../../../Engine/Content/Internationalization/icudt64l/root.res" 435
"../../../Engine/Content/Internationalization/icudt64l/supplementalData.res" 436
"C:/Users/220177/AppData/Local/UnrealEngine/4.27/Saved/Config/Windows/Manifest.ini" 437
"../../../Engine/Config/Windows/BaseWindowsEngine.ini" 438
"../../../Engine/Config/Windows/WindowsEngine.ini" 439
"D:/220177/ChronoTrial 4.27/Saved/Config/Windows/Engine.ini" 440
"../../../Engine/Config/BaseGame.ini" 441
"D:/220177/ChronoTrial 4.27/Config/DefaultGame.ini" 442
"../../../Engine/Config/Windows/WindowsGame.ini" 443
"D:/220177/ChronoTrial 4.27/Saved/Config/Windows/Game.ini" 444
"../../../Engine/Config/BaseInput.ini" 445
"D:/220177/ChronoTrial 4.27/Config/DefaultInput.ini" 446
"D:/220177/ChronoTrial 4.27/Saved/Config/Windows/Input.ini" 447
"../../../Engine/Config/BaseEditor.ini" 448
"D:/220177/ChronoTrial 4.27/Config/DefaultEditor.ini" 449
"D:/220177/ChronoTrial 4.27/Saved/Config/Windows/Editor.ini" 450
"../../../Engine/Config/BaseEditorPerProjectUserSettings.ini" 451
"D:/220177/ChronoTrial 4.27/Config/DefaultEditorPerProjectUserSettings.ini" 452
"D:/220177/ChronoTrial 4.27/Saved/Config/Windows/EditorPerProjectUserSettings.ini" 453
"../../../Engine/Config/BaseEditorSettings.ini" 454
"C:/Users/220177/AppData/Local/UnrealEngine/4.27/Saved/Config/Windows/EditorSettings.ini" 455
"../../../Engine/Config/BaseEditorKeyBindings.ini" 456
"C:/Users/220177/AppData/Local/UnrealEngine/4.27/Saved/Config/Windows/EditorKeyBindings.ini" 457
"C:/Users/220177/AppData/Local/UnrealEngine/4.27/Saved/Config/Windows/EditorLayout.ini" 458
"../../../Engine/Config/BaseCompat.ini" 459
"D:/220177/ChronoTrial 4.27/Saved/Config/Windows/Compat.ini" 460
"../../../Engine/Config/BaseLightmass.ini" 461
"D:/220177/ChronoTrial 4.27/Saved/Config/Windows/Lightmass.ini" 462
"../../../Engine/Config/BaseScalability.ini" 463
"D:/220177/ChronoTrial 4.27/Saved/Config/Windows/Scalability.ini" 464
"../../../Engine/Config/BaseHardware.ini" 465
"D:/220177/ChronoTrial 4.27/Saved/Config/Windows/Hardware.ini" 466
"../../../Engine/Config/BaseRuntimeOptions.ini" 467
"D:/220177/ChronoTrial 4.27/Saved/Config/Windows/RuntimeOptions.ini" 468
"../../../Engine/Config/BaseInstallBundle.ini" 469
"../../../Engine/Config/BaseDeviceProfiles.ini" 470
"D:/220177/ChronoTrial 4.27/Saved/Config/Windows/DeviceProfiles.ini" 471
"../../../Engine/Config/BaseGameUserSettings.ini" 472
"D:/220177/ChronoTrial 4.27/Saved/Config/Windows/GameUserSettings.ini" 473
"D:/220177/ChronoTrial 4.27/Binaries/Win64/ChronoTrial.target" 474
"D:/220177/ChronoTrial 4.27/Binaries/Win64/ChronoTrialEditor.target" 475
"../../../Engine/Plugins/2D/Paper2D/Config/BasePaper2D.ini" 476
"D:/220177/ChronoTrial 4.27/Saved/Config/Windows/Paper2D.ini" 477
"../../../Engine/Plugins/Animation/LiveLink/Config/BaseLiveLink.ini" 478
"D:/220177/ChronoTrial 4.27/Saved/Config/Windows/LiveLink.ini" 479
"../../../Engine/Plugins/Enterprise/VariantManagerContent/Config/BaseVariantManagerContent.ini" 480
"D:/220177/ChronoTrial 4.27/Saved/Config/Windows/VariantManagerContent.ini" 481
"../../../Engine/Plugins/FX/Niagara/Config/BaseNiagara.ini" 482
"D:/220177/ChronoTrial 4.27/Saved/Config/Windows/Niagara.ini" 483
"../../../Engine/Plugins/Lumin/MagicLeapLightEstimation/Config/BaseMagicLeapLightEstimation.ini" 484
"D:/220177/ChronoTrial 4.27/Saved/Config/Windows/MagicLeapLightEstimation.ini" 485
"../../../Engine/Plugins/Lumin/MagicLeap/Config/BaseMagicLeap.ini" 486
"D:/220177/ChronoTrial 4.27/Saved/Config/Windows/MagicLeap.ini" 487
"../../../Engine/Plugins/Experimental/MotoSynth/Config/BaseMotoSynth.ini" 488
"D:/220177/ChronoTrial 4.27/Saved/Config/Windows/MotoSynth.ini" 489
"../../../Engine/Plugins/Runtime/PhysXVehicles/Config/BasePhysXVehicles.ini" 490
"D:/220177/ChronoTrial 4.27/Saved/Config/Windows/PhysXVehicles.ini" 491
"../../../Engine/Plugins/Runtime/PostSplashScreen/Config/BasePostSplashScreen.ini" 492
"D:/220177/ChronoTrial 4.27/Saved/Config/Windows/PostSplashScreen.ini" 493
"../../../Engine/Plugins/Runtime/Synthesis/Config/BaseSynthesis.ini" 494
"D:/220177/ChronoTrial 4.27/Saved/Config/Windows/Synthesis.ini" 495
"../../../Engine/Plugins/Runtime/Oculus/OculusVR/Config/BaseOculusVR.ini" 496
"D:/220177/ChronoTrial 4.27/Saved/Config/Windows/OculusVR.ini" 497
"../../../Engine/Plugins/MeshPainting/Binaries/Win64/UE4Editor.modules" 498
"../../../Engine/Plugins/Experimental/GeometryProcessing/Binaries/Win64/UE4Editor.modules" 499
"../../../Engine/Plugins/XGEController/Binaries/Win64/UE4Editor.modules" 500
"../../../Engine/Plugins/2D/Paper2D/Binaries/Win64/UE4Editor.modules" 501
"../../../Engine/Plugins/AI/EnvironmentQueryEditor/Binaries/Win64/UE4Editor.modules" 502
"../../../Engine/Plugins/AI/AISupport/Binaries/Win64/UE4Editor.modules" 503
"../../../Engine/Plugins/Blendables/LightPropagationVolume/Binaries/Win64/UE4Editor.modules" 504
"../../../Engine/Plugins/Cameras/CameraShakePreviewer/Binaries/Win64/UE4Editor.modules" 505
"../../../Engine/Plugins/Cameras/GameplayCameras/Binaries/Win64/UE4Editor.modules" 506
"../../../Engine/Plugins/MovieScene/TemplateSequence/Binaries/Win64/UE4Editor.modules" 507
"../../../Engine/Plugins/MovieScene/LevelSequenceEditor/Binaries/Win64/UE4Editor.modules" 508
"../../../Engine/Plugins/Compression/OodleNetwork/Binaries/Win64/UE4Editor.modules" 509
"../../../Engine/Plugins/Developer/CLionSourceCodeAccess/Binaries/Win64/UE4Editor.modules" 510
"../../../Engine/Plugins/Developer/AnimationSharing/Binaries/Win64/UE4Editor.modules" 511
"../../../Engine/Plugins/Runtime/SignificanceManager/Binaries/Win64/UE4Editor.modules" 512
"../../../Engine/Plugins/Developer/GitSourceControl/Binaries/Win64/UE4Editor.modules" 513
"../../../Engine/Plugins/Developer/UObjectPlugin/Binaries/Win64/UE4Editor.modules" 514
"../../../Engine/Plugins/Compression/OodleData/Binaries/Win64/UE4Editor.modules" 515
"../../../Engine/Plugins/Developer/VisualStudioCodeSourceCodeAccess/Binaries/Win64/UE4Editor.modules" 516
"../../../Engine/Plugins/Developer/PlasticSourceControl/Binaries/Win64/UE4Editor.modules" 517
"../../../Engine/Plugins/Developer/VisualStudioSourceCodeAccess/Binaries/Win64/UE4Editor.modules" 518
"../../../Engine/Plugins/Developer/PerforceSourceControl/Binaries/Win64/UE4Editor.modules" 519
"../../../Engine/Plugins/Developer/PluginUtils/Binaries/Win64/UE4Editor.modules" 520
"../../../Engine/Plugins/Developer/RiderSourceCodeAccess/Binaries/Win64/UE4Editor.modules" 521
"../../../Engine/Plugins/Developer/SubversionSourceControl/Binaries/Win64/UE4Editor.modules" 522
"../../../Engine/Plugins/Developer/PixWinPlugin/Binaries/Win64/UE4Editor.modules" 523
"../../../Engine/Plugins/Enterprise/DatasmithContent/Binaries/Win64/UE4Editor.modules" 524
"../../../Engine/Plugins/Enterprise/VariantManagerContent/Binaries/Win64/UE4Editor.modules" 525
"../../../Engine/Plugins/Developer/PropertyAccessNode/Binaries/Win64/UE4Editor.modules" 526
"../../../Engine/Plugins/Runtime/PropertyAccess/Binaries/Win64/UE4Editor.modules" 527
"../../../Engine/Plugins/Developer/TextureFormatOodle/Binaries/Win64/UE4Editor.modules" 528
"../../../Engine/Plugins/Editor/AssetManagerEditor/Binaries/Win64/UE4Editor.modules" 529
"../../../Engine/Plugins/Editor/CurveEditorTools/Binaries/Win64/UE4Editor.modules" 530
"../../../Engine/Plugins/Editor/FacialAnimation/Binaries/Win64/UE4Editor.modules" 531
"../../../Engine/Plugins/Editor/CryptoKeys/Binaries/Win64/UE4Editor.modules" 532
"../../../Engine/Plugins/Editor/SpeedTreeImporter/Binaries/Win64/UE4Editor.modules" 533
"../../../Engine/Plugins/Editor/GameplayTagsEditor/Binaries/Win64/UE4Editor.modules" 534
"../../../Engine/Plugins/Lumin/MLSDK/Binaries/Win64/UE4Editor.modules" 535
"../../../Engine/Plugins/Editor/MaterialAnalyzer/Binaries/Win64/UE4Editor.modules" 536
"../../../Engine/Plugins/Editor/DataValidation/Binaries/Win64/UE4Editor.modules" 537
"../../../Engine/Plugins/Editor/PluginBrowser/Binaries/Win64/UE4Editor.modules" 538
"../../../Engine/Plugins/Experimental/AlembicImporter/Binaries/Win64/UE4Editor.modules" 539
"../../../Engine/Plugins/Experimental/GeometryCache/Binaries/Win64/UE4Editor.modules" 540
"../../../Engine/Plugins/Editor/GeometryMode/Binaries/Win64/UE4Editor.modules" 541
"../../../Engine/Plugins/Experimental/BackChannel/Binaries/Win64/UE4Editor.modules" 542
"../../../Engine/Plugins/Editor/MobileLauncherProfileWizard/Binaries/Win64/UE4Editor.modules" 543
"../../../Engine/Plugins/Experimental/AutomationUtils/Binaries/Win64/UE4Editor.modules" 544
"../../../Engine/Plugins/Tests/ScreenshotTools/Binaries/Win64/UE4Editor.modules" 545
"../../../Engine/Plugins/Experimental/ChaosClothEditor/Binaries/Win64/UE4Editor.modules" 546
"../../../Engine/Plugins/Experimental/ChaosCloth/Binaries/Win64/UE4Editor.modules" 547
"../../../Engine/Plugins/Lumin/MagicLeapMedia/Binaries/Win64/UE4Editor.modules" 548
"../../../Engine/Plugins/Lumin/MagicLeap/Binaries/Win64/UE4Editor.modules" 549
"../../../Engine/Plugins/Lumin/MagicLeapPassableWorld/Binaries/Win64/UE4Editor.modules" 550
"../../../Engine/Plugins/Lumin/MagicLeapLightEstimation/Binaries/Win64/UE4Editor.modules" 551
"../../../Engine/Plugins/Experimental/ChaosSolverPlugin/Binaries/Win64/UE4Editor.modules" 552
"../../../Engine/Plugins/Experimental/CharacterAI/Binaries/Win64/UE4Editor.modules" 553
"../../../Engine/Plugins/Experimental/ChaosNiagara/Binaries/Win64/UE4Editor.modules" 554
"../../../Engine/Plugins/FX/Niagara/Binaries/Win64/UE4Editor.modules" 555
"../../../Engine/Plugins/Experimental/PythonScriptPlugin/Binaries/Win64/UE4Editor.modules" 556
"../../../Engine/Plugins/Editor/ContentBrowser/ContentBrowserFileDataSource/Binaries/Win64/UE4Editor.modules" 557
"../../../Engine/Plugins/Experimental/ChaosEditor/Binaries/Win64/UE4Editor.modules" 558
"../../../Engine/Plugins/Experimental/PlanarCutPlugin/Binaries/Win64/UE4Editor.modules" 559
"../../../Engine/Plugins/Runtime/EditableMesh/Binaries/Win64/UE4Editor.modules" 560
"../../../Engine/Plugins/Experimental/GeometryCollectionPlugin/Binaries/Win64/UE4Editor.modules" 561
"../../../Engine/Plugins/Runtime/ProceduralMeshComponent/Binaries/Win64/UE4Editor.modules" 562
"../../../Engine/Plugins/Media/AndroidMedia/Binaries/Win64/UE4Editor.modules" 563
"../../../Engine/Plugins/Media/ImgMedia/Binaries/Win64/UE4Editor.modules" 564
"../../../Engine/Plugins/Media/MediaCompositing/Binaries/Win64/UE4Editor.modules" 565
"../../../Engine/Plugins/Media/AvfMedia/Binaries/Win64/UE4Editor.modules" 566
"../../../Engine/Plugins/Media/MediaPlayerEditor/Binaries/Win64/UE4Editor.modules" 567
"../../../Engine/Plugins/Media/WmfMedia/Binaries/Win64/UE4Editor.modules" 568
"../../../Engine/Plugins/Experimental/OpenImageDenoise/Binaries/Win64/UE4Editor.modules" 569
"../../../Engine/Plugins/Experimental/MotoSynth/Binaries/Win64/UE4Editor.modules" 570
"../../../Engine/Plugins/Experimental/PlatformCrypto/Binaries/Win64/UE4Editor.modules" 571
"../../../Engine/Plugins/Experimental/ProxyLODPlugin/Binaries/Win64/UE4Editor.modules" 572
"../../../Engine/Plugins/Experimental/SkeletalReduction/Binaries/Win64/UE4Editor.modules" 573
"../../../Engine/Plugins/Messaging/UdpMessaging/Binaries/Win64/UE4Editor.modules" 574
"../../../Engine/Plugins/Messaging/TcpMessaging/Binaries/Win64/UE4Editor.modules" 575
"../../../Engine/Plugins/Portal/LauncherChunkInstaller/Binaries/Win64/UE4Editor.modules" 576
"../../../Engine/Plugins/MovieScene/ActorSequence/Binaries/Win64/UE4Editor.modules" 577
"../../../Engine/Plugins/Runtime/ActorLayerUtilities/Binaries/Win64/UE4Editor.modules" 578
"../../../Engine/Plugins/MovieScene/MatineeToLevelSequence/Binaries/Win64/UE4Editor.modules" 579
"../../../Engine/Plugins/Runtime/AndroidDeviceProfileSelector/Binaries/Win64/UE4Editor.modules" 580
"../../../Engine/Plugins/Runtime/AndroidPermission/Binaries/Win64/UE4Editor.modules" 581
"../../../Engine/Plugins/Runtime/ArchVisCharacter/Binaries/Win64/UE4Editor.modules" 582
"../../../Engine/Plugins/Online/OnlineSubsystem/Binaries/Win64/UE4Editor.modules" 583
"../../../Engine/Plugins/Runtime/AppleImageUtils/Binaries/Win64/UE4Editor.modules" 584
"../../../Engine/Plugins/Runtime/AssetTags/Binaries/Win64/UE4Editor.modules" 585
"../../../Engine/Plugins/Runtime/AudioCapture/Binaries/Win64/UE4Editor.modules" 586
"../../../Engine/Plugins/Runtime/ExampleDeviceProfileSelector/Binaries/Win64/UE4Editor.modules" 587
"../../../Engine/Plugins/Runtime/CableComponent/Binaries/Win64/UE4Editor.modules" 588
"../../../Engine/Plugins/Runtime/ChunkDownloader/Binaries/Win64/UE4Editor.modules" 589
"../../../Engine/Plugins/Runtime/CustomMeshComponent/Binaries/Win64/UE4Editor.modules" 590
"../../../Engine/Plugins/Runtime/GooglePAD/Binaries/Win64/UE4Editor.modules" 591
"../../../Engine/Plugins/Online/OnlineSubsystemUtils/Binaries/Win64/UE4Editor.modules" 592
"../../../Engine/Plugins/Runtime/MobilePatchingUtils/Binaries/Win64/UE4Editor.modules" 593
"../../../Engine/Plugins/Runtime/LocationServicesBPLibrary/Binaries/Win64/UE4Editor.modules" 594
"../../../Engine/Plugins/Online/OnlineSubsystemNull/Binaries/Win64/UE4Editor.modules" 595
"../../../Engine/Plugins/Runtime/OpenXR/Binaries/Win64/UE4Editor.modules" 596
"../../../Engine/Plugins/Runtime/PhysXVehicles/Binaries/Win64/UE4Editor.modules" 597
"../../../Engine/Plugins/Runtime/OpenXRHandTracking/Binaries/Win64/UE4Editor.modules" 598
"../../../Engine/Plugins/Animation/LiveLink/Binaries/Win64/UE4Editor.modules" 599
"../../../Engine/Plugins/VirtualProduction/Takes/Binaries/Win64/UE4Editor.modules" 600
"../../../Engine/Plugins/Runtime/OpenXREyeTracker/Binaries/Win64/UE4Editor.modules" 601
"../../../Engine/Plugins/Runtime/RuntimePhysXCooking/Binaries/Win64/UE4Editor.modules" 602
"../../../Engine/Plugins/Runtime/SoundFields/Binaries/Win64/UE4Editor.modules" 603
"../../../Engine/Plugins/Runtime/WindowsMoviePlayer/Binaries/Win64/UE4Editor.modules" 604
"../../../Engine/Plugins/Runtime/WebMMoviePlayer/Binaries/Win64/UE4Editor.modules" 605
"../../../Engine/Plugins/Media/WebMMedia/Binaries/Win64/UE4Editor.modules" 606
"../../../Engine/Plugins/Runtime/Synthesis/Binaries/Win64/UE4Editor.modules" 607
"../../../Engine/Plugins/Runtime/AudioSynesthesia/Binaries/Win64/UE4Editor.modules" 608
"../../../Engine/Plugins/Editor/ContentBrowser/ContentBrowserAssetDataSource/Binaries/Win64/UE4Editor.modules" 609
"../../../Engine/Plugins/Editor/ContentBrowser/ContentBrowserClassDataSource/Binaries/Win64/UE4Editor.modules" 610
"../../../Engine/Plugins/Runtime/Oculus/OculusVR/Binaries/Win64/UE4Editor.modules" 611
"../../../Engine/Plugins/Runtime/Steam/SteamVR/Binaries/Win64/UE4Editor.modules" 612
"../../../Engine/Content/Certificates/ThirdParty/cacert.pem" 613
"../../../Engine/Config/ConsoleVariables.ini" 614
"../../../Engine/Binaries/Win64/Android/UE4Editor.modules" 615
"../../../Engine/Binaries/Win64/IOS/UE4Editor.modules" 616
"../../../Engine/Binaries/Win64/Linux/UE4Editor.modules" 617
"../../../Engine/Binaries/Win64/Lumin/UE4Editor.modules" 618
"../../../Engine/Config/Android/BaseAndroidEngine.ini" 619
"../../../Engine/Config/Android/AndroidEngine.ini" 620
"../../../Engine/Config/Unix/UnixEngine.ini" 621
"../../../Engine/Config/Linux/LinuxEngine.ini" 622
"../../../Engine/Config/LinuxAArch64/LinuxAArch64Engine.ini" 623
"../../../Engine/Config/Lumin/LuminEngine.ini" 624
"../../../Engine/Config/Mac/BaseMacEngine.ini" 625
"../../../Engine/Config/Mac/MacEngine.ini" 626
"../../../Engine/Content/Localization/Editor/ja/Editor.locres" 627
"../../../Engine/Content/Localization/EditorTutorials/ja/EditorTutorials.locres" 628
"../../../Engine/Content/Localization/Keywords/ja/Keywords.locres" 629
"../../../Engine/Content/Localization/Category/ja/Category.locres" 630
"../../../Engine/Content/Localization/ToolTips/ja/ToolTips.locres" 631
"../../../Engine/Content/Localization/PropertyNames/ja/PropertyNames.locres" 632
"../../../Engine/Content/Localization/Engine/ja/Engine.locres" 633
"../../../Engine/Plugins/Online/OnlineSubsystem/Content/Localization/OnlineSubsystem/ja/OnlineSubsystem.locres" 634
"../../../Engine/Plugins/Online/OnlineSubsystemUtils/Content/Localization/OnlineSubsystemUtils/ja/OnlineSubsystemUtils.locres" 635
"../../../Engine/Plugins/Online/IOS/OnlineSubsystemIOS/Content/Localization/OnlineSubsystemIOS/ja/OnlineSubsystemIOS.locres" 636
"../../../Engine/Plugins/Online/Android/OnlineSubsystemGooglePlay/Content/Localization/OnlineSubsystemGooglePlay/ja/OnlineSubsystemGooglePlay.locres" 637
"../../../Engine/Content/Internationalization/icudt64l/numberingSystems.res" 638
"../../../Engine/Content/Internationalization/icudt64l/curr/supplementalData.res" 639
"../../../Engine/Content/Internationalization/icudt64l/curr/ja_JP.res" 640
"../../../Engine/Content/Internationalization/icudt64l/curr/pool.res" 641
"../../../Engine/Content/Internationalization/icudt64l/curr/ja.res" 642
"../../../Engine/Content/Internationalization/icudt64l/curr/root.res" 643
"../../../Engine/Content/Internationalization/icudt64l/lang/af.res" 644
"../../../Engine/Content/Internationalization/icudt64l/region/af.res" 645
"../../../Engine/Content/Internationalization/icudt64l/lang/agq.res" 646
"../../../Engine/Content/Internationalization/icudt64l/region/agq.res" 647
"../../../Engine/Content/Internationalization/icudt64l/lang/ak.res" 648
"../../../Engine/Content/Internationalization/icudt64l/region/ak.res" 649
"../../../Engine/Content/Internationalization/icudt64l/lang/am.res" 650
"../../../Engine/Content/Internationalization/icudt64l/region/am.res" 651
"../../../Engine/Content/Internationalization/icudt64l/lang/ar.res" 652
"../../../Engine/Content/Internationalization/icudt64l/region/ar.res" 653
"../../../Engine/Content/Internationalization/icudt64l/region/ar_AE.res" 654
"../../../Engine/Content/Internationalization/icudt64l/lang/ar_EG.res" 655
"../../../Engine/Content/Internationalization/icudt64l/lang/ar_LY.res" 656
"../../../Engine/Content/Internationalization/icudt64l/region/ar_LY.res" 657
"../../../Engine/Content/Internationalization/icudt64l/lang/ar_SA.res" 658
"../../../Engine/Content/Internationalization/icudt64l/region/ar_SA.res" 659
"../../../Engine/Content/Internationalization/icudt64l/lang/as.res" 660
"../../../Engine/Content/Internationalization/icudt64l/region/as.res" 661
"../../../Engine/Content/Internationalization/icudt64l/lang/asa.res" 662
"../../../Engine/Content/Internationalization/icudt64l/region/asa.res" 663
"../../../Engine/Content/Internationalization/icudt64l/lang/ast.res" 664
"../../../Engine/Content/Internationalization/icudt64l/region/ast.res" 665
"../../../Engine/Content/Internationalization/icudt64l/lang/az.res" 666
"../../../Engine/Content/Internationalization/icudt64l/lang/az_Cyrl.res" 667
"../../../Engine/Content/Internationalization/icudt64l/lang/az_AZ.res" 668
"../../../Engine/Content/Internationalization/icudt64l/lang/az_Latn_AZ.res" 669
"../../../Engine/Content/Internationalization/icudt64l/lang/az_Latn.res" 670
"../../../Engine/Content/Internationalization/icudt64l/region/az_AZ.res" 671
"../../../Engine/Content/Internationalization/icudt64l/region/az_Latn_AZ.res" 672
"../../../Engine/Content/Internationalization/icudt64l/region/az_Latn.res" 673
"../../../Engine/Content/Internationalization/icudt64l/region/az.res" 674
"../../../Engine/Content/Internationalization/icudt64l/region/az_Cyrl.res" 675
"../../../Engine/Content/Internationalization/icudt64l/lang/bas.res" 676
"../../../Engine/Content/Internationalization/icudt64l/region/bas.res" 677
"../../../Engine/Content/Internationalization/icudt64l/lang/be.res" 678
"../../../Engine/Content/Internationalization/icudt64l/region/be.res" 679
"../../../Engine/Content/Internationalization/icudt64l/lang/bem.res" 680
"../../../Engine/Content/Internationalization/icudt64l/region/bem.res" 681
"../../../Engine/Content/Internationalization/icudt64l/lang/bez.res" 682
"../../../Engine/Content/Internationalization/icudt64l/region/bez.res" 683
"../../../Engine/Content/Internationalization/icudt64l/lang/bg.res" 684
"../../../Engine/Content/Internationalization/icudt64l/region/bg.res" 685
"../../../Engine/Content/Internationalization/icudt64l/lang/bm.res" 686
"../../../Engine/Content/Internationalization/icudt64l/region/bm.res" 687
"../../../Engine/Content/Internationalization/icudt64l/lang/bn.res" 688
"../../../Engine/Content/Internationalization/icudt64l/region/bn.res" 689
"../../../Engine/Content/Internationalization/icudt64l/lang/bn_IN.res" 690
"../../../Engine/Content/Internationalization/icudt64l/region/bn_IN.res" 691
"../../../Engine/Content/Internationalization/icudt64l/lang/bo.res" 692
"../../../Engine/Content/Internationalization/icudt64l/region/bo.res" 693
"../../../Engine/Content/Internationalization/icudt64l/region/bo_IN.res" 694
"../../../Engine/Content/Internationalization/icudt64l/lang/br.res" 695
"../../../Engine/Content/Internationalization/icudt64l/region/br.res" 696
"../../../Engine/Content/Internationalization/icudt64l/lang/brx.res" 697
"../../../Engine/Content/Internationalization/icudt64l/region/brx.res" 698
"../../../Engine/Content/Internationalization/icudt64l/lang/bs.res" 699
"../../../Engine/Content/Internationalization/icudt64l/lang/bs_Cyrl.res" 700
"../../../Engine/Content/Internationalization/icudt64l/lang/bs_BA.res" 701
"../../../Engine/Content/Internationalization/icudt64l/lang/bs_Latn_BA.res" 702
"../../../Engine/Content/Internationalization/icudt64l/lang/bs_Latn.res" 703
"../../../Engine/Content/Internationalization/icudt64l/region/bs_BA.res" 704
"../../../Engine/Content/Internationalization/icudt64l/region/bs_Latn_BA.res" 705
"../../../Engine/Content/Internationalization/icudt64l/region/bs_Latn.res" 706
"../../../Engine/Content/Internationalization/icudt64l/region/bs.res" 707
"../../../Engine/Content/Internationalization/icudt64l/region/bs_Cyrl.res" 708
"../../../Engine/Content/Internationalization/icudt64l/lang/ca.res" 709
"../../../Engine/Content/Internationalization/icudt64l/region/ca.res" 710
"../../../Engine/Content/Internationalization/icudt64l/lang/ccp.res" 711
"../../../Engine/Content/Internationalization/icudt64l/region/ccp.res" 712
"../../../Engine/Content/Internationalization/icudt64l/lang/ce.res" 713
"../../../Engine/Content/Internationalization/icudt64l/region/ce.res" 714
"../../../Engine/Content/Internationalization/icudt64l/lang/ceb.res" 715
"../../../Engine/Content/Internationalization/icudt64l/region/ceb.res" 716
"../../../Engine/Content/Internationalization/icudt64l/lang/cgg.res" 717
"../../../Engine/Content/Internationalization/icudt64l/region/cgg.res" 718
"../../../Engine/Content/Internationalization/icudt64l/lang/chr.res" 719
"../../../Engine/Content/Internationalization/icudt64l/region/chr.res" 720
"../../../Engine/Content/Internationalization/icudt64l/lang/ckb.res" 721
"../../../Engine/Content/Internationalization/icudt64l/region/ckb.res" 722
"../../../Engine/Content/Internationalization/icudt64l/lang/cs.res" 723
"../../../Engine/Content/Internationalization/icudt64l/region/cs.res" 724
"../../../Engine/Content/Internationalization/icudt64l/lang/cy.res" 725
"../../../Engine/Content/Internationalization/icudt64l/region/cy.res" 726
"../../../Engine/Content/Internationalization/icudt64l/lang/da.res" 727
"../../../Engine/Content/Internationalization/icudt64l/region/da.res" 728
"../../../Engine/Content/Internationalization/icudt64l/lang/dav.res" 729
"../../../Engine/Content/Internationalization/icudt64l/region/dav.res" 730
"../../../Engine/Content/Internationalization/icudt64l/lang/de.res" 731
"../../../Engine/Content/Internationalization/icudt64l/lang/de_AT.res" 732
"../../../Engine/Content/Internationalization/icudt64l/region/de_AT.res" 733
"../../../Engine/Content/Internationalization/icudt64l/region/de.res" 734
"../../../Engine/Content/Internationalization/icudt64l/lang/de_CH.res" 735
"../../../Engine/Content/Internationalization/icudt64l/region/de_CH.res" 736
"../../../Engine/Content/Internationalization/icudt64l/lang/de_LU.res" 737
"../../../Engine/Content/Internationalization/icudt64l/lang/dje.res" 738
"../../../Engine/Content/Internationalization/icudt64l/region/dje.res" 739
"../../../Engine/Content/Internationalization/icudt64l/lang/dsb.res" 740
"../../../Engine/Content/Internationalization/icudt64l/region/dsb.res" 741
"../../../Engine/Content/Internationalization/icudt64l/lang/dua.res" 742
"../../../Engine/Content/Internationalization/icudt64l/region/dua.res" 743
"../../../Engine/Content/Internationalization/icudt64l/lang/dyo.res" 744
"../../../Engine/Content/Internationalization/icudt64l/region/dyo.res" 745
"../../../Engine/Content/Internationalization/icudt64l/lang/dz.res" 746
"../../../Engine/Content/Internationalization/icudt64l/region/dz.res" 747
"../../../Engine/Content/Internationalization/icudt64l/lang/ebu.res" 748
"../../../Engine/Content/Internationalization/icudt64l/region/ebu.res" 749
"../../../Engine/Content/Internationalization/icudt64l/lang/ee.res" 750
"../../../Engine/Content/Internationalization/icudt64l/region/ee.res" 751
"../../../Engine/Content/Internationalization/icudt64l/lang/el.res" 752
"../../../Engine/Content/Internationalization/icudt64l/region/el.res" 753
"../../../Engine/Content/Internationalization/icudt64l/lang/en_001.res" 754
"../../../Engine/Content/Internationalization/icudt64l/lang/en_150.res" 755
"../../../Engine/Content/Internationalization/icudt64l/region/en_150.res" 756
"../../../Engine/Content/Internationalization/icudt64l/lang/en_AG.res" 757
"../../../Engine/Content/Internationalization/icudt64l/region/en_AG.res" 758
"../../../Engine/Content/Internationalization/icudt64l/lang/en_AI.res" 759
"../../../Engine/Content/Internationalization/icudt64l/region/en_AI.res" 760
"../../../Engine/Content/Internationalization/icudt64l/lang/en_AT.res" 761
"../../../Engine/Content/Internationalization/icudt64l/region/en_AT.res" 762
"../../../Engine/Content/Internationalization/icudt64l/lang/en_AU.res" 763
"../../../Engine/Content/Internationalization/icudt64l/region/en_AU.res" 764
"../../../Engine/Content/Internationalization/icudt64l/lang/en_BB.res" 765
"../../../Engine/Content/Internationalization/icudt64l/region/en_BB.res" 766
"../../../Engine/Content/Internationalization/icudt64l/lang/en_BE.res" 767
"../../../Engine/Content/Internationalization/icudt64l/region/en_BE.res" 768
"../../../Engine/Content/Internationalization/icudt64l/lang/en_BM.res" 769
"../../../Engine/Content/Internationalization/icudt64l/region/en_BM.res" 770
"../../../Engine/Content/Internationalization/icudt64l/lang/en_BS.res" 771
"../../../Engine/Content/Internationalization/icudt64l/region/en_BS.res" 772
"../../../Engine/Content/Internationalization/icudt64l/lang/en_BW.res" 773
"../../../Engine/Content/Internationalization/icudt64l/region/en_BW.res" 774
"../../../Engine/Content/Internationalization/icudt64l/lang/en_BZ.res" 775
"../../../Engine/Content/Internationalization/icudt64l/region/en_BZ.res" 776
"../../../Engine/Content/Internationalization/icudt64l/lang/en_CA.res" 777
"../../../Engine/Content/Internationalization/icudt64l/region/en_CA.res" 778
"../../../Engine/Content/Internationalization/icudt64l/lang/en_CC.res" 779
"../../../Engine/Content/Internationalization/icudt64l/region/en_CC.res" 780
"../../../Engine/Content/Internationalization/icudt64l/lang/en_CH.res" 781
"../../../Engine/Content/Internationalization/icudt64l/region/en_CH.res" 782
"../../../Engine/Content/Internationalization/icudt64l/lang/en_CK.res" 783
"../../../Engine/Content/Internationalization/icudt64l/region/en_CK.res" 784
"../../../Engine/Content/Internationalization/icudt64l/lang/en_CM.res" 785
"../../../Engine/Content/Internationalization/icudt64l/region/en_CM.res" 786
"../../../Engine/Content/Internationalization/icudt64l/lang/en_CX.res" 787
"../../../Engine/Content/Internationalization/icudt64l/region/en_CX.res" 788
"../../../Engine/Content/Internationalization/icudt64l/lang/en_CY.res" 789
"../../../Engine/Content/Internationalization/icudt64l/region/en_CY.res" 790
"../../../Engine/Content/Internationalization/icudt64l/lang/en_DE.res" 791
"../../../Engine/Content/Internationalization/icudt64l/region/en_DE.res" 792
"../../../Engine/Content/Internationalization/icudt64l/lang/en_DG.res" 793
"../../../Engine/Content/Internationalization/icudt64l/region/en_DG.res" 794
"../../../Engine/Content/Internationalization/icudt64l/lang/en_DK.res" 795
"../../../Engine/Content/Internationalization/icudt64l/region/en_DK.res" 796
"../../../Engine/Content/Internationalization/icudt64l/lang/en_DM.res" 797
"../../../Engine/Content/Internationalization/icudt64l/region/en_DM.res" 798
"../../../Engine/Content/Internationalization/icudt64l/lang/en_ER.res" 799
"../../../Engine/Content/Internationalization/icudt64l/region/en_ER.res" 800
"../../../Engine/Content/Internationalization/icudt64l/lang/en_FI.res" 801
"../../../Engine/Content/Internationalization/icudt64l/region/en_FI.res" 802
"../../../Engine/Content/Internationalization/icudt64l/lang/en_FJ.res" 803
"../../../Engine/Content/Internationalization/icudt64l/region/en_FJ.res" 804
"../../../Engine/Content/Internationalization/icudt64l/lang/en_FK.res" 805
"../../../Engine/Content/Internationalization/icudt64l/region/en_FK.res" 806
"../../../Engine/Content/Internationalization/icudt64l/lang/en_FM.res" 807
"../../../Engine/Content/Internationalization/icudt64l/region/en_FM.res" 808
"../../../Engine/Content/Internationalization/icudt64l/lang/en_GB.res" 809
"../../../Engine/Content/Internationalization/icudt64l/region/en_GB.res" 810
"../../../Engine/Content/Internationalization/icudt64l/lang/en_GD.res" 811
"../../../Engine/Content/Internationalization/icudt64l/region/en_GD.res" 812
"../../../Engine/Content/Internationalization/icudt64l/lang/en_GG.res" 813
"../../../Engine/Content/Internationalization/icudt64l/region/en_GG.res" 814
"../../../Engine/Content/Internationalization/icudt64l/lang/en_GH.res" 815
"../../../Engine/Content/Internationalization/icudt64l/region/en_GH.res" 816
"../../../Engine/Content/Internationalization/icudt64l/lang/en_GI.res" 817
"../../../Engine/Content/Internationalization/icudt64l/region/en_GI.res" 818
"../../../Engine/Content/Internationalization/icudt64l/lang/en_GM.res" 819
"../../../Engine/Content/Internationalization/icudt64l/region/en_GM.res" 820
"../../../Engine/Content/Internationalization/icudt64l/lang/en_GY.res" 821
"../../../Engine/Content/Internationalization/icudt64l/region/en_GY.res" 822
"../../../Engine/Content/Internationalization/icudt64l/lang/en_HK.res" 823
"../../../Engine/Content/Internationalization/icudt64l/region/en_HK.res" 824
"../../../Engine/Content/Internationalization/icudt64l/lang/en_IE.res" 825
"../../../Engine/Content/Internationalization/icudt64l/region/en_IE.res" 826
"../../../Engine/Content/Internationalization/icudt64l/lang/en_IL.res" 827
"../../../Engine/Content/Internationalization/icudt64l/region/en_IL.res" 828
"../../../Engine/Content/Internationalization/icudt64l/lang/en_IM.res" 829
"../../../Engine/Content/Internationalization/icudt64l/region/en_IM.res" 830
"../../../Engine/Content/Internationalization/icudt64l/lang/en_IN.res" 831
"../../../Engine/Content/Internationalization/icudt64l/region/en_IN.res" 832
"../../../Engine/Content/Internationalization/icudt64l/lang/en_IO.res" 833
"../../../Engine/Content/Internationalization/icudt64l/region/en_IO.res" 834
"../../../Engine/Content/Internationalization/icudt64l/lang/en_JE.res" 835
"../../../Engine/Content/Internationalization/icudt64l/region/en_JE.res" 836
"../../../Engine/Content/Internationalization/icudt64l/lang/en_JM.res" 837
"../../../Engine/Content/Internationalization/icudt64l/region/en_JM.res" 838
"../../../Engine/Content/Internationalization/icudt64l/lang/en_KE.res" 839
"../../../Engine/Content/Internationalization/icudt64l/region/en_KE.res" 840
"../../../Engine/Content/Internationalization/icudt64l/lang/en_KI.res" 841
"../../../Engine/Content/Internationalization/icudt64l/region/en_KI.res" 842
"../../../Engine/Content/Internationalization/icudt64l/lang/en_KN.res" 843
"../../../Engine/Content/Internationalization/icudt64l/region/en_KN.res" 844
"../../../Engine/Content/Internationalization/icudt64l/lang/en_KY.res" 845
"../../../Engine/Content/Internationalization/icudt64l/region/en_KY.res" 846
"../../../Engine/Content/Internationalization/icudt64l/lang/en_LC.res" 847
"../../../Engine/Content/Internationalization/icudt64l/region/en_LC.res" 848
"../../../Engine/Content/Internationalization/icudt64l/lang/en_LR.res" 849
"../../../Engine/Content/Internationalization/icudt64l/region/en_LR.res" 850
"../../../Engine/Content/Internationalization/icudt64l/lang/en_LS.res" 851
"../../../Engine/Content/Internationalization/icudt64l/region/en_LS.res" 852
"../../../Engine/Content/Internationalization/icudt64l/lang/en_MG.res" 853
"../../../Engine/Content/Internationalization/icudt64l/region/en_MG.res" 854
"../../../Engine/Content/Internationalization/icudt64l/lang/en_MO.res" 855
"../../../Engine/Content/Internationalization/icudt64l/region/en_MO.res" 856
"../../../Engine/Content/Internationalization/icudt64l/lang/en_MS.res" 857
"../../../Engine/Content/Internationalization/icudt64l/region/en_MS.res" 858
"../../../Engine/Content/Internationalization/icudt64l/lang/en_MT.res" 859
"../../../Engine/Content/Internationalization/icudt64l/region/en_MT.res" 860
"../../../Engine/Content/Internationalization/icudt64l/lang/en_MU.res" 861
"../../../Engine/Content/Internationalization/icudt64l/region/en_MU.res" 862
"../../../Engine/Content/Internationalization/icudt64l/lang/en_MW.res" 863
"../../../Engine/Content/Internationalization/icudt64l/region/en_MW.res" 864
"../../../Engine/Content/Internationalization/icudt64l/lang/en_MY.res" 865
"../../../Engine/Content/Internationalization/icudt64l/region/en_MY.res" 866
"../../../Engine/Content/Internationalization/icudt64l/lang/en_NA.res" 867
"../../../Engine/Content/Internationalization/icudt64l/region/en_NA.res" 868
"../../../Engine/Content/Internationalization/icudt64l/lang/en_NF.res" 869
"../../../Engine/Content/Internationalization/icudt64l/region/en_NF.res" 870
"../../../Engine/Content/Internationalization/icudt64l/lang/en_NG.res" 871
"../../../Engine/Content/Internationalization/icudt64l/region/en_NG.res" 872
"../../../Engine/Content/Internationalization/icudt64l/lang/en_NL.res" 873
"../../../Engine/Content/Internationalization/icudt64l/region/en_NL.res" 874
"../../../Engine/Content/Internationalization/icudt64l/lang/en_NR.res" 875
"../../../Engine/Content/Internationalization/icudt64l/region/en_NR.res" 876
"../../../Engine/Content/Internationalization/icudt64l/lang/en_NU.res" 877
"../../../Engine/Content/Internationalization/icudt64l/region/en_NU.res" 878
"../../../Engine/Content/Internationalization/icudt64l/lang/en_NZ.res" 879
"../../../Engine/Content/Internationalization/icudt64l/region/en_NZ.res" 880
"../../../Engine/Content/Internationalization/icudt64l/lang/en_PG.res" 881
"../../../Engine/Content/Internationalization/icudt64l/region/en_PG.res" 882
"../../../Engine/Content/Internationalization/icudt64l/lang/en_PH.res" 883
"../../../Engine/Content/Internationalization/icudt64l/region/en_PH.res" 884
"../../../Engine/Content/Internationalization/icudt64l/lang/en_PK.res" 885
"../../../Engine/Content/Internationalization/icudt64l/region/en_PK.res" 886
"../../../Engine/Content/Internationalization/icudt64l/lang/en_PN.res" 887
"../../../Engine/Content/Internationalization/icudt64l/region/en_PN.res" 888
"../../../Engine/Content/Internationalization/icudt64l/lang/en_PW.res" 889
"../../../Engine/Content/Internationalization/icudt64l/region/en_PW.res" 890
"../../../Engine/Content/Internationalization/icudt64l/lang/en_RW.res" 891
"../../../Engine/Content/Internationalization/icudt64l/region/en_RW.res" 892
"../../../Engine/Content/Internationalization/icudt64l/lang/en_SB.res" 893
"../../../Engine/Content/Internationalization/icudt64l/region/en_SB.res" 894
"../../../Engine/Content/Internationalization/icudt64l/lang/en_SC.res" 895
"../../../Engine/Content/Internationalization/icudt64l/region/en_SC.res" 896
"../../../Engine/Content/Internationalization/icudt64l/lang/en_SD.res" 897
"../../../Engine/Content/Internationalization/icudt64l/region/en_SD.res" 898
"../../../Engine/Content/Internationalization/icudt64l/lang/en_SE.res" 899
"../../../Engine/Content/Internationalization/icudt64l/region/en_SE.res" 900
"../../../Engine/Content/Internationalization/icudt64l/lang/en_SG.res" 901
"../../../Engine/Content/Internationalization/icudt64l/region/en_SG.res" 902
"../../../Engine/Content/Internationalization/icudt64l/lang/en_SH.res" 903
"../../../Engine/Content/Internationalization/icudt64l/region/en_SH.res" 904
"../../../Engine/Content/Internationalization/icudt64l/lang/en_SI.res" 905
"../../../Engine/Content/Internationalization/icudt64l/region/en_SI.res" 906
"../../../Engine/Content/Internationalization/icudt64l/lang/en_SL.res" 907
"../../../Engine/Content/Internationalization/icudt64l/region/en_SL.res" 908
"../../../Engine/Content/Internationalization/icudt64l/lang/en_SS.res" 909
"../../../Engine/Content/Internationalization/icudt64l/region/en_SS.res" 910
"../../../Engine/Content/Internationalization/icudt64l/lang/en_SX.res" 911
"../../../Engine/Content/Internationalization/icudt64l/region/en_SX.res" 912
"../../../Engine/Content/Internationalization/icudt64l/lang/en_SZ.res" 913
"../../../Engine/Content/Internationalization/icudt64l/region/en_SZ.res" 914
"../../../Engine/Content/Internationalization/icudt64l/lang/en_TC.res" 915
"../../../Engine/Content/Internationalization/icudt64l/region/en_TC.res" 916
"../../../Engine/Content/Internationalization/icudt64l/lang/en_TK.res" 917
"../../../Engine/Content/Internationalization/icudt64l/region/en_TK.res" 918
"../../../Engine/Content/Internationalization/icudt64l/lang/en_TO.res" 919
"../../../Engine/Content/Internationalization/icudt64l/region/en_TO.res" 920
"../../../Engine/Content/Internationalization/icudt64l/lang/en_TT.res" 921
"../../../Engine/Content/Internationalization/icudt64l/region/en_TT.res" 922
"../../../Engine/Content/Internationalization/icudt64l/lang/en_TV.res" 923
"../../../Engine/Content/Internationalization/icudt64l/region/en_TV.res" 924
"../../../Engine/Content/Internationalization/icudt64l/lang/en_TZ.res" 925
"../../../Engine/Content/Internationalization/icudt64l/region/en_TZ.res" 926
"../../../Engine/Content/Internationalization/icudt64l/lang/en_UG.res" 927
"../../../Engine/Content/Internationalization/icudt64l/region/en_UG.res" 928
"../../../Engine/Content/Internationalization/icudt64l/lang/en_VC.res" 929
"../../../Engine/Content/Internationalization/icudt64l/region/en_VC.res" 930
"../../../Engine/Content/Internationalization/icudt64l/lang/en_VG.res" 931
"../../../Engine/Content/Internationalization/icudt64l/region/en_VG.res" 932
"../../../Engine/Content/Internationalization/icudt64l/lang/en_VU.res" 933
"../../../Engine/Content/Internationalization/icudt64l/region/en_VU.res" 934
"../../../Engine/Content/Internationalization/icudt64l/lang/en_WS.res" 935
"../../../Engine/Content/Internationalization/icudt64l/region/en_WS.res" 936
"../../../Engine/Content/Internationalization/icudt64l/lang/en_ZA.res" 937
"../../../Engine/Content/Internationalization/icudt64l/region/en_ZA.res" 938
"../../../Engine/Content/Internationalization/icudt64l/lang/en_ZM.res" 939
"../../../Engine/Content/Internationalization/icudt64l/region/en_ZM.res" 940
"../../../Engine/Content/Internationalization/icudt64l/lang/en_ZW.res" 941
"../../../Engine/Content/Internationalization/icudt64l/region/en_ZW.res" 942
"../../../Engine/Content/Internationalization/icudt64l/lang/eo.res" 943
"../../../Engine/Content/Internationalization/icudt64l/region/eo.res" 944
"../../../Engine/Content/Internationalization/icudt64l/lang/es.res" 945
"../../../Engine/Content/Internationalization/icudt64l/lang/es_419.res" 946
"../../../Engine/Content/Internationalization/icudt64l/region/es_419.res" 947
"../../../Engine/Content/Internationalization/icudt64l/region/es.res" 948
"../../../Engine/Content/Internationalization/icudt64l/lang/es_AR.res" 949
"../../../Engine/Content/Internationalization/icudt64l/region/es_AR.res" 950
"../../../Engine/Content/Internationalization/icudt64l/lang/es_BO.res" 951
"../../../Engine/Content/Internationalization/icudt64l/region/es_BO.res" 952
"../../../Engine/Content/Internationalization/icudt64l/lang/es_BR.res" 953
"../../../Engine/Content/Internationalization/icudt64l/region/es_BR.res" 954
"../../../Engine/Content/Internationalization/icudt64l/lang/es_BZ.res" 955
"../../../Engine/Content/Internationalization/icudt64l/region/es_BZ.res" 956
"../../../Engine/Content/Internationalization/icudt64l/lang/es_CL.res" 957
"../../../Engine/Content/Internationalization/icudt64l/region/es_CL.res" 958
"../../../Engine/Content/Internationalization/icudt64l/lang/es_CO.res" 959
"../../../Engine/Content/Internationalization/icudt64l/region/es_CO.res" 960
"../../../Engine/Content/Internationalization/icudt64l/lang/es_CR.res" 961
"../../../Engine/Content/Internationalization/icudt64l/region/es_CR.res" 962
"../../../Engine/Content/Internationalization/icudt64l/lang/es_CU.res" 963
"../../../Engine/Content/Internationalization/icudt64l/region/es_CU.res" 964
"../../../Engine/Content/Internationalization/icudt64l/lang/es_DO.res" 965
"../../../Engine/Content/Internationalization/icudt64l/region/es_DO.res" 966
"../../../Engine/Content/Internationalization/icudt64l/lang/es_EC.res" 967
"../../../Engine/Content/Internationalization/icudt64l/region/es_EC.res" 968
"../../../Engine/Content/Internationalization/icudt64l/lang/es_GT.res" 969
"../../../Engine/Content/Internationalization/icudt64l/region/es_GT.res" 970
"../../../Engine/Content/Internationalization/icudt64l/lang/es_HN.res" 971
"../../../Engine/Content/Internationalization/icudt64l/region/es_HN.res" 972
"../../../Engine/Content/Internationalization/icudt64l/lang/es_MX.res" 973
"../../../Engine/Content/Internationalization/icudt64l/region/es_MX.res" 974
"../../../Engine/Content/Internationalization/icudt64l/lang/es_NI.res" 975
"../../../Engine/Content/Internationalization/icudt64l/region/es_NI.res" 976
"../../../Engine/Content/Internationalization/icudt64l/lang/es_PA.res" 977
"../../../Engine/Content/Internationalization/icudt64l/region/es_PA.res" 978
"../../../Engine/Content/Internationalization/icudt64l/lang/es_PE.res" 979
"../../../Engine/Content/Internationalization/icudt64l/region/es_PE.res" 980
"../../../Engine/Content/Internationalization/icudt64l/lang/es_PR.res" 981
"../../../Engine/Content/Internationalization/icudt64l/region/es_PR.res" 982
"../../../Engine/Content/Internationalization/icudt64l/lang/es_PY.res" 983
"../../../Engine/Content/Internationalization/icudt64l/region/es_PY.res" 984
"../../../Engine/Content/Internationalization/icudt64l/lang/es_SV.res" 985
"../../../Engine/Content/Internationalization/icudt64l/region/es_SV.res" 986
"../../../Engine/Content/Internationalization/icudt64l/lang/es_US.res" 987
"../../../Engine/Content/Internationalization/icudt64l/region/es_US.res" 988
"../../../Engine/Content/Internationalization/icudt64l/lang/es_UY.res" 989
"../../../Engine/Content/Internationalization/icudt64l/region/es_UY.res" 990
"../../../Engine/Content/Internationalization/icudt64l/lang/es_VE.res" 991
"../../../Engine/Content/Internationalization/icudt64l/region/es_VE.res" 992
"../../../Engine/Content/Internationalization/icudt64l/lang/et.res" 993
"../../../Engine/Content/Internationalization/icudt64l/region/et.res" 994
"../../../Engine/Content/Internationalization/icudt64l/lang/eu.res" 995
"../../../Engine/Content/Internationalization/icudt64l/region/eu.res" 996
"../../../Engine/Content/Internationalization/icudt64l/lang/ewo.res" 997
"../../../Engine/Content/Internationalization/icudt64l/region/ewo.res" 998
"../../../Engine/Content/Internationalization/icudt64l/lang/fa.res" 999
"../../../Engine/Content/Internationalization/icudt64l/lang/fa_AF.res" 1000
"../../../Engine/Content/Internationalization/icudt64l/region/fa_AF.res" 1001
"../../../Engine/Content/Internationalization/icudt64l/region/fa.res" 1002
"../../../Engine/Content/Internationalization/icudt64l/lang/ff.res" 1003
"../../../Engine/Content/Internationalization/icudt64l/lang/ff_Latn.res" 1004
"../../../Engine/Content/Internationalization/icudt64l/region/ff.res" 1005
"../../../Engine/Content/Internationalization/icudt64l/region/ff_Latn.res" 1006
"../../../Engine/Content/Internationalization/icudt64l/lang/ff_CM.res" 1007
"../../../Engine/Content/Internationalization/icudt64l/lang/ff_Latn_CM.res" 1008
"../../../Engine/Content/Internationalization/icudt64l/region/ff_CM.res" 1009
"../../../Engine/Content/Internationalization/icudt64l/region/ff_Latn_CM.res" 1010
"../../../Engine/Content/Internationalization/icudt64l/lang/ff_GN.res" 1011
"../../../Engine/Content/Internationalization/icudt64l/lang/ff_Latn_GN.res" 1012
"../../../Engine/Content/Internationalization/icudt64l/region/ff_GN.res" 1013
"../../../Engine/Content/Internationalization/icudt64l/region/ff_Latn_GN.res" 1014
"../../../Engine/Content/Internationalization/icudt64l/lang/ff_MR.res" 1015
"../../../Engine/Content/Internationalization/icudt64l/lang/ff_Latn_MR.res" 1016
"../../../Engine/Content/Internationalization/icudt64l/region/ff_MR.res" 1017
"../../../Engine/Content/Internationalization/icudt64l/region/ff_Latn_MR.res" 1018
"../../../Engine/Content/Internationalization/icudt64l/lang/ff_SN.res" 1019
"../../../Engine/Content/Internationalization/icudt64l/lang/ff_Latn_SN.res" 1020
"../../../Engine/Content/Internationalization/icudt64l/region/ff_SN.res" 1021
"../../../Engine/Content/Internationalization/icudt64l/region/ff_Latn_SN.res" 1022
"../../../Engine/Content/Internationalization/icudt64l/lang/fi.res" 1023
"../../../Engine/Content/Internationalization/icudt64l/region/fi.res" 1024
"../../../Engine/Content/Internationalization/icudt64l/lang/fil.res" 1025
"../../../Engine/Content/Internationalization/icudt64l/lang/fil_PH.res" 1026
"../../../Engine/Content/Internationalization/icudt64l/region/fil_PH.res" 1027
"../../../Engine/Content/Internationalization/icudt64l/region/fil.res" 1028
"../../../Engine/Content/Internationalization/icudt64l/lang/fo.res" 1029
"../../../Engine/Content/Internationalization/icudt64l/region/fo.res" 1030
"../../../Engine/Content/Internationalization/icudt64l/lang/fr.res" 1031
"../../../Engine/Content/Internationalization/icudt64l/lang/fr_BE.res" 1032
"../../../Engine/Content/Internationalization/icudt64l/region/fr_BE.res" 1033
"../../../Engine/Content/Internationalization/icudt64l/region/fr.res" 1034
"../../../Engine/Content/Internationalization/icudt64l/lang/fr_CA.res" 1035
"../../../Engine/Content/Internationalization/icudt64l/region/fr_CA.res" 1036
"../../../Engine/Content/Internationalization/icudt64l/lang/fr_CH.res" 1037
"../../../Engine/Content/Internationalization/icudt64l/lang/fur.res" 1038
"../../../Engine/Content/Internationalization/icudt64l/region/fur.res" 1039
"../../../Engine/Content/Internationalization/icudt64l/lang/fy.res" 1040
"../../../Engine/Content/Internationalization/icudt64l/region/fy.res" 1041
"../../../Engine/Content/Internationalization/icudt64l/lang/ga.res" 1042
"../../../Engine/Content/Internationalization/icudt64l/region/ga.res" 1043
"../../../Engine/Content/Internationalization/icudt64l/lang/gd.res" 1044
"../../../Engine/Content/Internationalization/icudt64l/region/gd.res" 1045
"../../../Engine/Content/Internationalization/icudt64l/lang/gl.res" 1046
"../../../Engine/Content/Internationalization/icudt64l/region/gl.res" 1047
"../../../Engine/Content/Internationalization/icudt64l/lang/gsw.res" 1048
"../../../Engine/Content/Internationalization/icudt64l/region/gsw.res" 1049
"../../../Engine/Content/Internationalization/icudt64l/lang/gu.res" 1050
"../../../Engine/Content/Internationalization/icudt64l/region/gu.res" 1051
"../../../Engine/Content/Internationalization/icudt64l/lang/guz.res" 1052
"../../../Engine/Content/Internationalization/icudt64l/region/guz.res" 1053
"../../../Engine/Content/Internationalization/icudt64l/lang/gv.res" 1054
"../../../Engine/Content/Internationalization/icudt64l/region/gv.res" 1055
"../../../Engine/Content/Internationalization/icudt64l/lang/ha.res" 1056
"../../../Engine/Content/Internationalization/icudt64l/region/ha.res" 1057
"../../../Engine/Content/Internationalization/icudt64l/lang/ha_NE.res" 1058
"../../../Engine/Content/Internationalization/icudt64l/region/ha_NE.res" 1059
"../../../Engine/Content/Internationalization/icudt64l/lang/haw.res" 1060
"../../../Engine/Content/Internationalization/icudt64l/region/haw.res" 1061
"../../../Engine/Content/Internationalization/icudt64l/lang/he.res" 1062
"../../../Engine/Content/Internationalization/icudt64l/lang/he_IL.res" 1063
"../../../Engine/Content/Internationalization/icudt64l/region/he_IL.res" 1064
"../../../Engine/Content/Internationalization/icudt64l/region/he.res" 1065
"../../../Engine/Content/Internationalization/icudt64l/lang/hi.res" 1066
"../../../Engine/Content/Internationalization/icudt64l/region/hi.res" 1067
"../../../Engine/Content/Internationalization/icudt64l/lang/hr.res" 1068
"../../../Engine/Content/Internationalization/icudt64l/region/hr.res" 1069
"../../../Engine/Content/Internationalization/icudt64l/lang/hsb.res" 1070
"../../../Engine/Content/Internationalization/icudt64l/region/hsb.res" 1071
"../../../Engine/Content/Internationalization/icudt64l/lang/hu.res" 1072
"../../../Engine/Content/Internationalization/icudt64l/region/hu.res" 1073
"../../../Engine/Content/Internationalization/icudt64l/lang/hy.res" 1074
"../../../Engine/Content/Internationalization/icudt64l/region/hy.res" 1075
"../../../Engine/Content/Internationalization/icudt64l/lang/ia.res" 1076
"../../../Engine/Content/Internationalization/icudt64l/region/ia.res" 1077
"../../../Engine/Content/Internationalization/icudt64l/lang/id.res" 1078
"../../../Engine/Content/Internationalization/icudt64l/lang/id_ID.res" 1079
"../../../Engine/Content/Internationalization/icudt64l/region/id_ID.res" 1080
"../../../Engine/Content/Internationalization/icudt64l/region/id.res" 1081
"../../../Engine/Content/Internationalization/icudt64l/lang/ig.res" 1082
"../../../Engine/Content/Internationalization/icudt64l/region/ig.res" 1083
"../../../Engine/Content/Internationalization/icudt64l/lang/ii.res" 1084
"../../../Engine/Content/Internationalization/icudt64l/region/ii.res" 1085
"../../../Engine/Content/Internationalization/icudt64l/lang/is.res" 1086
"../../../Engine/Content/Internationalization/icudt64l/region/is.res" 1087
"../../../Engine/Content/Internationalization/icudt64l/lang/it.res" 1088
"../../../Engine/Content/Internationalization/icudt64l/region/it.res" 1089
"../../../Engine/Content/Internationalization/icudt64l/lang/jgo.res" 1090
"../../../Engine/Content/Internationalization/icudt64l/region/jgo.res" 1091
"../../../Engine/Content/Internationalization/icudt64l/lang/jmc.res" 1092
"../../../Engine/Content/Internationalization/icudt64l/region/jmc.res" 1093
"../../../Engine/Content/Internationalization/icudt64l/lang/jv.res" 1094
"../../../Engine/Content/Internationalization/icudt64l/region/jv.res" 1095
"../../../Engine/Content/Internationalization/icudt64l/lang/ka.res" 1096
"../../../Engine/Content/Internationalization/icudt64l/region/ka.res" 1097
"../../../Engine/Content/Internationalization/icudt64l/lang/kab.res" 1098
"../../../Engine/Content/Internationalization/icudt64l/region/kab.res" 1099
"../../../Engine/Content/Internationalization/icudt64l/lang/kam.res" 1100
"../../../Engine/Content/Internationalization/icudt64l/region/kam.res" 1101
"../../../Engine/Content/Internationalization/icudt64l/lang/kde.res" 1102
"../../../Engine/Content/Internationalization/icudt64l/region/kde.res" 1103
"../../../Engine/Content/Internationalization/icudt64l/lang/kea.res" 1104
"../../../Engine/Content/Internationalization/icudt64l/region/kea.res" 1105
"../../../Engine/Content/Internationalization/icudt64l/lang/khq.res" 1106
"../../../Engine/Content/Internationalization/icudt64l/region/khq.res" 1107
"../../../Engine/Content/Internationalization/icudt64l/lang/ki.res" 1108
"../../../Engine/Content/Internationalization/icudt64l/region/ki.res" 1109
"../../../Engine/Content/Internationalization/icudt64l/lang/kk.res" 1110
"../../../Engine/Content/Internationalization/icudt64l/region/kk.res" 1111
"../../../Engine/Content/Internationalization/icudt64l/lang/kkj.res" 1112
"../../../Engine/Content/Internationalization/icudt64l/region/kkj.res" 1113
"../../../Engine/Content/Internationalization/icudt64l/lang/kl.res" 1114
"../../../Engine/Content/Internationalization/icudt64l/region/kl.res" 1115
"../../../Engine/Content/Internationalization/icudt64l/lang/kln.res" 1116
"../../../Engine/Content/Internationalization/icudt64l/region/kln.res" 1117
"../../../Engine/Content/Internationalization/icudt64l/lang/km.res" 1118
"../../../Engine/Content/Internationalization/icudt64l/region/km.res" 1119
"../../../Engine/Content/Internationalization/icudt64l/lang/kn.res" 1120
"../../../Engine/Content/Internationalization/icudt64l/region/kn.res" 1121
"../../../Engine/Content/Internationalization/icudt64l/lang/ko.res" 1122
"../../../Engine/Content/Internationalization/icudt64l/region/ko_KP.res" 1123
"../../../Engine/Content/Internationalization/icudt64l/region/ko.res" 1124
"../../../Engine/Content/Internationalization/icudt64l/lang/kok.res" 1125
"../../../Engine/Content/Internationalization/icudt64l/region/kok.res" 1126
"../../../Engine/Content/Internationalization/icudt64l/lang/ks.res" 1127
"../../../Engine/Content/Internationalization/icudt64l/region/ks.res" 1128
"../../../Engine/Content/Internationalization/icudt64l/lang/ksb.res" 1129
"../../../Engine/Content/Internationalization/icudt64l/region/ksb.res" 1130
"../../../Engine/Content/Internationalization/icudt64l/lang/ksf.res" 1131
"../../../Engine/Content/Internationalization/icudt64l/region/ksf.res" 1132
"../../../Engine/Content/Internationalization/icudt64l/lang/ksh.res" 1133
"../../../Engine/Content/Internationalization/icudt64l/region/ksh.res" 1134
"../../../Engine/Content/Internationalization/icudt64l/lang/ku.res" 1135
"../../../Engine/Content/Internationalization/icudt64l/region/ku.res" 1136
"../../../Engine/Content/Internationalization/icudt64l/lang/kw.res" 1137
"../../../Engine/Content/Internationalization/icudt64l/region/kw.res" 1138
"../../../Engine/Content/Internationalization/icudt64l/lang/ky.res" 1139
"../../../Engine/Content/Internationalization/icudt64l/region/ky.res" 1140
"../../../Engine/Content/Internationalization/icudt64l/lang/lag.res" 1141
"../../../Engine/Content/Internationalization/icudt64l/region/lag.res" 1142
"../../../Engine/Content/Internationalization/icudt64l/lang/lb.res" 1143
"../../../Engine/Content/Internationalization/icudt64l/region/lb.res" 1144
"../../../Engine/Content/Internationalization/icudt64l/lang/lg.res" 1145
"../../../Engine/Content/Internationalization/icudt64l/region/lg.res" 1146
"../../../Engine/Content/Internationalization/icudt64l/lang/lkt.res" 1147
"../../../Engine/Content/Internationalization/icudt64l/region/lkt.res" 1148
"../../../Engine/Content/Internationalization/icudt64l/lang/ln.res" 1149
"../../../Engine/Content/Internationalization/icudt64l/region/ln.res" 1150
"../../../Engine/Content/Internationalization/icudt64l/lang/lo.res" 1151
"../../../Engine/Content/Internationalization/icudt64l/region/lo.res" 1152
"../../../Engine/Content/Internationalization/icudt64l/lang/lrc.res" 1153
"../../../Engine/Content/Internationalization/icudt64l/region/lrc.res" 1154
"../../../Engine/Content/Internationalization/icudt64l/lang/lt.res" 1155
"../../../Engine/Content/Internationalization/icudt64l/region/lt.res" 1156
"../../../Engine/Content/Internationalization/icudt64l/lang/lu.res" 1157
"../../../Engine/Content/Internationalization/icudt64l/region/lu.res" 1158
"../../../Engine/Content/Internationalization/icudt64l/lang/luo.res" 1159
"../../../Engine/Content/Internationalization/icudt64l/region/luo.res" 1160
"../../../Engine/Content/Internationalization/icudt64l/lang/luy.res" 1161
"../../../Engine/Content/Internationalization/icudt64l/region/luy.res" 1162
"../../../Engine/Content/Internationalization/icudt64l/lang/lv.res" 1163
"../../../Engine/Content/Internationalization/icudt64l/region/lv.res" 1164
"../../../Engine/Content/Internationalization/icudt64l/lang/mas.res" 1165
"../../../Engine/Content/Internationalization/icudt64l/region/mas.res" 1166
"../../../Engine/Content/Internationalization/icudt64l/lang/mer.res" 1167
"../../../Engine/Content/Internationalization/icudt64l/region/mer.res" 1168
"../../../Engine/Content/Internationalization/icudt64l/lang/mfe.res" 1169
"../../../Engine/Content/Internationalization/icudt64l/region/mfe.res" 1170
"../../../Engine/Content/Internationalization/icudt64l/lang/mg.res" 1171
"../../../Engine/Content/Internationalization/icudt64l/region/mg.res" 1172
"../../../Engine/Content/Internationalization/icudt64l/lang/mgh.res" 1173
"../../../Engine/Content/Internationalization/icudt64l/region/mgh.res" 1174
"../../../Engine/Content/Internationalization/icudt64l/lang/mgo.res" 1175
"../../../Engine/Content/Internationalization/icudt64l/region/mgo.res" 1176
"../../../Engine/Content/Internationalization/icudt64l/lang/mi.res" 1177
"../../../Engine/Content/Internationalization/icudt64l/region/mi.res" 1178
"../../../Engine/Content/Internationalization/icudt64l/lang/mk.res" 1179
"../../../Engine/Content/Internationalization/icudt64l/region/mk.res" 1180
"../../../Engine/Content/Internationalization/icudt64l/lang/ml.res" 1181
"../../../Engine/Content/Internationalization/icudt64l/region/ml.res" 1182
"../../../Engine/Content/Internationalization/icudt64l/lang/mn.res" 1183
"../../../Engine/Content/Internationalization/icudt64l/region/mn.res" 1184
"../../../Engine/Content/Internationalization/icudt64l/lang/mr.res" 1185
"../../../Engine/Content/Internationalization/icudt64l/region/mr.res" 1186
"../../../Engine/Content/Internationalization/icudt64l/lang/ms.res" 1187
"../../../Engine/Content/Internationalization/icudt64l/region/ms.res" 1188
"../../../Engine/Content/Internationalization/icudt64l/lang/mt.res" 1189
"../../../Engine/Content/Internationalization/icudt64l/region/mt.res" 1190
"../../../Engine/Content/Internationalization/icudt64l/lang/mua.res" 1191
"../../../Engine/Content/Internationalization/icudt64l/region/mua.res" 1192
"../../../Engine/Content/Internationalization/icudt64l/lang/my.res" 1193
"../../../Engine/Content/Internationalization/icudt64l/region/my.res" 1194
"../../../Engine/Content/Internationalization/icudt64l/lang/mzn.res" 1195
"../../../Engine/Content/Internationalization/icudt64l/region/mzn.res" 1196
"../../../Engine/Content/Internationalization/icudt64l/lang/naq.res" 1197
"../../../Engine/Content/Internationalization/icudt64l/region/naq.res" 1198
"../../../Engine/Content/Internationalization/icudt64l/lang/nb.res" 1199
"../../../Engine/Content/Internationalization/icudt64l/lang/nb_NO.res" 1200
"../../../Engine/Content/Internationalization/icudt64l/region/nb_NO.res" 1201
"../../../Engine/Content/Internationalization/icudt64l/region/nb.res" 1202
"../../../Engine/Content/Internationalization/icudt64l/lang/nd.res" 1203
"../../../Engine/Content/Internationalization/icudt64l/region/nd.res" 1204
"../../../Engine/Content/Internationalization/icudt64l/lang/nds.res" 1205
"../../../Engine/Content/Internationalization/icudt64l/region/nds.res" 1206
"../../../Engine/Content/Internationalization/icudt64l/lang/ne.res" 1207
"../../../Engine/Content/Internationalization/icudt64l/region/ne.res" 1208
"../../../Engine/Content/Internationalization/icudt64l/lang/nl.res" 1209
"../../../Engine/Content/Internationalization/icudt64l/region/nl.res" 1210
"../../../Engine/Content/Internationalization/icudt64l/lang/nmg.res" 1211
"../../../Engine/Content/Internationalization/icudt64l/region/nmg.res" 1212
"../../../Engine/Content/Internationalization/icudt64l/lang/nn.res" 1213
"../../../Engine/Content/Internationalization/icudt64l/lang/nn_NO.res" 1214
"../../../Engine/Content/Internationalization/icudt64l/region/nn_NO.res" 1215
"../../../Engine/Content/Internationalization/icudt64l/region/nn.res" 1216
"../../../Engine/Content/Internationalization/icudt64l/lang/nnh.res" 1217
"../../../Engine/Content/Internationalization/icudt64l/region/nnh.res" 1218
"../../../Engine/Content/Internationalization/icudt64l/lang/nus.res" 1219
"../../../Engine/Content/Internationalization/icudt64l/region/nus.res" 1220
"../../../Engine/Content/Internationalization/icudt64l/lang/nyn.res" 1221
"../../../Engine/Content/Internationalization/icudt64l/region/nyn.res" 1222
"../../../Engine/Content/Internationalization/icudt64l/lang/om.res" 1223
"../../../Engine/Content/Internationalization/icudt64l/region/om.res" 1224
"../../../Engine/Content/Internationalization/icudt64l/lang/or.res" 1225
"../../../Engine/Content/Internationalization/icudt64l/region/or.res" 1226
"../../../Engine/Content/Internationalization/icudt64l/lang/os.res" 1227
"../../../Engine/Content/Internationalization/icudt64l/region/os.res" 1228
"../../../Engine/Content/Internationalization/icudt64l/lang/pa.res" 1229
"../../../Engine/Content/Internationalization/icudt64l/lang/pa_Arab.res" 1230
"../../../Engine/Content/Internationalization/icudt64l/lang/pa_PK.res" 1231
"../../../Engine/Content/Internationalization/icudt64l/lang/pa_Arab_PK.res" 1232
"../../../Engine/Content/Internationalization/icudt64l/region/pa_PK.res" 1233
"../../../Engine/Content/Internationalization/icudt64l/region/pa_Arab_PK.res" 1234
"../../../Engine/Content/Internationalization/icudt64l/region/pa_Arab.res" 1235
"../../../Engine/Content/Internationalization/icudt64l/lang/pa_Guru.res" 1236
"../../../Engine/Content/Internationalization/icudt64l/lang/pa_IN.res" 1237
"../../../Engine/Content/Internationalization/icudt64l/lang/pa_Guru_IN.res" 1238
"../../../Engine/Content/Internationalization/icudt64l/region/pa_IN.res" 1239
"../../../Engine/Content/Internationalization/icudt64l/region/pa_Guru_IN.res" 1240
"../../../Engine/Content/Internationalization/icudt64l/region/pa_Guru.res" 1241
"../../../Engine/Content/Internationalization/icudt64l/region/pa.res" 1242
"../../../Engine/Content/Internationalization/icudt64l/lang/pl.res" 1243
"../../../Engine/Content/Internationalization/icudt64l/region/pl.res" 1244
"../../../Engine/Content/Internationalization/icudt64l/lang/ps.res" 1245
"../../../Engine/Content/Internationalization/icudt64l/region/ps.res" 1246
"../../../Engine/Content/Internationalization/icudt64l/lang/ps_PK.res" 1247
"../../../Engine/Content/Internationalization/icudt64l/region/ps_PK.res" 1248
"../../../Engine/Content/Internationalization/icudt64l/lang/pt.res" 1249
"../../../Engine/Content/Internationalization/icudt64l/lang/pt_AO.res" 1250
"../../../Engine/Content/Internationalization/icudt64l/lang/pt_PT.res" 1251
"../../../Engine/Content/Internationalization/icudt64l/region/pt_AO.res" 1252
"../../../Engine/Content/Internationalization/icudt64l/region/pt_PT.res" 1253
"../../../Engine/Content/Internationalization/icudt64l/region/pt.res" 1254
"../../../Engine/Content/Internationalization/icudt64l/lang/pt_CH.res" 1255
"../../../Engine/Content/Internationalization/icudt64l/region/pt_CH.res" 1256
"../../../Engine/Content/Internationalization/icudt64l/lang/pt_CV.res" 1257
"../../../Engine/Content/Internationalization/icudt64l/region/pt_CV.res" 1258
"../../../Engine/Content/Internationalization/icudt64l/lang/pt_GQ.res" 1259
"../../../Engine/Content/Internationalization/icudt64l/region/pt_GQ.res" 1260
"../../../Engine/Content/Internationalization/icudt64l/lang/pt_GW.res" 1261
"../../../Engine/Content/Internationalization/icudt64l/region/pt_GW.res" 1262
"../../../Engine/Content/Internationalization/icudt64l/lang/pt_LU.res" 1263
"../../../Engine/Content/Internationalization/icudt64l/region/pt_LU.res" 1264
"../../../Engine/Content/Internationalization/icudt64l/lang/pt_MO.res" 1265
"../../../Engine/Content/Internationalization/icudt64l/region/pt_MO.res" 1266
"../../../Engine/Content/Internationalization/icudt64l/lang/pt_MZ.res" 1267
"../../../Engine/Content/Internationalization/icudt64l/region/pt_MZ.res" 1268
"../../../Engine/Content/Internationalization/icudt64l/lang/pt_ST.res" 1269
"../../../Engine/Content/Internationalization/icudt64l/region/pt_ST.res" 1270
"../../../Engine/Content/Internationalization/icudt64l/lang/pt_TL.res" 1271
"../../../Engine/Content/Internationalization/icudt64l/region/pt_TL.res" 1272
"../../../Engine/Content/Internationalization/icudt64l/lang/qu.res" 1273
"../../../Engine/Content/Internationalization/icudt64l/region/qu.res" 1274
"../../../Engine/Content/Internationalization/icudt64l/lang/rm.res" 1275
"../../../Engine/Content/Internationalization/icudt64l/region/rm.res" 1276
"../../../Engine/Content/Internationalization/icudt64l/lang/rn.res" 1277
"../../../Engine/Content/Internationalization/icudt64l/region/rn.res" 1278
"../../../Engine/Content/Internationalization/icudt64l/lang/ro.res" 1279
"../../../Engine/Content/Internationalization/icudt64l/lang/ro_MD.res" 1280
"../../../Engine/Content/Internationalization/icudt64l/region/ro_MD.res" 1281
"../../../Engine/Content/Internationalization/icudt64l/region/ro.res" 1282
"../../../Engine/Content/Internationalization/icudt64l/lang/rof.res" 1283
"../../../Engine/Content/Internationalization/icudt64l/region/rof.res" 1284
"../../../Engine/Content/Internationalization/icudt64l/lang/ru.res" 1285
"../../../Engine/Content/Internationalization/icudt64l/region/ru.res" 1286
"../../../Engine/Content/Internationalization/icudt64l/region/ru_UA.res" 1287
"../../../Engine/Content/Internationalization/icudt64l/lang/rw.res" 1288
"../../../Engine/Content/Internationalization/icudt64l/region/rw.res" 1289
"../../../Engine/Content/Internationalization/icudt64l/lang/rwk.res" 1290
"../../../Engine/Content/Internationalization/icudt64l/region/rwk.res" 1291
"../../../Engine/Content/Internationalization/icudt64l/lang/sah.res" 1292
"../../../Engine/Content/Internationalization/icudt64l/region/sah.res" 1293
"../../../Engine/Content/Internationalization/icudt64l/lang/saq.res" 1294
"../../../Engine/Content/Internationalization/icudt64l/region/saq.res" 1295
"../../../Engine/Content/Internationalization/icudt64l/lang/sbp.res" 1296
"../../../Engine/Content/Internationalization/icudt64l/region/sbp.res" 1297
"../../../Engine/Content/Internationalization/icudt64l/lang/sd.res" 1298
"../../../Engine/Content/Internationalization/icudt64l/region/sd.res" 1299
"../../../Engine/Content/Internationalization/icudt64l/lang/se.res" 1300
"../../../Engine/Content/Internationalization/icudt64l/lang/se_FI.res" 1301
"../../../Engine/Content/Internationalization/icudt64l/region/se_FI.res" 1302
"../../../Engine/Content/Internationalization/icudt64l/region/se.res" 1303
"../../../Engine/Content/Internationalization/icudt64l/lang/seh.res" 1304
"../../../Engine/Content/Internationalization/icudt64l/region/seh.res" 1305
"../../../Engine/Content/Internationalization/icudt64l/lang/ses.res" 1306
"../../../Engine/Content/Internationalization/icudt64l/region/ses.res" 1307
"../../../Engine/Content/Internationalization/icudt64l/lang/sg.res" 1308
"../../../Engine/Content/Internationalization/icudt64l/region/sg.res" 1309
"../../../Engine/Content/Internationalization/icudt64l/lang/shi.res" 1310
"../../../Engine/Content/Internationalization/icudt64l/lang/shi_Latn.res" 1311
"../../../Engine/Content/Internationalization/icudt64l/lang/shi_MA.res" 1312
"../../../Engine/Content/Internationalization/icudt64l/lang/shi_Tfng_MA.res" 1313
"../../../Engine/Content/Internationalization/icudt64l/lang/shi_Tfng.res" 1314
"../../../Engine/Content/Internationalization/icudt64l/region/shi_MA.res" 1315
"../../../Engine/Content/Internationalization/icudt64l/region/shi_Tfng_MA.res" 1316
"../../../Engine/Content/Internationalization/icudt64l/region/shi_Tfng.res" 1317
"../../../Engine/Content/Internationalization/icudt64l/region/shi.res" 1318
"../../../Engine/Content/Internationalization/icudt64l/region/shi_Latn.res" 1319
"../../../Engine/Content/Internationalization/icudt64l/lang/si.res" 1320
"../../../Engine/Content/Internationalization/icudt64l/region/si.res" 1321
"../../../Engine/Content/Internationalization/icudt64l/lang/sk.res" 1322
"../../../Engine/Content/Internationalization/icudt64l/region/sk.res" 1323
"../../../Engine/Content/Internationalization/icudt64l/lang/sl.res" 1324
"../../../Engine/Content/Internationalization/icudt64l/region/sl.res" 1325
"../../../Engine/Content/Internationalization/icudt64l/lang/smn.res" 1326
"../../../Engine/Content/Internationalization/icudt64l/region/smn.res" 1327
"../../../Engine/Content/Internationalization/icudt64l/lang/sn.res" 1328
"../../../Engine/Content/Internationalization/icudt64l/region/sn.res" 1329
"../../../Engine/Content/Internationalization/icudt64l/lang/so.res" 1330
"../../../Engine/Content/Internationalization/icudt64l/region/so.res" 1331
"../../../Engine/Content/Internationalization/icudt64l/lang/sq.res" 1332
"../../../Engine/Content/Internationalization/icudt64l/region/sq.res" 1333
"../../../Engine/Content/Internationalization/icudt64l/lang/sr.res" 1334
"../../../Engine/Content/Internationalization/icudt64l/lang/sr_Cyrl.res" 1335
"../../../Engine/Content/Internationalization/icudt64l/lang/sr_BA.res" 1336
"../../../Engine/Content/Internationalization/icudt64l/lang/sr_Cyrl_BA.res" 1337
"../../../Engine/Content/Internationalization/icudt64l/region/sr_BA.res" 1338
"../../../Engine/Content/Internationalization/icudt64l/region/sr_Cyrl_BA.res" 1339
"../../../Engine/Content/Internationalization/icudt64l/region/sr_Cyrl.res" 1340
"../../../Engine/Content/Internationalization/icudt64l/region/sr.res" 1341
"../../../Engine/Content/Internationalization/icudt64l/lang/sr_ME.res" 1342
"../../../Engine/Content/Internationalization/icudt64l/lang/sr_Latn_ME.res" 1343
"../../../Engine/Content/Internationalization/icudt64l/lang/sr_Latn.res" 1344
"../../../Engine/Content/Internationalization/icudt64l/region/sr_ME.res" 1345
"../../../Engine/Content/Internationalization/icudt64l/region/sr_Latn_ME.res" 1346
"../../../Engine/Content/Internationalization/icudt64l/region/sr_Latn.res" 1347
"../../../Engine/Content/Internationalization/icudt64l/lang/sr_Cyrl_ME.res" 1348
"../../../Engine/Content/Internationalization/icudt64l/region/sr_Cyrl_ME.res" 1349
"../../../Engine/Content/Internationalization/icudt64l/lang/sr_RS.res" 1350
"../../../Engine/Content/Internationalization/icudt64l/lang/sr_Cyrl_RS.res" 1351
"../../../Engine/Content/Internationalization/icudt64l/region/sr_RS.res" 1352
"../../../Engine/Content/Internationalization/icudt64l/region/sr_Cyrl_RS.res" 1353
"../../../Engine/Content/Internationalization/icudt64l/lang/sr_XK.res" 1354
"../../../Engine/Content/Internationalization/icudt64l/lang/sr_Cyrl_XK.res" 1355
"../../../Engine/Content/Internationalization/icudt64l/region/sr_XK.res" 1356
"../../../Engine/Content/Internationalization/icudt64l/region/sr_Cyrl_XK.res" 1357
"../../../Engine/Content/Internationalization/icudt64l/lang/sr_Latn_BA.res" 1358
"../../../Engine/Content/Internationalization/icudt64l/region/sr_Latn_BA.res" 1359
"../../../Engine/Content/Internationalization/icudt64l/lang/sr_Latn_RS.res" 1360
"../../../Engine/Content/Internationalization/icudt64l/region/sr_Latn_RS.res" 1361
"../../../Engine/Content/Internationalization/icudt64l/lang/sr_Latn_XK.res" 1362
"../../../Engine/Content/Internationalization/icudt64l/region/sr_Latn_XK.res" 1363
"../../../Engine/Content/Internationalization/icudt64l/lang/sv.res" 1364
"../../../Engine/Content/Internationalization/icudt64l/region/sv.res" 1365
"../../../Engine/Content/Internationalization/icudt64l/lang/sv_FI.res" 1366
"../../../Engine/Content/Internationalization/icudt64l/lang/sw.res" 1367
"../../../Engine/Content/Internationalization/icudt64l/lang/sw_CD.res" 1368
"../../../Engine/Content/Internationalization/icudt64l/region/sw_CD.res" 1369
"../../../Engine/Content/Internationalization/icudt64l/region/sw.res" 1370
"../../../Engine/Content/Internationalization/icudt64l/lang/sw_KE.res" 1371
"../../../Engine/Content/Internationalization/icudt64l/region/sw_KE.res" 1372
"../../../Engine/Content/Internationalization/icudt64l/lang/ta.res" 1373
"../../../Engine/Content/Internationalization/icudt64l/region/ta.res" 1374
"../../../Engine/Content/Internationalization/icudt64l/lang/te.res" 1375
"../../../Engine/Content/Internationalization/icudt64l/region/te.res" 1376
"../../../Engine/Content/Internationalization/icudt64l/lang/teo.res" 1377
"../../../Engine/Content/Internationalization/icudt64l/region/teo.res" 1378
"../../../Engine/Content/Internationalization/icudt64l/lang/tg.res" 1379
"../../../Engine/Content/Internationalization/icudt64l/region/tg.res" 1380
"../../../Engine/Content/Internationalization/icudt64l/lang/th.res" 1381
"../../../Engine/Content/Internationalization/icudt64l/lang/th_TH.res" 1382
"../../../Engine/Content/Internationalization/icudt64l/region/th_TH.res" 1383
"../../../Engine/Content/Internationalization/icudt64l/region/th.res" 1384
"../../../Engine/Content/Internationalization/icudt64l/lang/ti.res" 1385
"../../../Engine/Content/Internationalization/icudt64l/region/ti.res" 1386
"../../../Engine/Content/Internationalization/icudt64l/lang/tk.res" 1387
"../../../Engine/Content/Internationalization/icudt64l/region/tk.res" 1388
"../../../Engine/Content/Internationalization/icudt64l/lang/to.res" 1389
"../../../Engine/Content/Internationalization/icudt64l/region/to.res" 1390
"../../../Engine/Content/Internationalization/icudt64l/lang/tr.res" 1391
"../../../Engine/Content/Internationalization/icudt64l/region/tr.res" 1392
"../../../Engine/Content/Internationalization/icudt64l/lang/tt.res" 1393
"../../../Engine/Content/Internationalization/icudt64l/region/tt.res" 1394
"../../../Engine/Content/Internationalization/icudt64l/lang/twq.res" 1395
"../../../Engine/Content/Internationalization/icudt64l/region/twq.res" 1396
"../../../Engine/Content/Internationalization/icudt64l/lang/tzm.res" 1397
"../../../Engine/Content/Internationalization/icudt64l/region/tzm.res" 1398
"../../../Engine/Content/Internationalization/icudt64l/lang/ug.res" 1399
"../../../Engine/Content/Internationalization/icudt64l/region/ug.res" 1400
"../../../Engine/Content/Internationalization/icudt64l/lang/uk.res" 1401
"../../../Engine/Content/Internationalization/icudt64l/region/uk.res" 1402
"../../../Engine/Content/Internationalization/icudt64l/lang/ur.res" 1403
"../../../Engine/Content/Internationalization/icudt64l/lang/ur_IN.res" 1404
"../../../Engine/Content/Internationalization/icudt64l/region/ur_IN.res" 1405
"../../../Engine/Content/Internationalization/icudt64l/region/ur.res" 1406
"../../../Engine/Content/Internationalization/icudt64l/lang/uz.res" 1407
"../../../Engine/Content/Internationalization/icudt64l/lang/uz_Arab.res" 1408
"../../../Engine/Content/Internationalization/icudt64l/lang/uz_AF.res" 1409
"../../../Engine/Content/Internationalization/icudt64l/lang/uz_Arab_AF.res" 1410
"../../../Engine/Content/Internationalization/icudt64l/region/uz_AF.res" 1411
"../../../Engine/Content/Internationalization/icudt64l/region/uz_Arab_AF.res" 1412
"../../../Engine/Content/Internationalization/icudt64l/region/uz_Arab.res" 1413
"../../../Engine/Content/Internationalization/icudt64l/lang/uz_Cyrl.res" 1414
"../../../Engine/Content/Internationalization/icudt64l/lang/uz_UZ.res" 1415
"../../../Engine/Content/Internationalization/icudt64l/lang/uz_Latn_UZ.res" 1416
"../../../Engine/Content/Internationalization/icudt64l/lang/uz_Latn.res" 1417
"../../../Engine/Content/Internationalization/icudt64l/region/uz_UZ.res" 1418
"../../../Engine/Content/Internationalization/icudt64l/region/uz_Latn_UZ.res" 1419
"../../../Engine/Content/Internationalization/icudt64l/region/uz_Latn.res" 1420
"../../../Engine/Content/Internationalization/icudt64l/region/uz.res" 1421
"../../../Engine/Content/Internationalization/icudt64l/region/uz_Cyrl.res" 1422
"../../../Engine/Content/Internationalization/icudt64l/lang/vai.res" 1423
"../../../Engine/Content/Internationalization/icudt64l/lang/vai_Latn.res" 1424
"../../../Engine/Content/Internationalization/icudt64l/lang/vai_LR.res" 1425
"../../../Engine/Content/Internationalization/icudt64l/lang/vai_Vaii_LR.res" 1426
"../../../Engine/Content/Internationalization/icudt64l/lang/vai_Vaii.res" 1427
"../../../Engine/Content/Internationalization/icudt64l/region/vai_LR.res" 1428
"../../../Engine/Content/Internationalization/icudt64l/region/vai_Vaii_LR.res" 1429
"../../../Engine/Content/Internationalization/icudt64l/region/vai_Vaii.res" 1430
"../../../Engine/Content/Internationalization/icudt64l/region/vai.res" 1431
"../../../Engine/Content/Internationalization/icudt64l/region/vai_Latn.res" 1432
"../../../Engine/Content/Internationalization/icudt64l/lang/vi.res" 1433
"../../../Engine/Content/Internationalization/icudt64l/region/vi.res" 1434
"../../../Engine/Content/Internationalization/icudt64l/lang/vun.res" 1435
"../../../Engine/Content/Internationalization/icudt64l/region/vun.res" 1436
"../../../Engine/Content/Internationalization/icudt64l/lang/wae.res" 1437
"../../../Engine/Content/Internationalization/icudt64l/region/wae.res" 1438
"../../../Engine/Content/Internationalization/icudt64l/lang/wo.res" 1439
"../../../Engine/Content/Internationalization/icudt64l/region/wo.res" 1440
"../../../Engine/Content/Internationalization/icudt64l/lang/xh.res" 1441
"../../../Engine/Content/Internationalization/icudt64l/region/xh.res" 1442
"../../../Engine/Content/Internationalization/icudt64l/lang/xog.res" 1443
"../../../Engine/Content/Internationalization/icudt64l/region/xog.res" 1444
"../../../Engine/Content/Internationalization/icudt64l/lang/yav.res" 1445
"../../../Engine/Content/Internationalization/icudt64l/region/yav.res" 1446
"../../../Engine/Content/Internationalization/icudt64l/lang/yi.res" 1447
"../../../Engine/Content/Internationalization/icudt64l/region/yi.res" 1448
"../../../Engine/Content/Internationalization/icudt64l/lang/yo.res" 1449
"../../../Engine/Content/Internationalization/icudt64l/lang/yo_BJ.res" 1450
"../../../Engine/Content/Internationalization/icudt64l/region/yo_BJ.res" 1451
"../../../Engine/Content/Internationalization/icudt64l/region/yo.res" 1452
"../../../Engine/Content/Internationalization/icudt64l/lang/yue.res" 1453
"../../../Engine/Content/Internationalization/icudt64l/lang/yue_Hans.res" 1454
"../../../Engine/Content/Internationalization/icudt64l/lang/yue_CN.res" 1455
"../../../Engine/Content/Internationalization/icudt64l/lang/yue_Hans_CN.res" 1456
"../../../Engine/Content/Internationalization/icudt64l/region/yue_CN.res" 1457
"../../../Engine/Content/Internationalization/icudt64l/region/yue_Hans_CN.res" 1458
"../../../Engine/Content/Internationalization/icudt64l/region/yue_Hans.res" 1459
"../../../Engine/Content/Internationalization/icudt64l/lang/yue_Hant.res" 1460
"../../../Engine/Content/Internationalization/icudt64l/lang/yue_HK.res" 1461
"../../../Engine/Content/Internationalization/icudt64l/lang/yue_Hant_HK.res" 1462
"../../../Engine/Content/Internationalization/icudt64l/region/yue_HK.res" 1463
"../../../Engine/Content/Internationalization/icudt64l/region/yue_Hant_HK.res" 1464
"../../../Engine/Content/Internationalization/icudt64l/region/yue_Hant.res" 1465
"../../../Engine/Content/Internationalization/icudt64l/region/yue.res" 1466
"../../../Engine/Content/Internationalization/icudt64l/lang/zgh.res" 1467
"../../../Engine/Content/Internationalization/icudt64l/region/zgh.res" 1468
"../../../Engine/Content/Internationalization/icudt64l/lang/zh.res" 1469
"../../../Engine/Content/Internationalization/icudt64l/lang/zh_Hans.res" 1470
"../../../Engine/Content/Internationalization/icudt64l/lang/zh_CN.res" 1471
"../../../Engine/Content/Internationalization/icudt64l/lang/zh_Hans_CN.res" 1472
"../../../Engine/Content/Internationalization/icudt64l/region/zh_CN.res" 1473
"../../../Engine/Content/Internationalization/icudt64l/region/zh_Hans_CN.res" 1474
"../../../Engine/Content/Internationalization/icudt64l/region/zh_Hans.res" 1475
"../../../Engine/Content/Internationalization/icudt64l/region/zh.res" 1476
"../../../Engine/Content/Internationalization/icudt64l/lang/zh_HK.res" 1477
"../../../Engine/Content/Internationalization/icudt64l/lang/zh_Hant_HK.res" 1478
"../../../Engine/Content/Internationalization/icudt64l/lang/zh_Hant.res" 1479
"../../../Engine/Content/Internationalization/icudt64l/region/zh_HK.res" 1480
"../../../Engine/Content/Internationalization/icudt64l/region/zh_Hant_HK.res" 1481
"../../../Engine/Content/Internationalization/icudt64l/region/zh_Hant.res" 1482
"../../../Engine/Content/Internationalization/icudt64l/lang/zh_MO.res" 1483
"../../../Engine/Content/Internationalization/icudt64l/lang/zh_Hant_MO.res" 1484
"../../../Engine/Content/Internationalization/icudt64l/region/zh_MO.res" 1485
"../../../Engine/Content/Internationalization/icudt64l/region/zh_Hant_MO.res" 1486
"../../../Engine/Content/Internationalization/icudt64l/lang/zh_SG.res" 1487
"../../../Engine/Content/Internationalization/icudt64l/lang/zh_Hans_SG.res" 1488
"../../../Engine/Content/Internationalization/icudt64l/region/zh_SG.res" 1489
"../../../Engine/Content/Internationalization/icudt64l/region/zh_Hans_SG.res" 1490
"../../../Engine/Content/Internationalization/icudt64l/lang/zh_TW.res" 1491
"../../../Engine/Content/Internationalization/icudt64l/lang/zh_Hant_TW.res" 1492
"../../../Engine/Content/Internationalization/icudt64l/region/zh_TW.res" 1493
"../../../Engine/Content/Internationalization/icudt64l/region/zh_Hant_TW.res" 1494
"../../../Engine/Content/Internationalization/icudt64l/lang/zu.res" 1495
"../../../Engine/Content/Internationalization/icudt64l/region/zu.res" 1496
"../../../Engine/Content/Internationalization/icudt64l/lang/no.res" 1497
"../../../Engine/Content/Internationalization/icudt64l/lang/tl.res" 1498
"../../../Engine/Plugins/FX/Niagara/Shaders/Private/NiagaraSpriteVertexFactory.ush" 1499
"../../../Engine/Shaders/Private/VertexFactoryCommon.ush" 1500
"../../../Engine/Shaders/Private/Common.ush" 1501
"../../../Engine/Shaders/Public/Platform.ush" 1502
"../../../Engine/Shaders/Public/FP16Math.ush" 1503
"../../../Engine/Shaders/Public/Platform/D3D/D3DCommon.ush" 1504
"../../../Engine/Shaders/Public/ShaderVersion.ush" 1505
"../../../Engine/Shaders/Private/CommonViewUniformBuffer.ush" 1506
"../../../Engine/Shaders/Private/InstancedStereo.ush" 1507
"../../../Engine/Shaders/Private/Definitions.usf" 1508
"../../../Engine/Shaders/Private/FastMath.ush" 1509
"../../../Engine/Shaders/Private/Random.ush" 1510
"../../../Engine/Shaders/Private/ParticleVertexFactoryCommon.ush" 1511
"../../../Engine/Plugins/FX/Niagara/Shaders/Private/NiagaraVFParticleAccess.usf" 1512
"../../../Engine/Plugins/FX/Niagara/Shaders/Private/NiagaraRibbonVertexFactory.ush" 1513
"../../../Engine/Plugins/FX/Niagara/Shaders/Private/NiagaraMeshVertexFactory.ush" 1514
"../../../Engine/Plugins/FX/Niagara/Shaders/Private/NiagaraCommon.ush" 1515
"../../../Engine/Shaders/Private/RayTracing/RayTracingCommon.ush" 1516
"../../../Engine/Shaders/Private/ShadingCommon.ush" 1517
"../../../Engine/Shaders/Shared/RayTracingDefinitions.h" 1518
"../../../Engine/Shaders/Private/RayTracing/RayTracingHitGroupCommon.ush" 1519
"../../../Engine/Shaders/Shared/RayTracingBuiltInResources.h" 1520
"../../../Engine/Shaders/Private/VectorFieldVisualizationVertexFactory.ush" 1521
"../../../Engine/Shaders/Private/ParticleSpriteVertexFactory.ush" 1522
"../../../Engine/Shaders/Private/ParticleGPUSpriteVertexFactory.ush" 1523
"../../../Engine/Shaders/Private/ParticleBeamTrailVertexFactory.ush" 1524
"../../../Engine/Shaders/Private/MeshParticleVertexFactory.ush" 1525
"../../../Engine/Shaders/Private/LocalVertexFactory.ush" 1526
"../../../Engine/Shaders/Private/LocalVertexFactoryCommon.ush" 1527
"../../../Engine/Shaders/Private/LightmapData.ush" 1528
"../../../Engine/Shaders/Private/GpuSkinCommon.ush" 1529
"../../../Engine/Shaders/Private/GpuSkinVertexFactory.ush" 1530
"../../../Engine/Shaders/Private/GeometryCacheVertexFactory.ush" 1531
"../../../Engine/Shaders/Private/LandscapeVertexFactory.ush" 1532
"../../../Engine/Plugins/Media/WmfMedia/Shaders/Private/MediaHardwareVideoDecoding.usf" 1533
"../../../Engine/Shaders/Private/GammaCorrectionCommon.ush" 1534
"../../../Engine/Shaders/Private/ColorUtils.ush" 1535
"../../../Engine/Plugins/Media/ImgMedia/Shaders/Private/ExrSwizzler.usf" 1536
"../../../Engine/Plugins/FX/Niagara/Shaders/Private/NiagaraSortKeyGen.usf" 1537
"../../../Engine/Plugins/FX/Niagara/Shaders/Private/NiagaraGPURayTracingTransforms.usf" 1538
"../../../Engine/Plugins/FX/Niagara/Shaders/Private/NiagaraDrawIndirectArgsGen.usf" 1539
"../../../Engine/Plugins/FX/Niagara/Shaders/Private/NiagaraFillIntBuffer.usf" 1540
"../../../Engine/Plugins/FX/Niagara/Shaders/Private/NiagaraComputeFreeIDs.usf" 1541
"../../../Engine/Plugins/FX/Niagara/Shaders/Private/NiagaraInitFreeIDBuffer.usf" 1542
"../../../Engine/Plugins/FX/Niagara/Shaders/Private/NiagaraEmitterInstanceShader.usf" 1543
"../../../Engine/Plugins/FX/Niagara/Shaders/Private/NiagaraShaderVersion.ush" 1544
"../../../Engine/Shaders/Private/GlobalDistanceFieldShared.ush" 1545
"../../../Engine/Shaders/Private/SceneTexturesCommon.ush" 1546
"../../../Engine/Plugins/FX/Niagara/Shaders/Private/NiagaraPhysicsCommon.ush" 1547
"../../../Engine/Plugins/FX/Niagara/Shaders/Private/NiagaraDebugDraw.usf" 1548
"../../../Engine/Plugins/FX/Niagara/Shaders/Private/NiagaraDebugDraw.ush" 1549
"../../../Engine/Plugins/FX/Niagara/Shaders/Private/NiagaraVisualizeTexture.usf" 1550
"../../../Engine/Plugins/FX/Niagara/Shaders/Private/NiagaraBatchedElements.usf" 1551
"../../../Engine/Shaders/Private/SlateElementPixelShader.usf" 1552
"../../../Engine/Shaders/Private/SlateShaderCommon.ush" 1553
"../../../Engine/Shaders/Private/MaterialTemplate.ush" 1554
"../../../Engine/Shaders/Private/EyeAdaptationCommon.ush" 1555
"../../../Engine/Shaders/Private/SobolRandom.ush" 1556
"../../../Engine/Shaders/Private/MonteCarlo.ush" 1557
"../../../Engine/Shaders/Private/DepthOfFieldCommon.ush" 1558
"../../../Engine/Shaders/Private/CircleDOFCommon.ush" 1559
"../../../Engine/Shaders/Private/PhysicsFieldSampler.ush" 1560
"../../../Engine/Shaders/Private/PhysicsFieldShared.ush" 1561
"../../../Engine/Shaders/Private/SceneData.ush" 1562
"../../../Engine/Shaders/Private/HairShadingCommon.ush" 1563
"../../../Engine/Shaders/Private/HairStrands/HairCardsAttributeCommon.ush" 1564
"../../../Engine/Shaders/Private/HairStrands/HairStrandsVertexFactoryCommon.ush" 1565
"../../../Engine/Shaders/Private/HairStrands/HairStrandsAttributeCommon.ush" 1566
"../../../Engine/Shaders/Private/SpeedTreeCommon.ush" 1567
"../../../Engine/Shaders/Private/VirtualTextureCommon.ush" 1568
"../../../Engine/Shaders/Private/MinMaterialTexCoords.ush" 1569
"../../../Engine/Shaders/Private/AtmosphereCommon.ush" 1570
"../../../Engine/Shaders/Private/SkyAtmosphereCommon.ush" 1571
"../../../Engine/Shaders/Private/SingleLayerWaterCommon.ush" 1572
"../../../Engine/Shaders/Private/PaniniProjection.ush" 1573
"../../../Engine/Shaders/Private/DeferredShadingCommon.ush" 1574
"../../../Engine/Shaders/Private/LightAccumulator.ush" 1575
"../../../Engine/Shaders/Private/CompositeUIPixelShader.usf" 1576
"../../../Engine/Shaders/Private/TonemapCommon.ush" 1577
"../../../Engine/Shaders/Private/ACES.ush" 1578
"../../../Engine/Shaders/Private/SlateMaskingShader.usf" 1579
"../../../Engine/Shaders/Private/SlatePostProcessColorDeficiencyPixelShader.usf" 1580
"../../../Engine/Shaders/Private/ColorSpace.ush" 1581
"../../../Engine/Shaders/Private/SlatePostProcessPixelShader.usf" 1582
"../../../Engine/Shaders/Private/SlateVertexShader.usf" 1583
"../../../Engine/Shaders/Private/TranslucentLightingShaders.usf" 1584
"../../../Engine/Shaders/Private/SHCommon.ush" 1585
"../../../Engine/Shaders/Private/ShadowProjectionCommon.ush" 1586
"../../../Engine/Shaders/Private/CubemapCommon.ush" 1587
"../../../Engine/Shaders/Private/VectorFieldCompositeShaders.usf" 1588
"../../../Engine/Shaders/Private/UpdateTextureShaders.usf" 1589
"../../../Engine/Shaders/Private/StereoLayerShader.usf" 1590
"../../../Engine/Shaders/Private/MorphTargets.usf" 1591
"../../../Engine/Shaders/Private/SimpleElementColorChannelMaskPixelShader.usf" 1592
"../../../Engine/Shaders/Private/SimpleElementHitProxyPixelShader.usf" 1593
"../../../Engine/Shaders/Private/SimpleElementPixelShader.usf" 1594
"../../../Engine/Shaders/Private/IESLightProfilesCommon.ush" 1595
"../../../Engine/Shaders/Private/SimpleElementVertexShader.usf" 1596
"../../../Engine/Shaders/Private/ScreenPixelShaderOES.usf" 1597
"../../../Engine/Shaders/Private/ScreenVertexShader.usf" 1598
"../../../Engine/Shaders/Private/ScreenPixelShader.usf" 1599
"../../../Engine/Shaders/Private/VolumetricLightmapStreaming.usf" 1600
"../../../Engine/Shaders/Private/PhysicsFieldReset.usf" 1601
"../../../Engine/Shaders/Private/PhysicsFieldBuilder.usf" 1602
"../../../Engine/Shaders/Private/ParticleSortKeyGen.usf" 1603
"../../../Engine/Shaders/Private/ParticleBoundsShader.usf" 1604
"../../../Engine/Shaders/Private/ParticleSimVisualizeShader.usf" 1605
"../../../Engine/Shaders/Private/ParticleInjectionShader.usf" 1606
"../../../Engine/Shaders/Private/ParticleSimulationShader.usf" 1607
"../../../Engine/Shaders/Private/ParticleCurveInjectionShader.usf" 1608
"../../../Engine/Shaders/Private/CopyUIntBuffer.usf" 1609
"../../../Engine/Shaders/Private/RadixSortShaders.usf" 1610
"../../../Engine/Shaders/Private/RecomputeTangentsPerVertexPass.usf" 1611
"../../../Engine/Shaders/Private/RecomputeTangentsCommon.ush" 1612
"../../../Engine/Shaders/Private/RecomputeTangentsPerTrianglePass.usf" 1613
"../../../Engine/Shaders/Private/GpuSkinCacheComputeShader.usf" 1614
"../../../Engine/Shaders/Private/DistanceFieldDownsampling.usf" 1615
"../../../Engine/Shaders/Private/HeightFieldAtlasManagement.usf" 1616
"../../../Engine/Shaders/Private/LandscapePhysicalMaterial.usf" 1617
"../../../Engine/Shaders/Private/LandscapeGrassWeight.usf" 1618
"../../../Engine/Shaders/Private/LandscapeLayersCS.usf" 1619
"../../../Engine/Shaders/Private/LandscapeLayersPS.usf" 1620
"../../../Engine/Shaders/Private/LandscapeLayersVS.usf" 1621
"../../../Engine/Shaders/Private/WideCustomResolveShaders.usf" 1622
"../../../Engine/Shaders/Private/WideCustomResolve_Wide.ush" 1623
"../../../Engine/Shaders/Private/WideCustomResolve_Wider.ush" 1624
"../../../Engine/Shaders/Private/WideCustomResolve_Widest.ush" 1625
"../../../Engine/Shaders/Private/PageTableUpdate.usf" 1626
"../../../Engine/Shaders/Private/VirtualTextureCompress.usf" 1627
"../../../Engine/Shaders/Private/BCCompressionCommon.ush" 1628
"../../../Engine/Shaders/Private/ETCCompressionCommon.ush" 1629
"../../../Engine/Shaders/Private/VirtualTextureMaterial.usf" 1630
"../../../Engine/Shaders/Private/PixelShaderOutputCommon.ush" 1631
"../../../Engine/Shaders/Private/VolumetricRenderTarget.usf" 1632
"../../../Engine/Shaders/Private/SceneTextureParameters.ush" 1633
"../../../Engine/Shaders/Private/VolumetricFogVoxelization.usf" 1634
"../../../Engine/Shaders/Private/VolumetricCloudMaterialPixelCommon.ush" 1635
"../../../Engine/Shaders/Private/VolumetricFogLightFunction.usf" 1636
"../../../Engine/Shaders/Private/LightFunctionCommon.ush" 1637
"../../../Engine/Shaders/Private/VolumetricFog.usf" 1638
"../../../Engine/Shaders/Private/DeferredLightingCommon.ush" 1639
"../../../Engine/Shaders/Private/DynamicLightingCommon.ush" 1640
"../../../Engine/Shaders/Private/CapsuleLightIntegrate.ush" 1641
"../../../Engine/Shaders/Private/ShadingModels.ush" 1642
"../../../Engine/Shaders/Private/BRDF.ush" 1643
"../../../Engine/Shaders/Private/CapsuleLight.ush" 1644
"../../../Engine/Shaders/Private/RectLight.ush" 1645
"../../../Engine/Shaders/Private/TransmissionCommon.ush" 1646
"../../../Engine/Shaders/Private/SubsurfaceProfileCommon.ush" 1647
"../../../Engine/Shaders/Private/BurleyNormalizedSSSCommon.ush" 1648
"../../../Engine/Shaders/Private/HairBsdf.ush" 1649
"../../../Engine/Shaders/Private/CapsuleLightSampling.ush" 1650
"../../../Engine/Shaders/Private/RectLightIntegrate.ush" 1651
"../../../Engine/Shaders/Private/LightGridCommon.ush" 1652
"../../../Engine/Shaders/Private/HeightFogCommon.ush" 1653
"../../../Engine/Shaders/Private/DistanceFieldAOShared.ush" 1654
"../../../Engine/Shaders/Private/VolumeLightingCommon.ush" 1655
"../../../Engine/Shaders/Private/ShadowFilteringCommon.ush" 1656
"../../../Engine/Shaders/Private/PixelQuadMessagePassing.ush" 1657
"../../../Engine/Shaders/Private/VolumeLightingCommonSampling.ush" 1658
"../../../Engine/Shaders/Private/VolumetricLightmapShared.ush" 1659
"../../../Engine/Shaders/Private/ForwardShadowingCommon.ush" 1660
"../../../Engine/Shaders/Private/ParticipatingMediaCommon.ush" 1661
"../../../Engine/Shaders/Private/VolumetricCloudCommon.ush" 1662
"../../../Engine/Shaders/Private/VolumetricCloud.usf" 1663
"../../../Engine/Shaders/Private/ReflectionEnvironmentShared.ush" 1664
"../../../Engine/Shaders/Private/ShaderDrawDebug.ush" 1665
"../../../Engine/Shaders/Private/VisualizeVolumetricLightmap.usf" 1666
"../../../Engine/Shaders/Private/ViewMode/LODColorationPixelShader.usf" 1667
"../../../Engine/Shaders/Private/DebugViewModeCommon.ush" 1668
"../../../Engine/Shaders/Private/VelocityShader.usf" 1669
"../../../Engine/Shaders/Private/VelocityCommon.ush" 1670
"../../../Engine/Shaders/Private/Tessellation.ush" 1671
"../../../Engine/Shaders/Private/FlatTessellation.ush" 1672
"../../../Engine/Shaders/Private/PNTriangles.ush" 1673
"../../../Engine/Shaders/Private/VariableRateShading.usf" 1674
"../../../Engine/Shaders/Private/TranslucencyUpsampling.usf" 1675
"../../../Engine/Shaders/Private/SeparateTranslucency.ush" 1676
"../../../Engine/Shaders/Private/TranslucentLightInjectionShaders.usf" 1677
"../../../Engine/Shaders/Private/TranslucentShadowDepthShaders.usf" 1678
"../../../Engine/Shaders/Private/ShadowDepthCommon.ush" 1679
"../../../Engine/Shaders/Private/TiledDeferredLightShaders.usf" 1680
"../../../Engine/Shaders/Private/RayTracing/RayTracingTest.usf" 1681
"../../../Engine/Shaders/Private/SkyAtmosphere.usf" 1682
"../../../Engine/Shaders/Private/MiniFontCommon.ush" 1683
"../../../Engine/Shaders/Private/SingleLayerWaterComposite.usf" 1684
"../../../Engine/Shaders/Private/ReflectionEnvironmentComposite.ush" 1685
"../../../Engine/Shaders/Private/ShadowProjectionPixelShader.usf" 1686
"../../../Engine/Shaders/Private/ShadowPercentageCloserFiltering.ush" 1687
"../../../Engine/Shaders/Private/TransmissionThickness.ush" 1688
"../../../Engine/Shaders/Private/HairStrands/HairStrandsVisibilityCommon.ush" 1689
"../../../Engine/Shaders/Private/HairStrands/HairStrandsVisibilityCommonStruct.ush" 1690
"../../../Engine/Shaders/Private/ShadowProjectionVertexShader.usf" 1691
"../../../Engine/Shaders/Private/CopyShadowMaps.usf" 1692
"../../../Engine/Shaders/Private/ShadowDepthPixelShader.usf" 1693
"../../../Engine/Shaders/Private/LPVListEntry.ush" 1694
"../../../Engine/Shaders/Private/LPVWriteVplCommon.ush" 1695
"../../../Engine/Shaders/Private/LPVWriteCommon.ush" 1696
"../../../Engine/Shaders/Private/LPVCommon.ush" 1697
"../../../Engine/Shaders/Private/ShadowDepthVertexShader.usf" 1698
"../../../Engine/Shaders/Private/ShaderPrintDraw.usf" 1699
"../../../Engine/Shaders/Private/ShaderPrintCommon.ush" 1700
"../../../Engine/Shaders/Private/ShaderComplexityAccumulatePixelShader.usf" 1701
"../../../Engine/Shaders/Private/QuadOverdraw.ush" 1702
"../../../Engine/Shaders/Private/SSRT/SSRTDiffuseIndirect.usf" 1703
"../../../Engine/Shaders/Private/SSRT/SSRTRayCast.ush" 1704
"../../../Engine/Shaders/Private/SSRT/SSRTTileClassificationBuffer.ush" 1705
"../../../Engine/Shaders/Private/SSRT/SSRTReflections.usf" 1706
"../../../Engine/Shaders/Private/ScreenSpaceDenoise/SSDPublic.ush" 1707
"../../../Engine/Shaders/Private/SSRT/SSRTTileClassification.usf" 1708
"../../../Engine/Shaders/Private/SSRT/SSRTPrevFrameReduction.usf" 1709
"../../../Engine/Shaders/Private/ScreenSpaceDenoise/SSDComposeHarmonics.usf" 1710
"../../../Engine/Shaders/Private/ScreenSpaceDenoise/SSDDefinitions.ush" 1711
"../../../Engine/Shaders/Private/ScreenSpaceDenoise/SSDPublicHarmonics.ush" 1712
"../../../Engine/Shaders/Private/LightShaderParameters.ush" 1713
"../../../Engine/Shaders/Private/ScreenSpaceDenoise/SSDSignalFramework.ush" 1714
"../../../Engine/Shaders/Private/ScreenSpaceDenoise/SSDCommon.ush" 1715
"../../../Engine/Shaders/Private/SphericalGaussian.ush" 1716
"../../../Engine/Shaders/Public/WaveBroadcastIntrinsics.ush" 1717
"../../../Engine/Shaders/Private/ScreenSpaceDenoise/SSDMetadata.ush" 1718
"../../../Engine/Shaders/Private/ScreenSpaceDenoise/SSDSignalCore.ush" 1719
"../../../Engine/Shaders/Private/QuasiRandom.ush" 1720
"../../../Engine/Shaders/Private/BlueNoise.ush" 1721
"../../../Engine/Shaders/Private/Halton.ush" 1722
"../../../Engine/Shaders/Private/MortonCode.ush" 1723
"../../../Engine/Shaders/Private/ScreenSpaceDenoise/SSDSignalArray.ush" 1724
"../../../Engine/Shaders/Private/ScreenSpaceDenoise/SSDSignalBufferEncoding.ush" 1725
"../../../Engine/Shaders/Private/ScreenSpaceDenoise/SSDPublicBufferEncoding.ush" 1726
"../../../Engine/Shaders/Private/ScreenSpaceDenoise/SSDTemporalAccumulation.usf" 1727
"../../../Engine/Shaders/Private/ScreenSpaceDenoise/SSDSpatialKernel.ush" 1728
"../../../Engine/Shaders/Private/ScreenSpaceDenoise/SSDSignalAccumulatorArray.ush" 1729
"../../../Engine/Shaders/Private/ScreenSpaceDenoise/SSDSignalAccumulator.ush" 1730
"../../../Engine/Shaders/Private/ScreenSpaceDenoise/SSDSignalCompression.ush" 1731
"../../../Engine/Shaders/Private/TextureSampling.ush" 1732
"../../../Engine/Shaders/Private/ScreenSpaceDenoise/SSDSpatialAccumulation.usf" 1733
"../../../Engine/Shaders/Private/ScreenSpaceDenoise/SSDInjest.usf" 1734
"../../../Engine/Shaders/Private/ScreenSpaceDenoise/SSDCompressMetadata.usf" 1735
"../../../Engine/Shaders/Private/DownsampleDepthPixelShader.usf" 1736
"../../../Engine/Shaders/Private/ScreenPass.usf" 1737
"../../../Engine/Shaders/Private/HZB.usf" 1738
"../../../Engine/Shaders/Private/ReductionCommon.ush" 1739
"../../../Engine/Shaders/Private/HZBOcclusion.usf" 1740
"../../../Engine/Shaders/Private/OcclusionQueryPixelShader.usf" 1741
"../../../Engine/Shaders/Private/OcclusionQueryVertexShader.usf" 1742
"../../../Engine/Shaders/Private/HitProxyPixelShader.usf" 1743
"../../../Engine/Shaders/Private/HitProxyVertexShader.usf" 1744
"../../../Engine/Shaders/Private/ODSCapture.usf" 1745
"../../../Engine/Shaders/Private/SceneCapturePixelShader.usf" 1746
"../../../Engine/Shaders/Private/RequiredTextureResolutionPixelShader.usf" 1747
"../../../Engine/Shaders/Private/RTWriteMaskDecode.usf" 1748
"../../../Engine/Shaders/Private/ReflectionEnvironmentShaders.usf" 1749
"../../../Engine/Shaders/Private/SkyLightingShared.ush" 1750
"../../../Engine/Shaders/Private/RayTracing/VisualizeSkyLightMipTreePS.usf" 1751
"../../../Engine/Shaders/Private/RayTracing/MipTreeCommon.ush" 1752
"../../../Engine/Shaders/Private/RayTracing/CompositeSkyLightPS.usf" 1753
"../../../Engine/Shaders/Private/RayTracing/GenerateSkyLightVisibilityRaysCS.usf" 1754
"../../../Engine/Shaders/Private/RayTracing/RayTracingSkyLightCommon.ush" 1755
"../../../Engine/Shaders/Private/RayTracing/SkyLightVisibilityRaysData.ush" 1756
"../../../Engine/Shaders/Private/PathTracing/Utilities/PathTracingRandomSequence.ush" 1757
"../../../Engine/Shaders/Private/Raytracing/RaytracingSkylightRGS.usf" 1758
"../../../Engine/Shaders/Private/HairStrands/HairStrandsVoxelPageCommonStruct.ush" 1759
"../../../Engine/Shaders/Private/HairStrands/HairStrandsRaytracing.ush" 1760
"../../../Engine/Shaders/Private/HairStrands/HairStrandsVoxelPageCommon.ush" 1761
"../../../Engine/Shaders/Private/HairStrands/HairStrandsVoxelPageTraversal.ush" 1762
"../../../Engine/Shaders/Private/Raytracing/RayTracingSkyLightEvaluation.ush" 1763
"../../../Engine/Shaders/Private/Raytracing/RayTracingDeferredShadingCommon.ush" 1764
"../../../Engine/Shaders/Private/RayTracing/RayTracingOcclusionRGS.usf" 1765
"../../../Engine/Shaders/Private/RayTracing/RayTracingDirectionalLight.ush" 1766
"../../../Engine/Shaders/Private/RayTracing/RayTracingRectLight.ush" 1767
"../../../Engine/Shaders/Private/RayTracing/RayTracingSphereLight.ush" 1768
"../../../Engine/Shaders/Private/RayTracing/RayTracingSpotLight.ush" 1769
"../../../Engine/Shaders/Private/RayTracing/RayTracingDiskLight.ush" 1770
"../../../Engine/Shaders/Private/RayTracing/RayTracingPointLight.ush" 1771
"../../../Engine/Shaders/Private/RayTracing/SplitImaginaryReflectionGBufferCS.usf" 1772
"../../../Engine/Shaders/Private/RayTracing/RayTracingReflectionsCommon.ush" 1773
"../../../Engine/Shaders/Private/RayTracing/RayTracingReflections.usf" 1774
"../../../Engine/Shaders/Private/RayTracing/RayTracingLightingCommon.ush" 1775
"../../../Engine/Shaders/Private/RayTracing/RayTracingLightCullingCommon.ush" 1776
"../../../Engine/Shaders/Private/RayTracing/RayTracingReflectionEnvironment.ush" 1777
"../../../Engine/Shaders/Private/RayTracing/RayTracingPrimaryRays.usf" 1778
"../../../Engine/Shaders/Private/RayTracing/RayTracingMaterialDefaultHitShaders.usf" 1779
"../../../Engine/Shaders/Private/RayTracing/RayTracingMaterialHitShaders.usf" 1780
"../../../Engine/Shaders/Private/LightmapCommon.ush" 1781
"../../../Engine/Shaders/Private/PathTracing/Material/PathTracingFresnel.ush" 1782
"../../../Engine/Shaders/Private/PathTracing/Material/PathTracingThinGlass.ush" 1783
"../../../Engine/Shaders/Private/PathTracing/Material/PathTracingMaterialCommon.ush" 1784
"../../../Engine/Shaders/Private/PathTracing/PathTracingCommon.ush" 1785
"../../../Engine/Shaders/Private/PathTracing/PathTracingDefinitions.ush" 1786
"../../../Engine/Shaders/Private/PathTracing/Material/PathTracingGlossy.ush" 1787
"../../../Engine/Shaders/Private/RayTracing/RayTracingLightingMS.usf" 1788
"../../../Engine/Shaders/Private/RayTracing/GenerateCulledLightListCS.usf" 1789
"../../../Engine/Shaders/Private/RayTracing/RayTracingFinalGatherRGS.usf" 1790
"../../../Engine/Shaders/Private/RayTracing/RayTracingGatherPoints.ush" 1791
"../../../Engine/Shaders/Private/PathTracing/Light/PathTracingLightSampling.ush" 1792
"../../../Engine/Shaders/Private/PathTracing/Light/PathTracingLightCommon.ush" 1793
"../../../Engine/Shaders/Shared/RayTracingTypes.h" 1794
"../../../Engine/Shaders/Shared/PathTracingDefinitions.h" 1795
"../../../Engine/Shaders/Private/PathTracing/Light/PathTracingDirectionalLight.ush" 1796
"../../../Engine/Shaders/Private/PathTracing/Light/PathTracingPointLight.ush" 1797
"../../../Engine/Shaders/Private/PathTracing/Light/PathTracingCapsuleLight.ush" 1798
"../../../Engine/Shaders/Private/PathTracing/Light/PathTracingRectLight.ush" 1799
"../../../Engine/Shaders/Private/PathTracing/Light/PathTracingSkyLight.ush" 1800
"../../../Engine/Shaders/Private/PathTracing/Light/PathTracingSpotLight.ush" 1801
"../../../Engine/Shaders/Private/PathTracing/Material/PathTracingMaterialSampling.ush" 1802
"../../../Engine/Shaders/Private/PathTracing/Material/PathTracingLambert.ush" 1803
"../../../Engine/Shaders/Private/PathTracing/Material/PathTracingRadianceProbe.ush" 1804
"../../../Engine/Shaders/Private/PathTracing/Material/FirstBounceRayGuidingCommon.ush" 1805
"../../../Engine/Shaders/Private/PathTracing/Material/PathTracingSpecularReflection.ush" 1806
"../../../Engine/Shaders/Private/PathTracing/Material/PathTracingSpecularTransmission.ush" 1807
"../../../Engine/Shaders/Private/PathTracing/Material/PathTracingSolidGlass.ush" 1808
"../../../Engine/Shaders/Private/PathTracing/Material/PathTracingDefaultLit.ush" 1809
"../../../Engine/Shaders/Private/PathTracing/Material/PathTracingClearCoat.ush" 1810
"../../../Engine/Shaders/Private/PathTracing/Material/PathTracingTwoSidedFoliage.ush" 1811
"../../../Engine/Shaders/Private/PathTracing/Material/PathTracingCloth.ush" 1812
"../../../Engine/Shaders/Private/PathTracing/Material/PathTracingSubsurfaceProfile.ush" 1813
"../../../Engine/Shaders/Private/RayTracing/RayTracingCreateGatherPointsRGS.usf" 1814
"../../../Engine/Shaders/Private/RayTracing/RayTracingGlobalIlluminationRGS.usf" 1815
"../../../Engine/Shaders/Private/RayTracing/RayTracingDynamicMesh.usf" 1816
"../../../Engine/Shaders/Private/RayTracing/RayTracingDeferredReflections.usf" 1817
"../../../Engine/Shaders/Private/RayTracing/RayTracingDeferredMaterials.ush" 1818
"../../../Engine/Shaders/Shared/ThirdParty/AMD/ags_shader_intrinsics_dx12.h" 1819
"../../../Engine/Shaders/Private/RayTracing/RayTracingDeferredReflections.ush" 1820
"../../../Engine/Shaders/Private/RayTracing/RayTracingReflectionResolve.usf" 1821
"../../../Engine/Shaders/Private/RayTracing/RayTracingReflectionsGenerateRaysCS.usf" 1822
"../../../Engine/Shaders/Private/RayTracing/MaterialSort.usf" 1823
"../../../Engine/Shaders/Private/RayTracing/RayTracingDeferredMaterials.usf" 1824
"../../../Engine/Shaders/Private/RayTracing/RayTracingDebug.usf" 1825
"../../../Engine/Shaders/Shared/RayTracingDebugDefinitions.h" 1826
"../../../Engine/Shaders/Private/RayTracing/RayTracingBarycentrics.usf" 1827
"../../../Engine/Shaders/Private/RayTracing/RayTracingAmbientOcclusionRGS.usf" 1828
"../../../Engine/Shaders/Private/PrimitiveDistanceAccuracyPixelShader.usf" 1829
"../../../Engine/Shaders/Private/VisualizeShadingModels.usf" 1830
"../../../Engine/Shaders/Private/PostProcessCommon.ush" 1831
"../../../Engine/Shaders/Private/TemporalAA/TAAUpdateHistory.usf" 1832
"../../../Engine/Shaders/Private/TemporalAA/TAACommon.ush" 1833
"../../../Engine/Shaders/Private/TemporalAA/TAADilateRejection.usf" 1834
"../../../Engine/Shaders/Private/TemporalAA/TAACompareHistory.usf" 1835
"../../../Engine/Shaders/Private/TemporalAA/TAAFilterFrequencies.usf" 1836
"../../../Engine/Shaders/Private/TemporalAA/TAADecimateHistory.usf" 1837
"../../../Engine/Shaders/Private/TemporalAA/TAADilateVelocity.usf" 1838
"../../../Engine/Shaders/Private/TemporalAA/TAAClearPrevTextures.usf" 1839
"../../../Engine/Shaders/Private/TemporalAA/TAAStandalone.usf" 1840
"../../../Engine/Shaders/Private/FilterPixelShader.usf" 1841
"../../../Engine/Shaders/Private/ScreenPass.ush" 1842
"../../../Engine/Shaders/Private/FilterVertexShader.usf" 1843
"../../../Engine/Shaders/Private/PostProcessVisualizeHDR.usf" 1844
"../../../Engine/Shaders/Private/PostProcessHistogramCommon.ush" 1845
"../../../Engine/Shaders/Private/ShaderComplexityApplyPixelShader.usf" 1846
"../../../Engine/Shaders/Private/PostProcessVisualizeBuffer.usf" 1847
"../../../Engine/Shaders/Private/PostProcessUpscale.usf" 1848
"../../../Engine/Shaders/Private/PostProcessTonemap.usf" 1849
"../../../Engine/Shaders/Private/PostProcessTestImage.usf" 1850
"../../../Engine/Shaders/Private/PostProcessSubsurface.usf" 1851
"../../../Engine/Shaders/Private/SeparableSSS.ush" 1852
"../../../Engine/Shaders/Private/SubsurfaceBurleyNormalized.ush" 1853
"../../../Engine/Shaders/Private/PostProcessSelectionOutline.usf" 1854
"../../../Engine/Shaders/Private/PostProcessPixelProjectedReflectionMobile.usf" 1855
"../../../Engine/Shaders/Private/PostProcessNoiseBlur.usf" 1856
"../../../Engine/Shaders/Private/PostProcessMotionBlur.usf" 1857
"../../../Engine/Shaders/Private/PostProcessVelocityFlatten.usf" 1858
"../../../Engine/Shaders/Private/PostProcessMobile.usf" 1859
"../../../Engine/Shaders/Private/PostProcessMitchellNetravali.usf" 1860
"../../../Engine/Shaders/Private/PostProcessMaterialShaders.usf" 1861
"../../../Engine/Shaders/Private/PostProcessLensFlares.usf" 1862
"../../../Engine/Shaders/Private/ComposeSeparateTranslucency.usf" 1863
"../../../Engine/Shaders/Private/PostProcessHMD.usf" 1864
"../../../Engine/Shaders/Private/PostProcessHistogramReduce.usf" 1865
"../../../Engine/Shaders/Private/PostProcessHistogram.usf" 1866
"../../../Engine/Shaders/Private/PostProcessGBufferHints.usf" 1867
"../../../Engine/Shaders/Private/PostProcessFFTBloom.usf" 1868
"../../../Engine/Shaders/Private/PostProcessEyeAdaptation.usf" 1869
"../../../Engine/Shaders/Private/PostProcessDownsample.usf" 1870
"../../../Engine/Shaders/Private/PostProcessDOF.usf" 1871
"../../../Engine/Shaders/Private/PostProcessDeviceEncodingOnly.usf" 1872
"../../../Engine/Shaders/Private/PostProcessCompositeEditorPrimitives.usf" 1873
"../../../Engine/Shaders/Private/PostProcessCombineLUTs.usf" 1874
"../../../Engine/Shaders/Private/PostProcessVisualizeDOF.usf" 1875
"../../../Engine/Shaders/Private/PostProcessBloom.usf" 1876
"../../../Engine/Shaders/Private/PostProcessAmbientOcclusionMobile.usf" 1877
"../../../Engine/Shaders/Private/PostProcessAmbientOcclusionCommon.ush" 1878
"../../../Engine/Shaders/Private/FXAAShader.usf" 1879
"../../../Engine/Shaders/Private/Fxaa3_11.ush" 1880
"../../../Engine/Shaders/Private/DiaphragmDOF/DOFRecombine.usf" 1881
"../../../Engine/Shaders/Private/DiaphragmDOF/DOFCommon.ush" 1882
"../../../Engine/Shaders/Private/DiaphragmDOF/DOFHybridScatterPixelShader.usf" 1883
"../../../Engine/Shaders/Private/DiaphragmDOF/DOFHybridScatterCommon.ush" 1884
"../../../Engine/Shaders/Private/DiaphragmDOF/DOFHybridScatterVertexShader.usf" 1885
"../../../Engine/Shaders/Private/DiaphragmDOF/DOFPostfiltering.usf" 1886
"../../../Engine/Shaders/Private/DiaphragmDOF/DOFGatherTileSuggest.ush" 1887
"../../../Engine/Shaders/Private/DiaphragmDOF/DOFCocTileCommon.ush" 1888
"../../../Engine/Shaders/Private/DiaphragmDOF/DOFGatherPass.usf" 1889
"../../../Engine/Shaders/Private/DiaphragmDOF/DOFGatherCommon.ush" 1890
"../../../Engine/Shaders/Private/DiaphragmDOF/DOFGatherAccumulator.ush" 1891
"../../../Engine/Shaders/Private/DiaphragmDOF/DOFGatherKernel.ush" 1892
"../../../Engine/Shaders/Private/DiaphragmDOF/DOFBokehLUT.usf" 1893
"../../../Engine/Shaders/Private/DiaphragmDOF/DOFHybridScatterCompilation.usf" 1894
"../../../Engine/Shaders/Private/DiaphragmDOF/DOFReduce.usf" 1895
"../../../Engine/Shaders/Private/DiaphragmDOF/DOFDownsample.ush" 1896
"../../../Engine/Shaders/Private/DiaphragmDOF/DOFHybridScatterCompilation.ush" 1897
"../../../Engine/Shaders/Private/DiaphragmDOF/DOFDownsample.usf" 1898
"../../../Engine/Shaders/Private/DiaphragmDOF/DOFCocTileDilate.usf" 1899
"../../../Engine/Shaders/Private/DiaphragmDOF/DOFCocTileFlatten.usf" 1900
"../../../Engine/Shaders/Private/DiaphragmDOF/DOFSetup.usf" 1901
"../../../Engine/Shaders/Private/PlanarReflectionShaders.usf" 1902
"../../../Engine/Shaders/Private/PlanarReflectionShared.ush" 1903
"../../../Engine/Shaders/Private/PathTracing/PathTracingCompositingPixelShader.usf" 1904
"../../../Engine/Shaders/Private/PathTracing/PathTracingIESAtlas.usf" 1905
"../../../Engine/Shaders/Private/PathTracing/PathTracing.usf" 1906
"../../../Engine/Shaders/Private/PathTracing/Light/PathTracingLightGrid.ush" 1907
"../../../Engine/Shaders/Private/PathTracing/PathTracingCamera.ush" 1908
"../../../Engine/Shaders/Private/PathTracing/Sensor/PathTracingPinholeCamera.ush" 1909
"../../../Engine/Shaders/Private/PathTracing/PathTracingBuildLightGrid.usf" 1910
"../../../Engine/Shaders/Private/PathTracing/PathTracingSkylightMISCompensation.usf" 1911
"../../../Engine/Shaders/Private/PathTracing/PathTracingSkylightPrepare.usf" 1912
"../../../Engine/Shaders/Private/MobileSceneCapture.usf" 1913
"../../../Engine/Shaders/Private/DistortApplyScreenPS.usf" 1914
"../../../Engine/Shaders/Private/MobileDeferredShading.usf" 1915
"../../../Engine/Shaders/Private/MobileShadingModels.ush" 1916
"../../../Engine/Shaders/Private/MobileGGX.ush" 1917
"../../../Engine/Shaders/Private/MobileBasePassPixelShader.usf" 1918
"../../../Engine/Shaders/Private/MobileBasePassCommon.ush" 1919
"../../../Engine/Shaders/Private/SingleLayerWaterShading.ush" 1920
"../../../Engine/Shaders/Private/DistortionCommon.ush" 1921
"../../../Engine/Shaders/Private/MobileBasePassVertexShader.usf" 1922
"../../../Engine/Shaders/Private/MeshTexCoordSizeAccuracyPixelShader.usf" 1923
"../../../Engine/Shaders/Private/MaterialTexCoordScalesPixelShader.usf" 1924
"../../../Engine/Shaders/Private/LightShaftShader.usf" 1925
"../../../Engine/Shaders/Private/StationaryLightOverlapShaders.usf" 1926
"../../../Engine/Shaders/Private/DeferredLightPixelShaders.usf" 1927
"../../../Engine/Shaders/Private/HairStrands/HairStrandsCommon.ush" 1928
"../../../Engine/Shaders/Private/HairStrands/HairStrandsDeepTransmittanceCommon.ush" 1929
"../../../Engine/Shaders/Private/HairStrands/HairStrandsDeepTransmittanceDualScattering.ush" 1930
"../../../Engine/Shaders/Private/DeferredLightVertexShaders.usf" 1931
"../../../Engine/Shaders/Private/LPVVisualise.usf" 1932
"../../../Engine/Shaders/Private/LPVGeometryVolumeCommon.ush" 1933
"../../../Engine/Shaders/Private/LPVDirectLightInject.usf" 1934
"../../../Engine/Shaders/Private/LPVPropagate.usf" 1935
"../../../Engine/Shaders/Private/LPVPacking.ush" 1936
"../../../Engine/Shaders/Private/LPVBuildGeometryVolume.usf" 1937
"../../../Engine/Shaders/Private/LPVDirectionalOcclusion.usf" 1938
"../../../Engine/Shaders/Private/LPVInject_AccumulateVplLists.usf" 1939
"../../../Engine/Shaders/Private/LPVInject_GenerateVplLists.usf" 1940
"../../../Engine/Shaders/Private/LPVClearLists.usf" 1941
"../../../Engine/Shaders/Private/LPVClear.usf" 1942
"../../../Engine/Shaders/Private/LightMapDensityShader.usf" 1943
"../../../Engine/Shaders/Private/LightGridInjection.usf" 1944
"../../../Engine/Shaders/Private/LightFunctionPixelShader.usf" 1945
"../../../Engine/Shaders/Private/LightFunctionVertexShader.usf" 1946
"../../../Engine/Shaders/Private/ReflectionEnvironmentPixelShader.usf" 1947
"../../../Engine/Shaders/Private/AmbientCubemapComposite.usf" 1948
"../../../Engine/Shaders/Private/DiffuseIndirectComposite.usf" 1949
"../../../Engine/Shaders/Private/HeightfieldLighting.usf" 1950
"../../../Engine/Shaders/Private/DistanceFieldLightingShared.ush" 1951
"../../../Engine/Shaders/Private/DistanceFieldShadowingShared.ush" 1952
"../../../Engine/Shaders/Private/HeightfieldLightingShared.ush" 1953
"../../../Engine/Shaders/Private/HdrCustomResolveShaders.usf" 1954
"../../../Engine/Shaders/Private/HairStrands/HairStrandsVoxelMip.usf" 1955
"../../../Engine/Shaders/Private/HairStrands/HairStrandsVoxelRasterCompute.usf" 1956
"../../../Engine/Shaders/Private/HairStrands/HairStrandsVoxelPageAllocation.usf" 1957
"../../../Engine/Shaders/Private/Matrices.ush" 1958
"../../../Engine/Shaders/Private/HairStrands/HairStrandsAABBCommon.ush" 1959
"../../../Engine/Shaders/Private/HairStrands/HairStrandsVoxelOpaque.usf" 1960
"../../../Engine/Shaders/Private/HairStrands/HairStrandsVisibilityRasterCompute.usf" 1961
"../../../Engine/Shaders/Shared/ThirdParty/NVIDIA/nvHLSLExtns.h" 1962
"../../../Engine/Shaders/Shared/ThirdParty/NVIDIA/nvHLSLExtnsInternal.h" 1963
"../../../Engine/Shaders/Shared/ThirdParty/NVIDIA/nvShaderExtnEnums.h" 1964
"../../../Engine/Shaders/Shared/ThirdParty/AMD/ags_shader_intrinsics_dx11.h" 1965
"../../../Engine/Shaders/Private/HairStrands/HairStrandsCoverage.usf" 1966
"../../../Engine/Shaders/Private/HairStrands/HairStrandsVisibilityDepthPS.usf" 1967
"../../../Engine/Shaders/Private/HairStrands/HairStrandsVisibilityTransmittanceDepthPS.usf" 1968
"../../../Engine/Shaders/Private/HairStrands/HairStrandsVisibilityFillOpaqueDepthPS.usf" 1969
"../../../Engine/Shaders/Private/HairStrands/HairStrandsVisibilityTile.usf" 1970
"../../../Engine/Shaders/Private/HairStrands/HairStrandsVisibilityCompactionComputeRaster.usf" 1971
"../../../Engine/Shaders/Private/HairStrands/HairStrandsVisibilityCompaction.usf" 1972
"../../../Engine/Shaders/Private/HairStrands/HairStrandsVisibilityCopyIndirectArg.usf" 1973
"../../../Engine/Shaders/Private/HairStrands/HairStrandsVisibilityClearPS.usf" 1974
"../../../Engine/Shaders/Private/HairStrands/HairStrandsVisibilityPS.usf" 1975
"../../../Engine/Shaders/Private/HairStrands/HairStrandsVisibilityVS.usf" 1976
"../../../Engine/Shaders/Private/HairStrands/HairStrandsLightChannelMask.usf" 1977
"../../../Engine/Shaders/Private/HairStrands/HairStrandsVelocity.usf" 1978
"../../../Engine/Shaders/Private/HairStrands/HairStrandsVisibilityComputeSampleCoverage.usf" 1979
"../../../Engine/Shaders/Private/HairStrands/HairStrandsMaterialPS.usf" 1980
"../../../Engine/Shaders/Private/HairStrands/HairStrandsMaterialCommon.ush" 1981
"../../../Engine/Shaders/Private/HairStrands/HairStrandsMaterialVS.usf" 1982
"../../../Engine/Shaders/Private/HairStrands/HairStrandsMaterialGBufferPS.usf" 1983
"../../../Engine/Shaders/Private/HairStrands/HairStrandsGBufferCommon.ush" 1984
"../../../Engine/Shaders/Private/HairStrands/HairStrandsMaterialGBufferVS.usf" 1985
"../../../Engine/Shaders/Private/HairStrands/HairStrandsLightSample.usf" 1986
"../../../Engine/Shaders/Private/HairStrands/HairStrandsDeepShadowMask.usf" 1987
"../../../Engine/Shaders/Private/HairStrands/HairStrandsDeepShadowCommonStruct.ush" 1988
"../../../Engine/Shaders/Private/HairStrands/HairStrandsDebugCommon.ush" 1989
"../../../Engine/Shaders/Private/HairStrands/HairStrandsDeepShadowCommon.ush" 1990
"../../../Engine/Shaders/Private/HairStrands/HairStrandsDeepTransmittanceMask.usf" 1991
"../../../Engine/Shaders/Private/HairStrands/HairScatter.usf" 1992
"../../../Engine/Shaders/Private/HairStrands/HairScatterCompose.usf" 1993
"../../../Engine/Shaders/Private/HairStrands/HairStrandsDeepShadowPS.usf" 1994
"../../../Engine/Shaders/Private/HairStrands/HairStrandsDeepShadowVS.usf" 1995
"../../../Engine/Shaders/Private/HairStrands/HairStrandsLUT.usf" 1996
"../../../Engine/Shaders/Private/HairStrands/HairStrandsEnvironmentLighting.usf" 1997
"../../../Engine/Shaders/Private/HairStrands/HairStrandsEnvironmentLightingCommon.ush" 1998
"../../../Engine/Shaders/Private/HairStrands/HairStrandsDebugCommonStruct.ush" 1999
"../../../Engine/Shaders/Private/HairStrands/HairStrandsEnvironmentAO.usf" 2000
"../../../Engine/Shaders/Private/HairStrands/HairStrandsDeepShadowAllocation.usf" 2001
"../../../Engine/Shaders/Private/HairStrands/HairStrandsVoxelDepthInjection.usf" 2002
"../../../Engine/Shaders/Private/HairStrands/HairStrandsClusterCulling.usf" 2003
"../../../Engine/Shaders/Private/HairStrands/HairStrandsClusterCommon.ush" 2004
"../../../Engine/Shaders/Private/HairStrands/HairStrandsVisibilityPPLLDebug.usf" 2005
"../../../Engine/Shaders/Private/HairStrands/HairStrandsBsdfPlot.usf" 2006
"../../../Engine/Shaders/Private/HairStrands/HairStrandsVoxelPageRayMarching.usf" 2007
"../../../Engine/Shaders/Private/HairStrands/HairStrandsDeepShadowDebug.usf" 2008
"../../../Engine/Shaders/Private/HairStrands/HairStrandsDebug.usf" 2009
"../../../Engine/Shaders/Private/HairStrands/HairStrandsDebugPrint.usf" 2010
"../../../Engine/Shaders/Private/HairStrands/HairStrandsGBufferWrite.usf" 2011
"../../../Engine/Shaders/Private/HairStrands/HairStrandsVisibilityComposeSubPixelPS.usf" 2012
"../../../Engine/Shaders/Private/HairStrands/HairStrandsAABB.usf" 2013
"../../../Engine/Shaders/Private/GPUFastFourierTransform.usf" 2014
"../../../Engine/Shaders/Private/GPUFastFourierTransform2DCore.ush" 2015
"../../../Engine/Shaders/Private/GPUFastFourierTransformCore.ush" 2016
"../../../Engine/Shaders/Private/ShaderDrawDebug.usf" 2017
"../../../Engine/Shaders/Private/GPUBenchmark.usf" 2018
"../../../Engine/Shaders/Private/GlobalDistanceField.usf" 2019
"../../../Engine/Shaders/Private/GammaCorrection.usf" 2020
"../../../Engine/Shaders/Private/HeightFogPixelShader.usf" 2021
"../../../Engine/Shaders/Private/HeightFogVertexShader.usf" 2022
"../../../Engine/Shaders/Private/DistortAccumulatePS.usf" 2023
"../../../Engine/Shaders/Private/DistortAccumulateVS.usf" 2024
"../../../Engine/Shaders/Private/DistanceFieldVisualization.usf" 2025
"../../../Engine/Shaders/Private/DistanceFieldShadowing.usf" 2026
"../../../Engine/Shaders/Private/DistanceFieldScreenGridLighting.usf" 2027
"../../../Engine/Shaders/Private/DistanceFieldObjectCulling.usf" 2028
"../../../Engine/Shaders/Private/DistanceFieldLightingPost.usf" 2029
"../../../Engine/Shaders/Private/DitheredTransitionStencil.usf" 2030
"../../../Engine/Shaders/Private/DepthOnlyPixelShader.usf" 2031
"../../../Engine/Shaders/Private/DepthOnlyVertexShader.usf" 2032
"../../../Engine/Shaders/Private/PositionOnlyDepthVertexShader.usf" 2033
"../../../Engine/Shaders/Private/DeferredDecal.usf" 2034
"../../../Engine/Shaders/Private/DecalCommon.ush" 2035
"../../../Engine/Shaders/Private/DBufferDecalShared.ush" 2036
"../../../Engine/Shaders/Private/DebugViewModeVertexShader.usf" 2037
"../../../Engine/Shaders/Private/PostProcessPassThrough.usf" 2038
"../../../Engine/Shaders/Private/MeshDecals.usf" 2039
"../../../Engine/Shaders/Private/PostProcessLpvIndirect.usf" 2040
"../../../Engine/Shaders/Private/LPVFinalPass.ush" 2041
"../../../Engine/Shaders/Private/PostProcessAmbientOcclusion.usf" 2042
"../../../Engine/Shaders/Private/ClusteredDeferredShadingPixelShader.usf" 2043
"../../../Engine/Shaders/Private/CapsuleShadowShaders.usf" 2044
"../../../Engine/Shaders/Private/BasePassPixelShader.usf" 2045
"../../../Engine/Shaders/Private/BasePassCommon.ush" 2046
"../../../Engine/Shaders/Private/ShadingModelsMaterial.ush" 2047
"../../../Engine/Shaders/Private/ThinTranslucentCommon.ush" 2048
"../../../Engine/Shaders/Private/ForwardLightingCommon.ush" 2049
"../../../Engine/Shaders/Private/BasePassTessellationShaders.usf" 2050
"../../../Engine/Shaders/Private/BasePassVertexCommon.ush" 2051
"../../../Engine/Shaders/Private/BasePassVertexShader.usf" 2052
"../../../Engine/Shaders/Private/AtmospherePrecomputeInscatter.usf" 2053
"../../../Engine/Shaders/Private/AtmospherePrecomputeCommon.ush" 2054
"../../../Engine/Shaders/Private/AtmospherePrecompute.usf" 2055
"../../../Engine/Shaders/Private/AtmosphericFogShader.usf" 2056
"../../../Engine/Shaders/Private/AnisotropyPassShader.usf" 2057
"../../../Engine/Shaders/Private/SimpleElementVolumeTexturePreviewPixelShader.usf" 2058
"../../../Engine/Shaders/Private/SimpleElementTexture2DPreviewPixelShader.usf" 2059
"../../../Engine/Shaders/Private/SimpleElementNormalMapPixelShader.usf" 2060
"../../../Engine/Shaders/Private/meshpaintdilatepixelshader.usf" 2061
"../../../Engine/Shaders/Private/meshpaintdilatevertexshader.usf" 2062
"../../../Engine/Shaders/Private/MeshPaintPixelShader.usf" 2063
"../../../Engine/Shaders/Private/MeshPaintVertexShader.usf" 2064
"../../../Engine/Shaders/Private/Tools/VisualizeTexture.usf" 2065
"../../../Engine/Shaders/Private/ByteBuffer.usf" 2066
"../../../Engine/Shaders/Private/ResolveVertexShader.usf" 2067
"../../../Engine/Shaders/Private/ResolvePixelShader.usf" 2068
"../../../Engine/Shaders/Private/Tools/ClearUAV.usf" 2069
"../../../Engine/Shaders/Private/ClearReplacementShaders.usf" 2070
"../../../Engine/Shaders/Private/Raytracing/RayTracingInstanceCopy.usf" 2071
"../../../Engine/Shaders/Private/RenderGraphUtilities.usf" 2072
"../../../Engine/Shaders/Private/OneColorShader.usf" 2073
"../../../Engine/Shaders/Private/OculusShaders.usf" 2074
"../../../Engine/Shaders/Private/MediaShaders.usf" 2075
"../../../Engine/Shaders/Private/NullPixelShader.usf" 2076
"../../../Engine/Shaders/Private/ComputeGenerateMips.usf" 2077
"../../../Engine/Shaders/Private/CopyTextureShaders.usf" 2078
"../../../Engine/Shaders/Private/Tools/FullscreenVertexShader.usf" 2079
"../../../Engine/Shaders/Private/RayTracing/RayTracingBuiltInShaders.usf" 2080
"C:/Users/220177/AppData/Local/UnrealEngine/4.27/DerivedDataCache/Boot.ddc" 2081
"../../../Engine/DerivedDataCache/Compressed.ddp" 2082
"C:/Users/220177/AppData/Local/UnrealEngine/Common/DerivedDataCache/TestData/0/TestData_4kb.dat" 2083
"C:/Users/220177/AppData/Local/UnrealEngine/Common/DerivedDataCache/TestData/1/TestData_4kb.dat" 2084
"C:/Users/220177/AppData/Local/UnrealEngine/Common/DerivedDataCache/TestData/0/TestData_8kb.dat" 2085
"C:/Users/220177/AppData/Local/UnrealEngine/Common/DerivedDataCache/TestData/1/TestData_8kb.dat" 2086
"C:/Users/220177/AppData/Local/UnrealEngine/Common/DerivedDataCache/TestData/0/TestData_16kb.dat" 2087
"C:/Users/220177/AppData/Local/UnrealEngine/Common/DerivedDataCache/TestData/1/TestData_16kb.dat" 2088
"C:/Users/220177/AppData/Local/UnrealEngine/Common/DerivedDataCache/TestData/0/TestData_64kb.dat" 2089
"C:/Users/220177/AppData/Local/UnrealEngine/Common/DerivedDataCache/TestData/1/TestData_64kb.dat" 2090
"C:/Users/220177/AppData/Local/UnrealEngine/Common/DerivedDataCache/TestData/0/TestData_128kb.dat" 2091
"C:/Users/220177/AppData/Local/UnrealEngine/Common/DerivedDataCache/TestData/1/TestData_128kb.dat" 2092
"C:/Users/220177/AppData/Local/UnrealEngine/Common/DerivedDataCache/TestData/0/TestData_256kb.dat" 2093
"C:/Users/220177/AppData/Local/UnrealEngine/Common/DerivedDataCache/TestData/1/TestData_256kb.dat" 2094
"../../../Engine/Content/EditorResources/S_Actor.uasset" 2095
"../../../Engine/Content/EngineResources/WhiteSquareTexture.uasset" 2096
"../../../Engine/Content/EngineResources/GradientTexture0.uasset" 2097
"../../../Engine/Content/EngineResources/Black.uasset" 2098
"../../../Engine/Content/EngineMeshes/Sphere.uasset" 2099
"../../../Engine/Content/EditorMaterials/MatineeGroups/MAT_Groups_Float.uasset" 2100
"../../../Engine/Content/EditorMaterials/MatineeGroups/MAT_Groups_Anim.uasset" 2101
"../../../Engine/Content/EditorMaterials/MatineeGroups/MAT_Groups_AudioMaster.uasset" 2102
"../../../Engine/Content/EditorMaterials/MatineeGroups/MAT_ColorTrack.uasset" 2103
"../../../Engine/Content/EditorMaterials/MatineeGroups/MAT_Groups_Fade.uasset" 2104
"../../../Engine/Content/EditorMaterials/MatineeGroups/MAT_Groups_Director.uasset" 2105
"../../../Engine/Content/EditorMaterials/MatineeGroups/MAT_Groups_Event.uasset" 2106
"../../../Engine/Content/EditorMaterials/MatineeGroups/MAT_Groups_Move.uasset" 2107
"../../../Engine/Content/EditorMaterials/MatineeGroups/MAT_Groups_Slomo.uasset" 2108
"../../../Engine/Content/EditorMaterials/MatineeGroups/MAT_Groups_Sound.uasset" 2109
"../../../Engine/Content/EditorMaterials/MAT_Groups_Toggle.uasset" 2110
"../../../Engine/Content/EditorMaterials/MatineeGroups/MAT_Groups_Vector.uasset" 2111
"../../../Engine/Content/EditorMaterials/MAT_Groups_Visibility.uasset" 2112
"../../../Engine/Content/EngineResources/DefaultTexture.uasset" 2113
"../../../Engine/Content/EngineResources/DefaultTextureCube.uasset" 2114
"../../../Engine/Content/EngineResources/DefaultVolumeTexture.uasset" 2115
"../../../Engine/Content/EngineResources/DefaultVolumeTexture2D.uasset" 2116
"../../../Engine/Content/EngineFonts/RobotoDistanceField.uasset" 2117
"../../../Engine/Content/EngineMaterials/DefaultTextMaterialOpaque.uasset" 2118
"../../../Engine/Content/Functions/Engine_MaterialFunctions01/Shading/PowerToRoughness.uasset" 2119
"../../../Engine/Content/Functions/Engine_MaterialFunctions01/Shading/ConvertFromDiffSpec.uasset" 2120
"../../../Engine/Content/EngineMaterials/WorldGridMaterial.uasset" 2121
"../../../Engine/Content/Functions/Engine_MaterialFunctions01/Opacity/CameraDepthFade.uasset" 2122
"../../../Engine/Content/EngineMaterials/T_Default_Material_Grid_M.uasset" 2123
"../../../Engine/Content/EngineMaterials/T_Default_Material_Grid_N.uasset" 2124
"../../../Engine/Content/EngineMaterials/DefaultDeferredDecalMaterial.uasset" 2125
"../../../Engine/Content/EngineMaterials/DefaultDiffuse.uasset" 2126
"../../../Engine/Content/EngineMaterials/DefaultLightFunctionMaterial.uasset" 2127
"../../../Engine/Content/EngineMaterials/DefaultPostProcessMaterial.uasset" 2128
"../../../Engine/Content/Functions/Engine_MaterialFunctions02/Utility/BreakOutFloat2Components.uasset" 2129
"../../../Engine/Content/EditorResources/S_Trigger.uasset" 2130
"../../../Engine/Content/EngineSky/VolumetricClouds/m_SimpleVolumetricCloud_Inst.uasset" 2131
"../../../Engine/Content/EngineSky/VolumetricClouds/m_SimpleVolumetricCloud.uasset" 2132
"../../../Engine/Content/Functions/Engine_MaterialFunctions02/Utility/MakeFloat2.uasset" 2133
"../../../Engine/Content/EngineSky/VolumetricClouds/CloudGradientTexture.uasset" 2134
"../../../Engine/Content/EngineSky/VolumetricClouds/CloudWeatherTexture.uasset" 2135
"../../../Engine/Content/EngineSky/VolumetricClouds/T_VolumeNoiseErosion32.uasset" 2136
"../../../Engine/Content/EngineSky/VolumetricClouds/T_NoiseErosion.uasset" 2137
"../../../Engine/Content/EngineSky/VolumetricClouds/T_VolumeNoiseShape64.uasset" 2138
"../../../Engine/Content/EngineSky/VolumetricClouds/T_NoiseShape64.uasset" 2139
"../../../Engine/Content/EngineMaterials/BaseFlattenMaterial.uasset" 2140
"../../../Engine/Content/EngineMaterials/BaseFlattenDiffuseMap.uasset" 2141
"../../../Engine/Content/EngineMaterials/BaseFlattenEmissiveMap.uasset" 2142
"../../../Engine/Content/EngineMaterials/BaseFlattenGrayscaleMap.uasset" 2143
"../../../Engine/Content/EngineMaterials/BaseFlattenNormalMap.uasset" 2144
"../../../Engine/Content/EngineDamageTypes/DmgTypeBP_Environmental.uasset" 2145
"../../../Engine/Content/VREditor/TransformGizmo/SM_Sequencer_Key.uasset" 2146
"../../../Engine/Content/VREditor/TransformGizmo/Main.uasset" 2147
"../../../Engine/Content/VREditor/TransformGizmo/Xray.uasset" 2148
"../../../Engine/Content/EngineMaterials/Widget3DPassThrough_Translucent.uasset" 2149
"../../../Engine/Content/EngineMaterials/Widget3DPassThrough.uasset" 2150
"../../../Engine/Config/TVOS/TVOSEngine.ini" 2151
"../../../Engine/Content/EngineMaterials/Widget3DPassThrough_Translucent_OneSided.uasset" 2152
"../../../Engine/Content/EngineMaterials/Widget3DPassThrough_Opaque.uasset" 2153
"../../../Engine/Content/EngineMaterials/Widget3DPassThrough_Opaque_OneSided.uasset" 2154
"../../../Engine/Content/EngineMaterials/Widget3DPassThrough_Masked.uasset" 2155
"../../../Engine/Content/EngineMaterials/Widget3DPassThrough_Masked_OneSided.uasset" 2156
"../../../Engine/Content/VREditor/TransformGizmo/PlaneTranslationHandle.uasset" 2157
"../../../Engine/Content/VREditor/TransformGizmo/TransformGizmoMaterial.uasset" 2158
"../../../Engine/Content/VREditor/LaserPointer/VR_LaserPower_01.uasset" 2159
"../../../Engine/Content/VREditor/TransformGizmo/TranslucentTransformGizmoMaterial.uasset" 2160
"../../../Engine/Content/VREditor/TransformGizmo/BoundingBoxCorner.uasset" 2161
"../../../Engine/Content/VREditor/TransformGizmo/BoundingBoxEdge.uasset" 2162
"../../../Engine/Content/EditorMeshes/Camera/SM_CraneRig_Base.uasset" 2163
"../../../Engine/Content/EditorMaterials/Camera/MI_CineMat_Rig.uasset" 2164
"../../../Engine/Content/EditorMaterials/Camera/CineMat.uasset" 2165
"../../../Engine/Content/EditorMeshes/Camera/SM_CraneRig_Arm.uasset" 2166
"../../../Engine/Content/EditorMeshes/Camera/SM_CraneRig_Mount.uasset" 2167
"../../../Engine/Content/EditorMeshes/Camera/SM_CraneRig_Body.uasset" 2168
"../../../Engine/Content/EditorMeshes/Camera/SM_RailRig_Track.uasset" 2169
"../../../Engine/Content/EditorMeshes/Camera/SM_RailRig_Mount.uasset" 2170
"../../../Engine/Content/ArtTools/RenderToTexture/Meshes/S_1_Unit_Plane.uasset" 2171
"../../../Engine/Content/EngineDebugMaterials/M_SimpleUnlitTranslucent.uasset" 2172
"../../../Engine/Content/EngineFonts/Roboto.uasset" 2173
"../../../Engine/Content/EngineFonts/Faces/DroidSansFallback.uasset" 2174
"../../../Engine/Content/EngineFonts/Faces/RobotoBold.uasset" 2175
"../../../Engine/Content/EngineFonts/Faces/RobotoBoldItalic.uasset" 2176
"../../../Engine/Content/EngineFonts/Faces/RobotoItalic.uasset" 2177
"../../../Engine/Content/EngineFonts/Faces/RobotoLight.uasset" 2178
"../../../Engine/Content/EngineFonts/Faces/RobotoRegular.uasset" 2179
"../../../Engine/Content/EditorMaterials/ParticleSystems/PSysThumbnail_NoImage.uasset" 2180
"../../../Engine/Content/EditorMaterials/ParticleSystems/PSysThumbnail_OOD.uasset" 2181
"../../../Engine/Content/Maps/Templates/Thumbnails/Default.uasset" 2182
"../../../Engine/Content/Maps/Templates/Thumbnails/TimeOfDay.uasset" 2183
"../../../Engine/Content/Maps/Templates/Thumbnails/VR-Basic.uasset" 2184
"../../../Engine/Content/EditorLandscapeResources/DataLayer.uasset" 2185
"../../Plugins/Runtime/Oculus/OculusVR/Content/Materials/PokeAHoleMaterial.uasset" 2186
"../../../Engine/Content/VREditor/TransformGizmo/SM_Sequencer_Node.uasset" 2187
"../../../Engine/Content/Internationalization/icudt64l/coll/ucadata.icu" 2188
"../../../Engine/Content/Internationalization/icudt64l/coll/ja.res" 2189
"../../../Engine/Content/Internationalization/icudt64l/coll/root.res" 2190
"../../../Engine/Content/Tutorial/Basics/LevelEditorAttract.uasset" 2191
"../../../Engine/Content/Tutorial/Basics/LevelEditorOverview.uasset" 2192
"../../../Engine/Content/Tutorial/Basics/TutorialAssets/icon_tab_Levels_40x.uasset" 2193
"../../../Engine/Content/Tutorial/BlueprintTutorials/BlueprintEditorTutorial.uasset" 2194
"../../../Engine/Content/Tutorial/BlueprintTutorials/TutorialAssets/Blueprint_64x.uasset" 2195
"../../../Engine/Content/Tutorial/ContentIntroCurve.uasset" 2196
"../../Plugins/2D/Paper2D/Content/MaskedUnlitSpriteMaterial.uasset" 2197
"../../Plugins/2D/Paper2D/Content/DefaultSpriteMaterial.uasset" 2198
"../../Plugins/2D/Paper2D/Content/PlaceholderTextures/DummySpriteTexture.uasset" 2199
"../../Plugins/2D/Paper2D/Content/OpaqueUnlitSpriteMaterial.uasset" 2200
"../../Plugins/2D/Paper2D/Content/DefaultPaperTerrainMaterial.uasset" 2201
"../../Plugins/2D/Paper2D/Content/DummySprite.uasset" 2202
"../../Plugins/Lumin/MagicLeapPassableWorld/Content/MagicLeapARPinInfoActor.uasset" 2203
"../../../Engine/Content/ArtTools/RenderToTexture/Materials/Debug/M_Emissive_Color.uasset" 2204
"../../../Engine/Content/BasicShapes/Cylinder.uasset" 2205
"../../../Engine/Content/EngineMaterials/DefaultMaterial.uasset" 2206
"../../../Engine/Content/EngineDebugMaterials/VertexColorMaterial.uasset" 2207
"../../../Engine/Content/EngineDebugMaterials/WireframeMaterial.uasset" 2208
"../../../Engine/Content/EngineMeshes/Cylinder.uasset" 2209
"C:/Users/220177/AppData/Local/UnrealEngine/4.27/Saved/Config/Windows/SourceControlSettings.ini" 2210
"../../Plugins/Editor/SpeedTreeImporter/Content/SpeedTree9/SpeedTreeMaster.uasset" 2211
"../../../Engine/Content/Functions/Engine_MaterialFunctions02/ObjectLocalBounds.uasset" 2212
"../../../Engine/Content/Functions/Engine_MaterialFunctions02/SafeNormalize.uasset" 2213
"../../../Engine/Content/Functions/Engine_MaterialFunctions02/Utility/BreakOutFloat3Components.uasset" 2214
"../../../Engine/Content/Functions/Engine_MaterialFunctions02/Utility/VectorLength.uasset" 2215
"../../../Engine/Content/Functions/Engine_MaterialFunctions02/UVs/BoundingBoxBased_0-1_UVW.uasset" 2216
"../../../Engine/Content/Functions/Engine_MaterialFunctions02/WorldPositionOffset/ObjectScale.uasset" 2217
"../../Plugins/Editor/SpeedTreeImporter/Content/SpeedTree9/SpeedTreeBranchMotion.uasset" 2218
"../../Plugins/Editor/SpeedTreeImporter/Content/SpeedTree9/SpeedTreeWindMotion.uasset" 2219
"../../Plugins/Editor/SpeedTreeImporter/Content/SpeedTree9/game_wind_noise.uasset" 2220
"../../Plugins/Editor/SpeedTreeImporter/Content/SpeedTree9/UnpackDirection.uasset" 2221
"../../Plugins/Editor/SpeedTreeImporter/Content/SpeedTree9/UnpackInteger3.uasset" 2222
"../../Plugins/Editor/SpeedTreeImporter/Content/SpeedTree9/SpeedTreeCameraFacing.uasset" 2223
"../../Plugins/Editor/SpeedTreeImporter/Content/SpeedTree9/SpeedTreeWind.uasset" 2224
"../../Plugins/Editor/SpeedTreeImporter/Content/SpeedTree9/Empty.uasset" 2225
"../../Plugins/Editor/SpeedTreeImporter/Content/SpeedTree9/EmptyNormal.uasset" 2226
"../../Plugins/Editor/SpeedTreeImporter/Content/SpeedTree9/SpeedTreeBillboardMaster.uasset" 2227
"../../Plugins/Editor/SpeedTreeImporter/Content/SpeedTree9/SpeedTreeBillboard.uasset" 2228
"../../../Engine/Content/EditorResources/S_Solver.uasset" 2229
"../../../Engine/Content/EditorResources/S_Note.uasset" 2230
"../../../Engine/Content/EngineDebugMaterials/VolumeToRender.uasset" 2231
"../../../Engine/Content/EngineDebugMaterials/M_VolumeRenderSphereTracePP.uasset" 2232
"../../../Engine/Content/Functions/Engine_MaterialFunctions02/Utility/CameraDirectionVector.uasset" 2233
"../../Plugins/Runtime/OpenXR/Content/Devices/GoogleDaydream/GoogleDaydreamController.uasset" 2234
"../../Plugins/Runtime/OpenXR/Content/Devices/GoogleDaydream/MI_GoogleDaydream.uasset" 2235
"../../Plugins/Runtime/OpenXR/Content/Devices/M_XRController.uasset" 2236
"../../Plugins/Runtime/OpenXR/Content/Devices/GoogleDaydream/BaseTexture.uasset" 2237
"../../Plugins/Runtime/OpenXR/Content/Devices/GoogleDaydream/MRTexture.uasset" 2238
"../../Plugins/Runtime/OpenXR/Content/Devices/HTCVive/HTCViveController.uasset" 2239
"../../Plugins/Runtime/OpenXR/Content/Devices/HTCVive/MI_HTCVive.uasset" 2240
"../../Plugins/Runtime/OpenXR/Content/Devices/HTCVive/BaseTexture.uasset" 2241
"../../Plugins/Runtime/OpenXR/Content/Devices/MicrosoftMixedReality/Left/left_MicrosoftMixedRealityController.uasset" 2242
"../../Plugins/Runtime/OpenXR/Content/Devices/MicrosoftMixedReality/MI_MicrosoftMixedReality.uasset" 2243
"../../Plugins/Runtime/OpenXR/Content/Devices/MicrosoftMixedReality/BaseTexture.uasset" 2244
"../../Plugins/Runtime/OpenXR/Content/Devices/MicrosoftMixedReality/EmissiveTexture.uasset" 2245
"../../Plugins/Runtime/OpenXR/Content/Devices/MicrosoftMixedReality/MRTexture.uasset" 2246
"../../Plugins/Runtime/OpenXR/Content/Devices/MicrosoftMixedReality/NormalTexture.uasset" 2247
"../../Plugins/Runtime/OpenXR/Content/Devices/MicrosoftMixedReality/Right/right_MicrosoftMixedRealityController.uasset" 2248
"../../Plugins/Runtime/OpenXR/Content/Devices/OculusGo/OculusGoController.uasset" 2249
"../../Plugins/Runtime/OpenXR/Content/Devices/OculusGo/MI_OculusGo.uasset" 2250
"../../Plugins/Runtime/OpenXR/Content/Devices/OculusGo/BaseTexture.uasset" 2251
"../../Plugins/Runtime/OpenXR/Content/Devices/OculusTouch/Left/left_OculusTouchController.uasset" 2252
"../../Plugins/Runtime/OpenXR/Content/Devices/OculusTouch/MI_OculusTouch.uasset" 2253
"../../Plugins/Runtime/OpenXR/Content/Devices/OculusTouch/BaseTexture.uasset" 2254
"../../Plugins/Runtime/OpenXR/Content/Devices/OculusTouch/MRTexture.uasset" 2255
"../../Plugins/Runtime/OpenXR/Content/Devices/OculusTouch/Right/right_OculusTouchController.uasset" 2256
"../../Plugins/Runtime/OpenXR/Content/Devices/ValveIndex/Left/left_ValveIndexController.uasset" 2257
"../../Plugins/Runtime/OpenXR/Content/Devices/ValveIndex/Left/MI_left_ValveIndex.uasset" 2258
"../../Plugins/Runtime/OpenXR/Content/Devices/ValveIndex/BaseTexture.uasset" 2259
"../../Plugins/Runtime/OpenXR/Content/Devices/ValveIndex/MRTexture.uasset" 2260
"../../Plugins/Runtime/OpenXR/Content/Devices/ValveIndex/Right/right_ValveIndexController.uasset" 2261
"../../Plugins/Runtime/OpenXR/Content/Devices/ValveIndex/Right/MI_right_ValveIndex.uasset" 2262
"../../Plugins/Runtime/OpenXR/Content/Devices/OculusTouch_v2/Left/left_OculusTouch_v2Controller.uasset" 2263
"../../Plugins/Runtime/OpenXR/Content/Devices/OculusTouch_v2/MI_OculusTouch_v2.uasset" 2264
"../../Plugins/Runtime/OpenXR/Content/Devices/OculusTouch_v2/BaseTexture.uasset" 2265
"../../Plugins/Runtime/OpenXR/Content/Devices/OculusTouch_v2/MRTexture.uasset" 2266
"../../Plugins/Runtime/OpenXR/Content/Devices/OculusTouch_v2/Right/right_OculusTouch_v2Controller.uasset" 2267
"../../Plugins/Runtime/OpenXR/Content/Devices/OculusTouch_v3/Left/left_OculusTouch_v3Controller.uasset" 2268
"../../Plugins/Runtime/OpenXR/Content/Devices/OculusTouch_v3/MI_OculusTouch_v3.uasset" 2269
"../../Plugins/Runtime/OpenXR/Content/Devices/OculusTouch_v3/BaseTexture.uasset" 2270
"../../Plugins/Runtime/OpenXR/Content/Devices/OculusTouch_v3/MRTexture.uasset" 2271
"../../Plugins/Runtime/OpenXR/Content/Devices/OculusTouch_v3/Right/right_OculusTouch_v3Controller.uasset" 2272
"../../Plugins/Runtime/Oculus/OculusVR/Content/Materials/OculusMR_ChromaKey.uasset" 2273
"../../../Engine/Content/Functions/Engine_MaterialFunctions02/Utility/BreakOutFloat4Components.uasset" 2274
"../../../Engine/Content/Functions/Engine_MaterialFunctions02/Utility/MakeFloat3.uasset" 2275
"../../Plugins/Runtime/Oculus/OculusVR/Content/Materials/OculusMR_OpaqueColoredMaterial.uasset" 2276
"../../Plugins/Runtime/Oculus/OculusVR/Content/Meshes/RiftHMD.uasset" 2277
"../../Plugins/Runtime/Oculus/OculusVR/Content/Meshes/LeftTouchController.uasset" 2278
"../../Plugins/Runtime/Oculus/OculusVR/Content/Materials/touchController_mat.uasset" 2279
"../../Plugins/Runtime/Oculus/OculusVR/Content/Textures/touchController_albedo.uasset" 2280
"../../Plugins/Runtime/Oculus/OculusVR/Content/Textures/touchController_controlmap.uasset" 2281
"../../Plugins/Runtime/Oculus/OculusVR/Content/Meshes/RightTouchController.uasset" 2282
"../../Plugins/Runtime/Oculus/OculusVR/Content/Meshes/LeftTouchForQuestRiftSController.uasset" 2283
"../../Plugins/Runtime/Oculus/OculusVR/Content/Materials/TouchForQuestRiftSControllerMaterial.uasset" 2284
"../../Plugins/Runtime/Oculus/OculusVR/Content/Textures/TouchForQuestRiftSController_albedo.uasset" 2285
"../../Plugins/Runtime/Oculus/OculusVR/Content/Meshes/RightTouchForQuestRiftSController.uasset" 2286
"../../../Engine/Content/EngineMaterials/RemoveSurfaceMaterial.uasset" 2287
"../../../Engine/Content/EngineDebugMaterials/DebugMeshMaterial.uasset" 2288
"../../../Engine/Content/EngineMaterials/EmissiveMeshMaterial.uasset" 2289
"../../../Engine/Content/EngineMaterials/DefaultWhiteGrid_Low.uasset" 2290
"../../../Engine/Content/EngineMaterials/M_InvalidLightmapSettings.uasset" 2291
"../../../Engine/Content/EngineMaterials/InvalidLightmapSettings.uasset" 2292
"../../../Engine/Content/EngineMaterials/GizmoMaterial.uasset" 2293
"../../../Engine/Content/EngineMaterials/PhAT_JointLimitMaterial.uasset" 2294
"../../../Engine/Content/Functions/Engine_MaterialFunctions02/WorldPositionOffset/CameraOffset.uasset" 2295
"../../../Engine/Content/EngineMaterials/Good64x64TilingNoiseHighFreq.uasset" 2296
"../../../Engine/Content/EngineMaterials/DefaultBokeh.uasset" 2297
"../../../Engine/Content/EngineMaterials/DefaultBloomKernel.uasset" 2298
"../../../Engine/Content/EngineMaterials/PreintegratedSkinBRDF.uasset" 2299
"../../../Engine/Content/EngineMaterials/MiniFont.uasset" 2300
"../../../Engine/Content/EngineMaterials/WeightMapPlaceholderTexture.uasset" 2301
"../../../Engine/Content/EngineMaterials/DefaultWhiteGrid.uasset" 2302
"../../../Engine/Content/EngineMaterials/BlueNoise.uasset" 2303
"../../../Engine/Content/EngineMaterials/DefaultPhysicalMaterial.uasset" 2304
"D:/220177/ChronoTrial 4.27/Intermediate/AssetRegistryCache/311563bb.bin" 2305
"D:/220177/ChronoTrial 4.27/Intermediate/AssetRegistryCache/c90e3f55.bin" 2306
"D:/220177/ChronoTrial 4.27/Content/03GamePlay/DefaultMap.umap" 2307
"D:/220177/ChronoTrial 4.27/Content/Enemy/EnemyBoss/BossBeam/BossBeam_2.uasset" 2308
"D:/220177/ChronoTrial 4.27/Content/03GamePlay/DefaultMap_BuiltData.uasset" 2309
"D:/220177/ChronoTrial 4.27/Content/Enemy/EnemyBoss/BossBeam/New/NS_Enemy_Beam.uasset" 2310
"D:/220177/ChronoTrial 4.27/Content/Enemy/EnemyBoss/BossBomb/BP_BossBomb.uasset" 2311
"../../../Engine/Content/BasicShapes/Cube.uasset" 2312
"../../../Engine/Content/BasicShapes/Sphere.uasset" 2313
"../../../Engine/Content/BasicShapes/Cone.uasset" 2314
"../../../Engine/Content/BasicShapes/Plane.uasset" 2315
"../../../Engine/Content/EditorLandscapeResources/DefaultAlphaTexture.uasset" 2316
"../../../Engine/Content/EditorResources/S_Terrain.uasset" 2317
"../../../Engine/Content/EditorResources/SequenceRecorder/Countdown.uasset" 2318
"../../../Engine/Content/EditorResources/SequenceRecorder/RecordingIndicator.uasset" 2319
"D:/220177/ChronoTrial 4.27/Intermediate/AssetRegistryCache/4c37e0bb.bin" 2320
"D:/220177/ChronoTrial 4.27/Saved/Cooked/WindowsNoEditor/ChronoTrial/Metadata/CookedIniVersion.txt" 2321
"../../../Engine/Content/EngineMaterials/PPM_DefaultCalibrationGrayscale.uasset" 2322
"../../../Engine/Content/EngineMaterials/DefaultCalibrationGrayscale.uasset" 2323
"../../../Engine/Content/EngineMaterials/DefaultCalibrationColor.uasset" 2324
"../../../Engine/Content/EngineMaterials/PPM_DefaultCalibrationColor.uasset" 2325
"../../../Engine/Content/MobileResources/HUD/VirtualJoystick_Thumb.uasset" 2326
"../../../Engine/Content/MobileResources/HUD/DefaultVirtualJoysticks.uasset" 2327
"../../../Engine/Content/MobileResources/HUD/VirtualJoystick_Background.uasset" 2328
"../../../Engine/Content/Maps/Entry_BuiltData.uasset" 2329
"../../../Engine/Content/Maps/Entry.umap" 2330
"../../../Engine/Content/EditorBlueprintResources/StandardMacros.uasset" 2331
"D:/220177/ChronoTrial 4.27/Content/Loading/NewMediaPlayer_Video.uasset" 2332
"D:/220177/ChronoTrial 4.27/Content/Loading/NewMediaPlayer.uasset" 2333
"D:/220177/ChronoTrial 4.27/Content/Movies/UI_Loading.uasset" 2334
"D:/220177/ChronoTrial 4.27/Content/02GameSelect/E_UIStageSelect.uasset" 2335
"D:/220177/ChronoTrial 4.27/Content/Sounds/BGM/BGM_TitleSelect.uasset" 2336
"D:/220177/ChronoTrial 4.27/Content/Loading/NewMediaPlayer_Video_Mat.uasset" 2337
"D:/220177/ChronoTrial 4.27/Content/Loading/UMG_Loading.uasset" 2338
"D:/220177/ChronoTrial 4.27/Content/Movies/titleMovie.uasset" 2339
"D:/220177/ChronoTrial 4.27/Content/01GameTitle/Image/UI_UnderBar.uasset" 2340
"D:/220177/ChronoTrial 4.27/Content/01GameTitle/Image/UI_Title_BackFrame.uasset" 2341
"D:/220177/ChronoTrial 4.27/Content/01GameTitle/Image/UI_ButtonB.uasset" 2342
"D:/220177/ChronoTrial 4.27/Content/01GameTitle/Image/UI_titleLogo.uasset" 2343
"D:/220177/ChronoTrial 4.27/Content/01GameTitle/Image/appearance.uasset" 2344
"D:/220177/ChronoTrial 4.27/Content/01GameTitle/E_UITitleSelect.uasset" 2345
"D:/220177/ChronoTrial 4.27/Content/01GameTitle/ButtonAlphaCurve.uasset" 2346
"C:/Users/220177/AppData/Local/UnrealEngine/Common/DerivedDataCache/0/0/7/AUDIO_0005_0000_OGG10000$2D1$2D1$2D1$2D1$2D1_0004_2BFBB0C44D24114A6AC14B9B92F6A342.udd" 2347
"D:/220177/ChronoTrial 4.27/Content/01GameTitle/movie/titleMoviePlayer.uasset" 2348
"D:/220177/ChronoTrial 4.27/Content/01GameTitle/movie/TitleMediaTexture.uasset" 2349
"D:/220177/ChronoTrial 4.27/Content/01GameTitle/movie/TitleMediaTexture_Mat.uasset" 2350
"D:/220177/ChronoTrial 4.27/Content/01GameTitle/UMG_TitleMovie.uasset" 2351
"D:/220177/ChronoTrial 4.27/Content/01GameTitle/BP_Title.uasset" 2352
"D:/220177/ChronoTrial 4.27/Content/Sounds/SE/SystemSE/SE_CursorHoverd.uasset" 2353
"D:/220177/ChronoTrial 4.27/Content/Sounds/SE/SystemSE/SE_CursorEnter.uasset" 2354
"D:/220177/ChronoTrial 4.27/Content/GameSettingScript/BP_MyGameInstance.uasset" 2355
"D:/220177/ChronoTrial 4.27/Content/01GameTitle/UMG_Title.uasset" 2356
"D:/220177/ChronoTrial 4.27/Content/02GameSelect/img/Image_Line.uasset" 2357
"D:/220177/ChronoTrial 4.27/Content/02GameSelect/img/Image_Line_Mat.uasset" 2358
"D:/220177/ChronoTrial 4.27/Content/02GameSelect/img/UI_BackButton2.uasset" 2359
"D:/220177/ChronoTrial 4.27/Content/02GameSelect/img/UI_Select.uasset" 2360
"D:/220177/ChronoTrial 4.27/Content/02GameSelect/img/UI_Default2.uasset" 2361
"D:/220177/ChronoTrial 4.27/Content/02GameSelect/img/UI_Select_StageBack__1_.uasset" 2362
"D:/220177/ChronoTrial 4.27/Content/02GameSelect/img/UI_Trial2.uasset" 2363
"D:/220177/ChronoTrial 4.27/Content/02GameSelect/img/UI_Select_Stage3.uasset" 2364
"D:/220177/ChronoTrial 4.27/Content/02GameSelect/img/UI_Tutorial2.uasset" 2365
"D:/220177/ChronoTrial 4.27/Content/02GameSelect/UMG_ModeSelect.uasset" 2366
"D:/220177/ChronoTrial 4.27/Content/01GameTitle/HUD_Title.uasset" 2367
"C:/Users/220177/AppData/Local/UnrealEngine/Common/DerivedDataCache/2/9/4/AUDIO_0005_0000_OGG10000$2D1$2D1$2D1$2D1$2D1_0004_9885BF4F47778B9A0F482F8B5DAB7201.udd" 2368
"C:/Users/220177/AppData/Local/UnrealEngine/Common/DerivedDataCache/9/6/5/AUDIO_0005_0000_OGG10000$2D1$2D1$2D1$2D1$2D1_0004_CD3114274593E9D8F9971DA89B451212.udd" 2369
"D:/220177/ChronoTrial 4.27/Content/01GameTitle/TitleGameMode.uasset" 2370
"D:/220177/ChronoTrial 4.27/Content/01GameTitle/GameTitle.umap" 2371
"C:/Users/220177/AppData/Local/UnrealEngine/Common/DerivedDataCache/6/2/4/STREAMEDAUDIO_BC6E92FBBD314E3B9B9EC6778749EB5E_OGG10000$2D1$2D1$2D1$2D1$2D1_4_2BFBB0C44D24114A6AC14B9B92F6A342.udd" 2372
"C:/Users/220177/AppData/Local/UnrealEngine/Common/DerivedDataCache/5/7/0/MATSM_0BA69734E4FD45E082FA4560DBE25454_PCD3D_SM5_8__BC5N_NOCCBN_NOIRIS_DEV_SL___13C9460480BE3AD11389CE96976BB39DA8E82F82.udd" 2373
"C:/Users/220177/AppData/Local/UnrealEngine/Common/DerivedDataCache/3/6/1/TEXTURE_E01F4250BECD420DA9CE63B5EECEC2C2_BGRA8_8A2437C24EE736A6D71B03A7CD77977__64EF202CBC1D65A5CF05C4F815E4B22017D0B90E.udd" 2374
"C:/Users/220177/AppData/Local/UnrealEngine/Common/DerivedDataCache/8/8/7/TEXTURE_E01F4250BECD420DA9CE63B5EECEC2C2_BGRA8_2522272548506DB0C69B11BF078FF69__D1664235811573B02C625F2E876602E75AAA790E.udd" 2375
"C:/Users/220177/AppData/Local/UnrealEngine/Common/DerivedDataCache/7/9/9/TEXTURE_E01F4250BECD420DA9CE63B5EECEC2C2_BGRA8_CB031AF5477A949C904B0B9046CAA86__A18BD748C5213862AE4C29162D0D9943ED5FF7FD.udd" 2376
"C:/Users/220177/AppData/Local/UnrealEngine/Common/DerivedDataCache/1/6/5/TEXTURE_E01F4250BECD420DA9CE63B5EECEC2C2_BGRA8_E51E2B80461E26596E1AB09D14BD198__627992D64C737D0000A6D13B1DFDB96C3729146D.udd" 2377
"C:/Users/220177/AppData/Local/UnrealEngine/Common/DerivedDataCache/7/1/6/TEXTURE_E01F4250BECD420DA9CE63B5EECEC2C2_BGRA8_B2DB14E046EB296DB53B70A10304345__CCBC375B79F3812E23103E5C1B2707CE95741383.udd" 2378
"C:/Users/220177/AppData/Local/UnrealEngine/Common/DerivedDataCache/6/5/0/MATSM_0BA69734E4FD45E082FA4560DBE25454_PCD3D_SM5_8__BC5N_NOCCBN_NOIRIS_DEV_SL___A5D266AC064EA1482B8739FCCFA0DB146DC87002.udd" 2379
"C:/Users/220177/AppData/Local/UnrealEngine/Common/DerivedDataCache/9/4/6/STREAMEDAUDIO_BC6E92FBBD314E3B9B9EC6778749EB5E_OGG10000$2D1$2D1$2D1$2D1$2D1_4_CD3114274593E9D8F9971DA89B451212.udd" 2380
"C:/Users/220177/AppData/Local/UnrealEngine/Common/DerivedDataCache/0/4/9/STREAMEDAUDIO_BC6E92FBBD314E3B9B9EC6778749EB5E_OGG10000$2D1$2D1$2D1$2D1$2D1_4_9885BF4F47778B9A0F482F8B5DAB7201.udd" 2381
"C:/Users/220177/AppData/Local/UnrealEngine/Common/DerivedDataCache/0/2/2/TEXTURE_E01F4250BECD420DA9CE63B5EECEC2C2_BGRA8_94E75A4344A58137B88E2F98C9CE5A2__AA74B20A5997FEEE164449443A09236185F2E079.udd" 2382
"C:/Users/220177/AppData/Local/UnrealEngine/Common/DerivedDataCache/9/1/4/MATSM_0BA69734E4FD45E082FA4560DBE25454_PCD3D_SM5_8__BC5N_NOCCBN_NOIRIS_DEV_SL___3A1258EFFA9ED46BE87E85017EFED469DDB4EA39.udd" 2383
"../../../Engine/Content/EditorMaterials/PreviewShadowIndicator.uasset" 2384
"../../../Engine/Content/EditorMaterials/PreviewShadowIndicatorMaterial.uasset" 2385
"C:/Users/220177/AppData/Local/UnrealEngine/Common/DerivedDataCache/4/3/5/TEXTURE_E01F4250BECD420DA9CE63B5EECEC2C2_BGRA8_883020D845943C6C1CF00BB000C3186__A412FAE3B08148DD7BDF1208640134ACA2FC123E.udd" 2386
"../../../Engine/Content/EngineDebugMaterials/DebugEditorMaterial.uasset" 2387
"../../../Engine/Content/EditorResources/BSPVertex.uasset" 2388
"C:/Users/220177/AppData/Local/UnrealEngine/Common/DerivedDataCache/3/9/6/TEXTURE_E01F4250BECD420DA9CE63B5EECEC2C2_BGRA8_CC021EF64F9994A331567987E4F53BC__0AB86A0D039626371BFF9E5BB9DF100D0EE118B8.udd" 2389
"../../../Engine/Content/EngineSounds/Submixes/MasterEQSubmixDefault.uasset" 2390
"../../../Engine/Content/EngineSounds/Submixes/MasterReverbSubmixDefault.uasset" 2391
"../../../Engine/Content/EngineSounds/Submixes/MasterReverbEffectPreset.uasset" 2392
"../../../Engine/Content/EngineSounds/Submixes/MasterEQEffectPreset.uasset" 2393
"../../../Engine/Content/EngineSounds/Submixes/MasterSubmixDefault.uasset" 2394
"C:/Users/220177/AppData/Local/UnrealEngine/Common/DerivedDataCache/3/4/5/TEXTURE_E01F4250BECD420DA9CE63B5EECEC2C2_BGRA8_D00675A6469CDB459BAFBA84FFEFC71__1005C8D0DF9AB7026246C14509F99A79E8861BC9.udd" 2395
"C:/Users/220177/AppData/Local/UnrealEngine/Common/DerivedDataCache/6/3/7/TEXTURE_E01F4250BECD420DA9CE63B5EECEC2C2_BGRA8_EDC13DE04E8FE16830F7DEB19CC1C50__E20022E23D64777D1B276142DEBC19A621ECDF66.udd" 2396
"C:/Users/220177/AppData/Local/UnrealEngine/Common/DerivedDataCache/9/7/2/TEXTURE_E01F4250BECD420DA9CE63B5EECEC2C2_BGRA8_F449AFF644FC9EBD2C2F678D9ADEFB4__1F0B869449DFBF0BDBF79BB446FED0232F73827E.udd" 2397
"C:/Users/220177/AppData/Local/UnrealEngine/Common/DerivedDataCache/4/1/7/TEXTURE_E01F4250BECD420DA9CE63B5EECEC2C2_BGRA8_6B861AFD4D1D867227C4FB8B28D3485__849CEA11AA7EE6A9A0F99952B874EC0732544678.udd" 2398
"C:/Users/220177/AppData/Local/UnrealEngine/Common/DerivedDataCache/5/7/0/TEXTURE_E01F4250BECD420DA9CE63B5EECEC2C2_BGRA8_FABD742C4F6FBA2C0ACE69A43B7E139__C4DB3603DC2266CF24164CB5F559D466761D1438.udd" 2399
"../../../Engine/Content/EngineSounds/Master.uasset" 2400
"../../../Engine/Content/MobileResources/HUD/T_Castle_ThumbstickOutter.uasset" 2401
"../../../Engine/Content/MobileResources/HUD/T_Castle_ThumbstickInner.uasset" 2402
"../../../Engine/Content/MobileResources/HUD/MobileHUDDirectionStick.uasset" 2403
"../../../Engine/Content/MobileResources/HUD/MobileHUDDirectionPad3.uasset" 2404
"../../../Engine/Content/MobileResources/HUD/MobileHUDDirectionPad2.uasset" 2405
"../../../Engine/Content/MobileResources/HUD/MobileHUDDirectionPad.uasset" 2406
"../../../Engine/Content/MobileResources/HUD/MobileHUDButtonFire.uasset" 2407
"../../../Engine/Content/MobileResources/HUD/MobileHUDButton3.uasset" 2408
"../../../Engine/Content/MobileResources/HUD/MobileHUDButton2_on.uasset" 2409
"../../../Engine/Content/MobileResources/HUD/MobileHUDButton2_off.uasset" 2410
"../../../Engine/Content/MobileResources/HUD/MobileHUDButton1_on.uasset" 2411
"../../../Engine/Content/MobileResources/HUD/MobileHUDButton1_off.uasset" 2412
"../../../Engine/Content/MobileResources/HUD/LeftVirtualJoystickOnly.uasset" 2413
"../../../Engine/Content/MobileResources/HUD/AnalogHat.uasset" 2414
"../../../Engine/Content/MobileResources/T_MobileMenu2.uasset" 2415
"../../../Engine/Content/MobileResources/T_MobileControls_texture.uasset" 2416
"D:/220177/ChronoTrial 4.27/Content/Timer/ELIXIA_Font.uasset" 2417
"D:/220177/ChronoTrial 4.27/Content/03GamePlay/E_OptionButton.uasset" 2418
"D:/220177/ChronoTrial 4.27/Content/03GamePlay/Image/plus2.uasset" 2419
"D:/220177/ChronoTrial 4.27/Content/03GamePlay/E_PauseButton.uasset" 2420
"D:/220177/ChronoTrial 4.27/Content/03GamePlay/Image/ToDo/stay_text.uasset" 2421
"D:/220177/ChronoTrial 4.27/Content/03GamePlay/Image/plus.uasset" 2422
"D:/220177/ChronoTrial 4.27/Content/03GamePlay/Image/ToDo/bossmae_text.uasset" 2423
"D:/220177/ChronoTrial 4.27/Content/Timer/ELIXIA.uasset" 2424
"D:/220177/ChronoTrial 4.27/Content/03GamePlay/Image/minus.uasset" 2425
"D:/220177/ChronoTrial 4.27/Content/03GamePlay/Image/minus2.uasset" 2426
"D:/220177/ChronoTrial 4.27/Content/03GamePlay/Image/SensitivityUI_2.uasset" 2427
"D:/220177/ChronoTrial 4.27/Content/03GamePlay/SensitivityOption.uasset" 2428
"D:/220177/ChronoTrial 4.27/Content/03GamePlay/Image/Pause/UI_Button_Back2.uasset" 2429
"D:/220177/ChronoTrial 4.27/Content/03GamePlay/Image/Pause/UI_Button_Quit2.uasset" 2430
"D:/220177/ChronoTrial 4.27/Content/03GamePlay/Image/Pause/UI_Button_Retry2.uasset" 2431
"D:/220177/ChronoTrial 4.27/Content/03GamePlay/Image/Pause/UI_Button_Seinsitivity2.uasset" 2432
"D:/220177/ChronoTrial 4.27/Content/03GamePlay/Image/Pause/UI_Pause2.uasset" 2433
"D:/220177/ChronoTrial 4.27/Content/03GamePlay/Pause.uasset" 2434
"D:/220177/ChronoTrial 4.27/Content/03GamePlay/ToDoText.uasset" 2435
"D:/220177/ChronoTrial 4.27/Content/03GamePlay/E_TrialButton.uasset" 2436
"D:/220177/ChronoTrial 4.27/Content/ThirdPersonBP/Skill/SkillData.uasset" 2437
"D:/220177/ChronoTrial 4.27/Content/Timer/UMG_CountDown.uasset" 2438
"D:/220177/ChronoTrial 4.27/Content/ThirdPersonBP/Skill/PC_Outline_Data_2.uasset" 2439
"D:/220177/ChronoTrial 4.27/Content/ThirdPersonBP/Skill/PC_Outline_Data.uasset" 2440
"D:/220177/ChronoTrial 4.27/Content/Sounds/SE/PlayerSE/SE_Stop_Cue.uasset" 2441
"D:/220177/ChronoTrial 4.27/Content/Sounds/SE/PlayerSE/SE_Stop.uasset" 2442
"D:/220177/ChronoTrial 4.27/Content/Sounds/SE/PlayerSE/SE_Reverse.uasset" 2443
"D:/220177/ChronoTrial 4.27/Content/03GamePlay/HUD_Play.uasset" 2444
"D:/220177/ChronoTrial 4.27/Content/ThirdPersonBP/ThirdPersonCharacter.uasset" 2445
"D:/220177/ChronoTrial 4.27/Content/NewCharacter/NewAnimBlueprint.uasset" 2446
"D:/220177/ChronoTrial 4.27/Content/NewCharacter/NewAttackAnim_Montage.uasset" 2447
"D:/220177/ChronoTrial 4.27/Content/NewCharacter/NewAttackAnim/Motion_Attack_Anim_attack1_stand.uasset" 2448
"../../../Engine/Content/Animation/DefaultAnimBoneCompressionSettings.uasset" 2449
"../../../Engine/Content/Animation/DefaultAnimCurveCompressionSettings.uasset" 2450
"D:/220177/ChronoTrial 4.27/Content/NewCharacter/NewChar_Skeleton.uasset" 2451
"D:/220177/ChronoTrial 4.27/Content/NewCharacter/NewAttackAnim/Motion_Attack_Anim_attack_1.uasset" 2452
"D:/220177/ChronoTrial 4.27/Content/NewCharacter/NewAttackAnim/Motion_Attack_Anim_attack_Jump.uasset" 2453
"D:/220177/ChronoTrial 4.27/Content/NewCharacter/NewAttackAnim/Motion_Attack_Anim_attack_rotate.uasset" 2454
"D:/220177/ChronoTrial 4.27/Content/NewCharacter/NewAttackAnim/Motion_Attack_Anim_jump_stand.uasset" 2455
"D:/220177/ChronoTrial 4.27/Content/NewCharacter/NewAttackAnim/Motion_Attack_Anim_rotate_stand.uasset" 2456
"D:/220177/ChronoTrial 4.27/Content/NewCharacter/AnimNotifyState_Rotate.uasset" 2457
"D:/220177/ChronoTrial 4.27/Content/Reverse/ReverseFuncType.uasset" 2458
"D:/220177/ChronoTrial 4.27/Content/ThirdPersonBP/Skill/PlayerSkillManager.uasset" 2459
"D:/220177/ChronoTrial 4.27/Content/Enemy/BP_EnemyBulletBase.uasset" 2460
"D:/220177/ChronoTrial 4.27/Content/Reverse/UEnemyBulletReverseTime.uasset" 2461
"D:/220177/ChronoTrial 4.27/Content/Reverse/UReverseTimeComponent.uasset" 2462
"D:/220177/ChronoTrial 4.27/Content/NewCharacter/NewChara.uasset" 2463
"D:/220177/ChronoTrial 4.27/Content/NewCharacter/Material/lambert1.uasset" 2464
"D:/220177/ChronoTrial 4.27/Content/NewCharacter/Material/phong1.uasset" 2465
"D:/220177/ChronoTrial 4.27/Content/NewCharacter/Material/chest_01.uasset" 2466
"D:/220177/ChronoTrial 4.27/Content/NewCharacter/Material/phong2.uasset" 2467
"D:/220177/ChronoTrial 4.27/Content/NewCharacter/Material/pants_01.uasset" 2468
"D:/220177/ChronoTrial 4.27/Content/NewCharacter/Material/phong4.uasset" 2469
"D:/220177/ChronoTrial 4.27/Content/NewCharacter/Material/eye_L.uasset" 2470
"D:/220177/ChronoTrial 4.27/Content/NewCharacter/Material/phong5.uasset" 2471
"D:/220177/ChronoTrial 4.27/Content/NewCharacter/Material/eye_R.uasset" 2472
"D:/220177/ChronoTrial 4.27/Content/NewCharacter/Material/surfaceShader6.uasset" 2473
"D:/220177/ChronoTrial 4.27/Content/NewCharacter/NewChar_PhysicsAsset.uasset" 2474
"D:/220177/ChronoTrial 4.27/Content/NewCharacter/NewSword/NewSword.uasset" 2475
"D:/220177/ChronoTrial 4.27/Content/NewCharacter/NewSword/phong5.uasset" 2476
"D:/220177/ChronoTrial 4.27/Content/NewCharacter/NewSword/sword_01.uasset" 2477
"D:/220177/ChronoTrial 4.27/Content/Reverse/UPlayerReverseTimeComponent.uasset" 2478
"D:/220177/ChronoTrial 4.27/Content/Reverse/UAnimReverseTimeComponent.uasset" 2479
"D:/220177/ChronoTrial 4.27/Content/Reverse/FReverseFrameData.uasset" 2480
"D:/220177/ChronoTrial 4.27/Content/Reverse/FAnimReverseFrameData.uasset" 2481
"D:/220177/ChronoTrial 4.27/Content/Reverse/FPlayerReverseFrameData.uasset" 2482
"D:/220177/ChronoTrial 4.27/Content/Enemy/EnemyBase.uasset" 2483
"D:/220177/ChronoTrial 4.27/Content/Enemy/Spawner/Spawner.uasset" 2484
"D:/220177/ChronoTrial 4.27/Content/Enemy/Enemy1/Enemy1.uasset" 2485
"D:/220177/ChronoTrial 4.27/Content/Enemy/Model/Animation/Enemy1AnimBP.uasset" 2486
"D:/220177/ChronoTrial 4.27/Content/Enemy/Model/Animation/yarare_Anim.uasset" 2487
"D:/220177/ChronoTrial 4.27/Content/Enemy/Model/model/taiki_Skeleton.uasset" 2488
"D:/220177/ChronoTrial 4.27/Content/Enemy/Model/Animation/EnemyAnimBlend.uasset" 2489
"D:/220177/ChronoTrial 4.27/Content/Enemy/Model/Animation/run_Anim.uasset" 2490
"D:/220177/ChronoTrial 4.27/Content/Sounds/SE/PlayerSE/SE_RunOnce_Cue.uasset" 2491
"D:/220177/ChronoTrial 4.27/Content/Sounds/SE/PlayerSE/SE_RunOnce.uasset" 2492
"D:/220177/ChronoTrial 4.27/Content/Sounds/SE/SE_Attenuation.uasset" 2493
"D:/220177/ChronoTrial 4.27/Content/Enemy/Model/Animation/taiki_Anim.uasset" 2494
"D:/220177/ChronoTrial 4.27/Content/Enemy/Spawner/SpawnTable.uasset" 2495
"D:/220177/ChronoTrial 4.27/Content/Reverse/UEnemyReverseTimeComponent.uasset" 2496
"D:/220177/ChronoTrial 4.27/Content/Reverse/FEnemyReverseFrameData.uasset" 2497
"D:/220177/ChronoTrial 4.27/Content/ThirdPersonBP/WBP_HealthBar.uasset" 2498
"D:/220177/ChronoTrial 4.27/Content/ThirdPersonBP/HPUI_remove_frame.uasset" 2499
"D:/220177/ChronoTrial 4.27/Content/ThirdPersonBP/HPUI_remove_gauge.uasset" 2500
"D:/220177/ChronoTrial 4.27/Content/RoomCheckObjectBP/TriggerBoxNew.uasset" 2501
"D:/220177/ChronoTrial 4.27/Content/ExplodeObject/BP_BombSpawner.uasset" 2502
"D:/220177/ChronoTrial 4.27/Content/ExplodeObject/BP_Bomb.uasset" 2503
"D:/220177/ChronoTrial 4.27/Content/NewCharacter/CameraShake/BP_CameraShake_Normal.uasset" 2504
"D:/220177/ChronoTrial 4.27/Content/StarterContent/Materials/M_Metal_Gold.uasset" 2505
"D:/220177/ChronoTrial 4.27/Content/StarterContent/Textures/T_MacroVariation.uasset" 2506
"D:/220177/ChronoTrial 4.27/Content/StarterContent/Textures/T_Metal_Gold_D.uasset" 2507
"D:/220177/ChronoTrial 4.27/Content/StarterContent/Textures/T_Metal_Gold_N.uasset" 2508
"D:/220177/ChronoTrial 4.27/Content/Sounds/SE/StageSE/SE_BombExplode_Cue.uasset" 2509
"D:/220177/ChronoTrial 4.27/Content/Sounds/SE/StageSE/SE_BombExplode.uasset" 2510
"D:/220177/ChronoTrial 4.27/Content/Sounds/SE/StageSE/SE_BombHit_Cue.uasset" 2511
"D:/220177/ChronoTrial 4.27/Content/Sounds/SE/StageSE/SE_BombHit.uasset" 2512
"D:/220177/ChronoTrial 4.27/Content/StarterContent/Particles/P_Explosion.uasset" 2513
"D:/220177/ChronoTrial 4.27/Content/StarterContent/Particles/Materials/M_Burst.uasset" 2514
"D:/220177/ChronoTrial 4.27/Content/StarterContent/Textures/T_Burst_M.uasset" 2515
"D:/220177/ChronoTrial 4.27/Content/StarterContent/Particles/Materials/M_explosion_subUV.uasset" 2516
"D:/220177/ChronoTrial 4.27/Content/StarterContent/Textures/T_Explosion_SubUV.uasset" 2517
"D:/220177/ChronoTrial 4.27/Content/StarterContent/Particles/Materials/m_flare_01.uasset" 2518
"D:/220177/ChronoTrial 4.27/Content/StarterContent/Particles/Materials/M_radial_ramp.uasset" 2519
"../../../Engine/Content/Functions/Engine_MaterialFunctions01/Gradient/RadialGradient.uasset" 2520
"D:/220177/ChronoTrial 4.27/Content/StarterContent/Particles/Materials/M_smoke_subUV.uasset" 2521
"D:/220177/ChronoTrial 4.27/Content/StarterContent/Textures/T_Smoke_SubUV.uasset" 2522
"D:/220177/ChronoTrial 4.27/Content/StarterContent/Textures/T_Smoke_Tiled_D.uasset" 2523
"D:/220177/ChronoTrial 4.27/Content/StarterContent/Particles/P_Smoke.uasset" 2524
"D:/220177/ChronoTrial 4.27/Content/StarterContent/Shapes/Shape_Sphere.uasset" 2525
"D:/220177/ChronoTrial 4.27/Content/StarterContent/Materials/M_Basic_Wall.uasset" 2526
"D:/220177/ChronoTrial 4.27/Content/RoomCheckObjectBP/MT_Incomplete.uasset" 2527
"D:/220177/ChronoTrial 4.27/Content/Reverse/FEnemyBulletReverseFrameData.uasset" 2528
"D:/220177/ChronoTrial 4.27/Content/Enemy/Character_Interface.uasset" 2529
"D:/220177/ChronoTrial 4.27/Content/RoomCheckObjectBP/CloseDoorBP.uasset" 2530
"D:/220177/ChronoTrial 4.27/Content/StageModel/M_Wall3.uasset" 2531
"D:/220177/ChronoTrial 4.27/Content/StageModel/Texture/Wall_3_Base_color.uasset" 2532
"D:/220177/ChronoTrial 4.27/Content/StageModel/Texture/Wall_3_Emissive.uasset" 2533
"D:/220177/ChronoTrial 4.27/Content/StageModel/Texture/Wall_3_Normal_OpenGL.uasset" 2534
"D:/220177/ChronoTrial 4.27/Content/StageModel/Texture/Wall_3_Roughness.uasset" 2535
"D:/220177/ChronoTrial 4.27/Content/StageModel/Wall3.uasset" 2536
"D:/220177/ChronoTrial 4.27/Content/RoomCheckObjectBP/LocationPin.uasset" 2537
"D:/220177/ChronoTrial 4.27/Content/Enemy/Model/Material/Enemy1.uasset" 2538
"D:/220177/ChronoTrial 4.27/Content/Enemy/Model/Material/MT_Dissolve.uasset" 2539
"../../../Engine/Content/MaterialTemplates/Textures/T_Noise01.uasset" 2540
"D:/220177/ChronoTrial 4.27/Content/Enemy/Model/Texture/Close_Metallic_1001_1.uasset" 2541
"D:/220177/ChronoTrial 4.27/Content/Enemy/Model/Texture/Close_NormalMap.uasset" 2542
"D:/220177/ChronoTrial 4.27/Content/Enemy/Model/Texture/Close_Roughness_1001_1.uasset" 2543
"D:/220177/ChronoTrial 4.27/Content/StageModel/Boss/Close_Base_color_1002.uasset" 2544
"D:/220177/ChronoTrial 4.27/Content/RoomCheckObjectBP/LocationPinMesh.uasset" 2545
"D:/220177/ChronoTrial 4.27/Content/Geometry/Meshes/CubeMaterial.uasset" 2546
"D:/220177/ChronoTrial 4.27/Content/RoomCheckObjectBP/StageLamp.uasset" 2547
"D:/220177/ChronoTrial 4.27/Content/RoomCheckObjectBP/MT_Complletion.uasset" 2548
"D:/220177/ChronoTrial 4.27/Content/RoomCheckObjectBP/TriggerBoxBossNew.uasset" 2549
"D:/220177/ChronoTrial 4.27/Content/Enemy/EnemyBoss/EnemyBoss.uasset" 2550
"D:/220177/ChronoTrial 4.27/Content/Enemy/EnemyBoss/Spawner/NewMacroLibrary.uasset" 2551
"D:/220177/ChronoTrial 4.27/Content/Reverse/UBossBeamReverseTimeComponent.uasset" 2552
"D:/220177/ChronoTrial 4.27/Content/Reverse/FBossBeamReverseFrameData.uasset" 2553
"D:/220177/ChronoTrial 4.27/Content/StarterContent/Shapes/Shape_Cylinder.uasset" 2554
"D:/220177/ChronoTrial 4.27/Content/Enemy/EnemyBoss/BossBeam/M_BeamCircleCurrent_Inst.uasset" 2555
"D:/220177/ChronoTrial 4.27/Content/Enemy/EnemyBoss/BossBeam/M_BeamCircleCurrent.uasset" 2556
"../../../Engine/Content/Functions/Engine_MaterialFunctions01/Density/ExponentialDensity.uasset" 2557
"../../../Engine/Content/Functions/Engine_MaterialFunctions01/Gradient/RadialGradientExponential.uasset" 2558
"../../../Engine/Content/Functions/Engine_MaterialFunctions02/Math/TimeWithSpeedVariable.uasset" 2559
"D:/220177/ChronoTrial 4.27/Content/Enemy/EnemyBoss/BossBeam/M_BeamCircleEnd_Inst.uasset" 2560
"D:/220177/ChronoTrial 4.27/Content/Enemy/EnemyBoss/BossBeam/M_BeamCircleEnd.uasset" 2561
"D:/220177/ChronoTrial 4.27/Content/StarterContent/Shapes/Shape_Pipe.uasset" 2562
"D:/220177/ChronoTrial 4.27/Content/Enemy/EnemyBoss/BossBeam/MT_Beam.uasset" 2563
"../../../Engine/Content/Functions/Engine_MaterialFunctions01/Gradient/LinearGradient.uasset" 2564
"../../../Engine/Content/Functions/Engine_MaterialFunctions01/ImageAdjustment/CheapContrast.uasset" 2565
"../../../Engine/Content/Functions/Engine_MaterialFunctions01/Texturing/WorldAlignedTexture.uasset" 2566
"D:/220177/ChronoTrial 4.27/Content/StarterContent/Textures/T_Tech_Hex_Tile_M.uasset" 2567
"D:/220177/ChronoTrial 4.27/Content/Enemy/EnemyBoss/BossBeam/New/mat/M_EnemyBeam_D.uasset" 2568
"../../../Engine/Content/Functions/Engine_MaterialFunctions02/Utility/AppendMany.uasset" 2569
"D:/220177/ChronoTrial 4.27/Content/Enemy/EnemyBoss/BossBeam/New/tex/C_3.uasset" 2570
"D:/220177/ChronoTrial 4.27/Content/Enemy/EnemyBoss/BossBeam/New/mat/M_EnemyBeam_D1.uasset" 2571
"D:/220177/ChronoTrial 4.27/Content/Enemy/EnemyBoss/BossBeam/New/tex/Barrier_Noise.uasset" 2572
"../../Plugins/FX/Niagara/Content/DefaultAssets/DefaultSpriteMaterial.uasset" 2573
"D:/220177/ChronoTrial 4.27/Content/Enemy/EnemyBoss/BossBeam/New/mat/M_Beam_Cir1.uasset" 2574
"D:/220177/ChronoTrial 4.27/Content/Enemy/EnemyBoss/BossBeam/New/mat/M_Effect.uasset" 2575
"D:/220177/ChronoTrial 4.27/Content/Enemy/EnemyBoss/BossBeam/New/tex/white_A.uasset" 2576
"D:/220177/ChronoTrial 4.27/Content/Enemy/EnemyBoss/BossBeam/New/tex/white_RGB.uasset" 2577
"D:/220177/ChronoTrial 4.27/Content/Enemy/EnemyBoss/BossBeam/New/tex/TechCircle.uasset" 2578
"D:/220177/ChronoTrial 4.27/Content/Enemy/EnemyBoss/BossBeam/New/mat/M_Enemy_Cir3.uasset" 2579
"D:/220177/ChronoTrial 4.27/Content/Enemy/EnemyBoss/BossBeam/New/tex/TechCircle2_A.uasset" 2580
"../../Plugins/FX/Niagara/Content/DynamicInputs/ValueFromCurve/FloatFromCurve.uasset" 2581
"../../Plugins/FX/Niagara/Content/DynamicInputs/ValueFromCurve/VectorFromCurve.uasset" 2582
"../../Plugins/FX/Niagara/Content/Modules/Emitter/EmitterState.uasset" 2583
"../../Plugins/FX/Niagara/Content/Functions/Emitter/EmitterChangeState.uasset" 2584
"../../Plugins/FX/Niagara/Content/Enums/ENiagara_EmitterStateOptions.uasset" 2585
"../../Plugins/FX/Niagara/Content/Enums/ENiagara_InfiniteLoopDuration.uasset" 2586
"../../Plugins/FX/Niagara/Content/Enums/ENiagaraEmitterLifeCycleMode.uasset" 2587
"../../Plugins/FX/Niagara/Content/Enums/ENiagaraEmitterScalabilityMode_Limited.uasset" 2588
"../../Plugins/FX/Niagara/Content/Enums/ENiagaraExecutionStateManagement.uasset" 2589
"../../Plugins/FX/Niagara/Content/Enums/ENiagaraInactiveMode.uasset" 2590
"../../Plugins/FX/Niagara/Content/Modules/Emitter/SpawnBurst_Instantaneous.uasset" 2591
"../../Plugins/FX/Niagara/Content/Functions/V2/CalculateRandomRangeFloat.uasset" 2592
"../../Plugins/FX/Niagara/Content/Enums/ENiagaraRandomnessEvaluation.uasset" 2593
"../../Plugins/FX/Niagara/Content/Enums/ENiagaraRandomnessMode.uasset" 2594
"../../Plugins/FX/Niagara/Content/Modules/Emitter/SpawnRate.uasset" 2595
"../../Plugins/FX/Niagara/Content/Functions/RandomRangeFloat.uasset" 2596
"../../Plugins/FX/Niagara/Content/Functions/GetRandomInfo.uasset" 2597
"../../Plugins/FX/Niagara/Content/Modules/Solvers/SolveForcesAndVelocity.uasset" 2598
"../../Plugins/FX/Niagara/Content/Functions/DirectionAndLengthSafe.uasset" 2599
"../../Plugins/FX/Niagara/Content/Functions/Localspace/SimulationPosition.uasset" 2600
"../../Plugins/FX/Niagara/Content/Modules/Spawn/Initialization/V2/InitializeParticle.uasset" 2601
"../../Plugins/FX/Niagara/Content/Functions/LinearColor/HueShiftLinearColor.uasset" 2602
"../../Plugins/FX/Niagara/Content/Functions/Localspace/TransformVector.uasset" 2603
"../../Plugins/FX/Niagara/Content/Functions/Localspace/TransformBase.uasset" 2604
"../../Plugins/FX/Niagara/Content/Functions/V2/CalculateRandomBool.uasset" 2605
"../../Plugins/FX/Niagara/Content/Functions/V2/CalculateRandomRangeInteger.uasset" 2606
"../../Plugins/FX/Niagara/Content/Functions/V2/CalculateRandomRange.uasset" 2607
"../../Plugins/FX/Niagara/Content/Enums/ENiagara_ColorInitializationMode.uasset" 2608
"../../Plugins/FX/Niagara/Content/Enums/ENiagara_LifetimeMode.uasset" 2609
"../../Plugins/FX/Niagara/Content/Enums/ENiagara_MassInitializationMode.uasset" 2610
"../../Plugins/FX/Niagara/Content/Enums/ENiagara_PositionInitializationMode.uasset" 2611
"../../Plugins/FX/Niagara/Content/Enums/ENiagara_SizeScaleMode.uasset" 2612
"../../Plugins/FX/Niagara/Content/Enums/ENiagara_SpriteRotationMode.uasset" 2613
"../../Plugins/FX/Niagara/Content/Enums/ENiagara_UVFlippingMode.uasset" 2614
"../../Plugins/FX/Niagara/Content/Enums/ENiagaraChannelCorrelation.uasset" 2615
"../../Plugins/FX/Niagara/Content/Enums/Ribbons/ENiagara_UnsetDirectSetRandom.uasset" 2616
"../../Plugins/FX/Niagara/Content/Modules/Spawn/Location/TorusLocation.uasset" 2617
"../../Plugins/FX/Niagara/Content/Functions/ParametricTorus.uasset" 2618
"../../Plugins/FX/Niagara/Content/Functions/ParametricTorusKnot.uasset" 2619
"../../Plugins/FX/Niagara/Content/Functions/PolarToCartesianCoordinates.uasset" 2620
"../../Plugins/FX/Niagara/Content/Functions/RandomRange.uasset" 2621
"../../Plugins/FX/Niagara/Content/Functions/Rotation/AxisAngleToQuaternion.uasset" 2622
"../../Plugins/FX/Niagara/Content/Functions/Rotation/FindQuatBetween.uasset" 2623
"../../Plugins/FX/Niagara/Content/Functions/Rotation/MultiplyQuaternion.uasset" 2624
"../../Plugins/FX/Niagara/Content/Functions/Rotation/MultiplyVectorWithQuaternion.uasset" 2625
"../../Plugins/FX/Niagara/Content/Enums/ENiagaraTorusDistributionMode.uasset" 2626
"../../Plugins/FX/Niagara/Content/Enums/ENiagaraTorusMode.uasset" 2627
"../../Plugins/FX/Niagara/Content/Modules/Spawn/Velocity/AddVelocity.uasset" 2628
"../../Plugins/FX/Niagara/Content/Modules/System/SystemState.uasset" 2629
"../../Plugins/FX/Niagara/Content/Functions/System/SystemChangeState.uasset" 2630
"../../Plugins/FX/Niagara/Content/Enums/ENiagaraSystemInactiveMode.uasset" 2631
"../../Plugins/FX/Niagara/Content/Modules/Update/Color/ScaleColor.uasset" 2632
"../../Plugins/FX/Niagara/Content/Enums/ENiagaraScaleColorMode.uasset" 2633
"../../Plugins/FX/Niagara/Content/Modules/Update/Lifetime/ParticleState.uasset" 2634
"../../Plugins/FX/Niagara/Content/Modules/Update/Material/DynamicMaterialParameters.uasset" 2635
"../../Plugins/FX/Niagara/Content/Modules/Update/Orientation/SpriteRotationRate.uasset" 2636
"../../Plugins/FX/Niagara/Content/Modules/Update/Size/ScaleMeshSize.uasset" 2637
"../../Plugins/FX/Niagara/Content/Modules/Update/Size/ScaleSpriteSize.uasset" 2638
"../../Plugins/FX/Niagara/Content/Enums/SpriteRenderer/ENiagara_ScaleSpriteSize.uasset" 2639
"D:/220177/ChronoTrial 4.27/Content/Enemy/EnemyBoss/BossBeam/New/Beam.uasset" 2640
"D:/220177/ChronoTrial 4.27/Content/Enemy/EnemyBoss/BossBeam/New/mat/M_Enemy_gra.uasset" 2641
"D:/220177/ChronoTrial 4.27/Content/Enemy/EnemyBoss/BossBeam/New/Beam_oura.uasset" 2642
"D:/220177/ChronoTrial 4.27/Content/Enemy/EnemyBoss/BossBeam/New/mat/M_EnemyBeam_Aura.uasset" 2643
"D:/220177/ChronoTrial 4.27/Content/Enemy/EnemyBoss/BossBeam/New/gurade.uasset" 2644
"D:/220177/ChronoTrial 4.27/Content/Sounds/SE/BossSE/SE_BossAttackBeam_Cue.uasset" 2645
"D:/220177/ChronoTrial 4.27/Content/Sounds/SE/BossSE/SE_BossAttackBeam.uasset" 2646
"D:/220177/ChronoTrial 4.27/Content/Reverse/UBossBombReverseTimeComponent.uasset" 2647
"D:/220177/ChronoTrial 4.27/Content/Reverse/FBossBombReverseFrameData.uasset" 2648
"D:/220177/ChronoTrial 4.27/Content/Enemy/EnemyBoss/BossBomb/M_ExplodeCircleCurrent_Inst.uasset" 2649
"D:/220177/ChronoTrial 4.27/Content/Enemy/EnemyBoss/BossBomb/M_ExplodeCircleCurrent.uasset" 2650
"D:/220177/ChronoTrial 4.27/Content/Enemy/EnemyBoss/BossBomb/M_ExplodeCircleEnd_Inst.uasset" 2651
"D:/220177/ChronoTrial 4.27/Content/Enemy/EnemyBoss/BossBomb/M_ExplodeCircleEnd.uasset" 2652
"D:/220177/ChronoTrial 4.27/Content/Sounds/SE/BossSE/SE_BossAttackExplode_Cue.uasset" 2653
"D:/220177/ChronoTrial 4.27/Content/Sounds/SE/BossSE/SE_BossAttackExplode.uasset" 2654
"D:/220177/ChronoTrial 4.27/Content/Enemy/EnemyBoss/BossCore.uasset" 2655
"D:/220177/ChronoTrial 4.27/Content/Enemy/EnemyBoss/BossSkillTable.uasset" 2656
"D:/220177/ChronoTrial 4.27/Content/Enemy/EnemyBoss/Model/reactor_reactor_glass.uasset" 2657
"D:/220177/ChronoTrial 4.27/Content/Enemy/EnemyBoss/Model/glass.uasset" 2658
"D:/220177/ChronoTrial 4.27/Content/Enemy/EnemyBoss/Model/reactor_reactor_body.uasset" 2659
"D:/220177/ChronoTrial 4.27/Content/Enemy/EnemyBoss/Model/frame_light.uasset" 2660
"D:/220177/ChronoTrial 4.27/Content/Enemy/EnemyBoss/Model/reactor_body.uasset" 2661
"D:/220177/ChronoTrial 4.27/Content/Enemy/EnemyBoss/Model/reactor_reactor_pipes.uasset" 2662
"D:/220177/ChronoTrial 4.27/Content/Enemy/EnemyBoss/Model/frame_body.uasset" 2663
"D:/220177/ChronoTrial 4.27/Content/Enemy/EnemyBoss/Model/pipes.uasset" 2664
"D:/220177/ChronoTrial 4.27/Content/Reverse/UBossEnemyReverseTimeComponent.uasset" 2665
"D:/220177/ChronoTrial 4.27/Content/Reverse/FBossEnemyReverseFrameData.uasset" 2666
"D:/220177/ChronoTrial 4.27/Content/Geometry/Meshes/1M_Cube.uasset" 2667
"D:/220177/ChronoTrial 4.27/Content/Enemy/Model/MT_Bullet.uasset" 2668
"D:/220177/ChronoTrial 4.27/Content/Reverse/UBossCoreReverseTimeComponent.uasset" 2669
"D:/220177/ChronoTrial 4.27/Content/Reverse/FBossCoreReverseFrameData.uasset" 2670
"D:/220177/ChronoTrial 4.27/Content/Enemy/EnemyBoss/SpecialSkill.uasset" 2671
"D:/220177/ChronoTrial 4.27/Content/Enemy/EnemyBoss/boss_text.uasset" 2672
"D:/220177/ChronoTrial 4.27/Content/Enemy/EnemyBoss/BossRing/BP_BossRing.uasset" 2673
"D:/220177/ChronoTrial 4.27/Content/Reverse/UBossRingReverseTimeComponent.uasset" 2674
"D:/220177/ChronoTrial 4.27/Content/Reverse/FBossRingReverseFrameData.uasset" 2675
"D:/220177/ChronoTrial 4.27/Content/Enemy/EnemyBoss/BossRing/M_RingCircleEnd_Inst.uasset" 2676
"D:/220177/ChronoTrial 4.27/Content/Enemy/EnemyBoss/BossRing/M_RingCircleEnd.uasset" 2677
"D:/220177/ChronoTrial 4.27/Content/Enemy/EnemyBoss/BP_BossSoundCTRL.uasset" 2678
"D:/220177/ChronoTrial 4.27/Content/Reverse/UBossSoundReverseTimeComponent.uasset" 2679
"D:/220177/ChronoTrial 4.27/Content/Enemy/EnemyBoss/BossSoundData.uasset" 2680
"D:/220177/ChronoTrial 4.27/Content/Reverse/FBossSoundReverseFrameData.uasset" 2681
"D:/220177/ChronoTrial 4.27/Content/Enemy/EnemyBoss/Spawner/BossSpawner.uasset" 2682
"D:/220177/ChronoTrial 4.27/Content/RoomCheckObjectBP/CloseBossDoorBP.uasset" 2683
"D:/220177/ChronoTrial 4.27/Content/StageModel/Boss/obj6.uasset" 2684
"D:/220177/ChronoTrial 4.27/Content/StageModel/Boss/objctotextu.uasset" 2685
"D:/220177/ChronoTrial 4.27/Content/StageModel/Boss/Boss_polySurface324.uasset" 2686
"D:/220177/ChronoTrial 4.27/Content/StageModel/Boss/Boss_polySurface327.uasset" 2687
"D:/220177/ChronoTrial 4.27/Content/03GamePlay/WBP_TrialMenu.uasset" 2688
"D:/220177/ChronoTrial 4.27/Content/CoolTimeUI/CoolTImeUI.uasset" 2689
"D:/220177/ChronoTrial 4.27/Content/CoolTimeUI/1CFc6Uqk_Mat.uasset" 2690
"../../../Engine/Content/Functions/Engine_MaterialFunctions02/Texturing/CustomRotator.uasset" 2691
"../../../Engine/Content/Functions/Engine_MaterialFunctions02/Utility/VectorToRadialValue.uasset" 2692
"D:/220177/ChronoTrial 4.27/Content/CoolTimeUI/circleG.uasset" 2693
"D:/220177/ChronoTrial 4.27/Content/CoolTimeUI/Controller.uasset" 2694
"D:/220177/ChronoTrial 4.27/Content/CoolTimeUI/rewind.uasset" 2695
"D:/220177/ChronoTrial 4.27/Content/CoolTimeUI/rewindG.uasset" 2696
"D:/220177/ChronoTrial 4.27/Content/CoolTimeUI/slow.uasset" 2697
"D:/220177/ChronoTrial 4.27/Content/CoolTimeUI/slowG.uasset" 2698
"D:/220177/ChronoTrial 4.27/Content/CoolTimeUI/speed.uasset" 2699
"D:/220177/ChronoTrial 4.27/Content/CoolTimeUI/speedG.uasset" 2700
"D:/220177/ChronoTrial 4.27/Content/CoolTimeUI/stop.uasset" 2701
"D:/220177/ChronoTrial 4.27/Content/CoolTimeUI/stopG.uasset" 2702
"D:/220177/ChronoTrial 4.27/Content/Enemy/EnemyCount.uasset" 2703
"D:/220177/ChronoTrial 4.27/Content/Enemy/EnemyBoss/HealthBar/WBP_BossHealthBar.uasset" 2704
"D:/220177/ChronoTrial 4.27/Content/Enemy/EnemyBoss/HealthBar/UI_HP_Enemy.uasset" 2705
"D:/220177/ChronoTrial 4.27/Content/Enemy/EnemyBoss/HealthBar/UI_HP_Enemy_frame.uasset" 2706
"D:/220177/ChronoTrial 4.27/Content/Sounds/SE/BossSE/SE_BossUltimateActivate_Cue.uasset" 2707
"D:/220177/ChronoTrial 4.27/Content/Sounds/SE/BossSE/SE_BossUltimateActivate.uasset" 2708
"D:/220177/ChronoTrial 4.27/Content/Sounds/SE/BossSE/SE_CoreBreaking_Cue.uasset" 2709
"D:/220177/ChronoTrial 4.27/Content/Sounds/SE/BossSE/SE_CoreBreaking.uasset" 2710
"D:/220177/ChronoTrial 4.27/Content/Sounds/SE/BossSE/SE_CoreHiting_Cue.uasset" 2711
"D:/220177/ChronoTrial 4.27/Content/Sounds/SE/BossSE/SE_CoreHiting.uasset" 2712
"D:/220177/ChronoTrial 4.27/Content/Sounds/SE/BossSE/SE_CoreSpawn_Cue.uasset" 2713
"D:/220177/ChronoTrial 4.27/Content/Sounds/SE/BossSE/SE_CoreSpawn.uasset" 2714
"D:/220177/ChronoTrial 4.27/Content/NewCreateFX/effects/EnemyApp/effects/NS_EnemyApp.uasset" 2715
"../../Plugins/FX/Niagara/Content/DefaultAssets/DefaultRIbbonMaterial.uasset" 2716
"D:/220177/ChronoTrial 4.27/Content/NewCreateFX/effects/EnemyApp/effects/mat/M_EneApp.uasset" 2717
"D:/220177/ChronoTrial 4.27/Content/NewCreateFX/effects/EnemyApp/effects/mat/M_Effect.uasset" 2718
"D:/220177/ChronoTrial 4.27/Content/NewCreateFX/effects/tex/white_A.uasset" 2719
"D:/220177/ChronoTrial 4.27/Content/NewCreateFX/effects/tex/white_RGB.uasset" 2720
"D:/220177/ChronoTrial 4.27/Content/NewCreateFX/effects/EnemyApp/effects/tex/gurade_pS.uasset" 2721
"D:/220177/ChronoTrial 4.27/Content/NewCreateFX/effects/EnemyApp/effects/mat/M_EneApp3.uasset" 2722
"D:/220177/ChronoTrial 4.27/Content/NewCreateFX/effects/mat/M_Effect.uasset" 2723
"D:/220177/ChronoTrial 4.27/Content/NewCreateFX/effects/EnemyApp/effects/tex/ii.uasset" 2724
"D:/220177/ChronoTrial 4.27/Content/NewCreateFX/effects/EnemyApp/effects/mat/M_EneApp4.uasset" 2725
"D:/220177/ChronoTrial 4.27/Content/NewCreateFX/effects/EnemyApp/effects/tex/i.uasset" 2726
"../../Plugins/FX/Niagara/Content/DynamicInputs/UniformRange/V2/RandomRangeFloat.uasset" 2727
"../../Plugins/FX/Niagara/Content/Modules/Events/GenerateLocationEvent.uasset" 2728
"../../Plugins/FX/Niagara/Content/Functions/Helpers/AdvancePositionWithAcceleration.uasset" 2729
"../../Plugins/FX/Niagara/Content/DefaultAssets/Structs/LocationEvent_V2.uasset" 2730
"../../Plugins/FX/Niagara/Content/Enums/Events/ENiagara_LocEventType.uasset" 2731
"../../Plugins/FX/Niagara/Content/Modules/Events/ReceiveLocationEvent.uasset" 2732
"../../Plugins/FX/Niagara/Content/Functions/Localspace/TransformPosition.uasset" 2733
"../../Plugins/FX/Niagara/Content/Enums/ENiagara_AttributeSamplingApplyOutput.uasset" 2734
"../../Plugins/FX/Niagara/Content/Modules/Spawn/Initialization/InitializeRibbon.uasset" 2735
"../../Plugins/FX/Niagara/Content/Enums/Ribbons/ENiagara_UnsetDirectSet.uasset" 2736
"../../Plugins/FX/Niagara/Content/Modules/Spawn/Velocity/AddVelocityFromPoint.uasset" 2737
"../../Plugins/FX/Niagara/Content/Functions/DistanceBasedFalloff.uasset" 2738
"../../Plugins/FX/Niagara/Content/Functions/NormalizeDistanceRange.uasset" 2739
"../../Plugins/FX/Niagara/Content/Functions/RandomVector.uasset" 2740
"../../Plugins/FX/Niagara/Content/Functions/RandomUnitVector.uasset" 2741
"../../Plugins/FX/Niagara/Content/Modules/Update/Forces/Drag.uasset" 2742
"../../Plugins/FX/Niagara/Content/Modules/Update/Position/JitterPosition.uasset" 2743
"D:/220177/ChronoTrial 4.27/Content/Enemy/Model/model/taiki.uasset" 2744
"D:/220177/ChronoTrial 4.27/Content/Enemy/Model/Material/Enemy1_Inst.uasset" 2745
"D:/220177/ChronoTrial 4.27/Content/Sounds/SE/BossSE/SE_BossAttackExplodeChargeing_Cue.uasset" 2746
"D:/220177/ChronoTrial 4.27/Content/Sounds/SE/BossSE/SE_BossAttackExplodeChargeing.uasset" 2747
"D:/220177/ChronoTrial 4.27/Content/Sounds/SE/BossSE/SE_BossAttackRing_Cue.uasset" 2748
"D:/220177/ChronoTrial 4.27/Content/Sounds/SE/BossSE/SE_BossAttackRing.uasset" 2749
"D:/220177/ChronoTrial 4.27/Content/Sounds/SE/BossSE/SE_BossAttackSummon_Cue.uasset" 2750
"D:/220177/ChronoTrial 4.27/Content/Sounds/SE/BossSE/SE_BossAttackSummon.uasset" 2751
"D:/220177/ChronoTrial 4.27/Content/Sounds/SE/BossSE/SE_BossUltimateChargeing_Cue.uasset" 2752
"D:/220177/ChronoTrial 4.27/Content/Sounds/SE/BossSE/SE_BossUltimateChargeing.uasset" 2753
"D:/220177/ChronoTrial 4.27/Content/RoomCheckObjectBP/TriggerBoxInsideNew.uasset" 2754
"D:/220177/ChronoTrial 4.27/Content/Enemy/Model/Animation/kougeki_Anim_Montage.uasset" 2755
"D:/220177/ChronoTrial 4.27/Content/Enemy/Model/Animation/kougeki_Anim.uasset" 2756
"D:/220177/ChronoTrial 4.27/Content/Enemy/TestAttackEvent.uasset" 2757
"D:/220177/ChronoTrial 4.27/Content/Sounds/SE/EnemySE/SE_Enemy1Attack_Cue.uasset" 2758
"D:/220177/ChronoTrial 4.27/Content/Sounds/SE/EnemySE/SE_Enemy1Attack.uasset" 2759
"D:/220177/ChronoTrial 4.27/Content/Enemy/Enemy1/BP_TestEnemyController.uasset" 2760
"D:/220177/ChronoTrial 4.27/Content/Enemy/Enemy1/BT_TestEnemy.uasset" 2761
"D:/220177/ChronoTrial 4.27/Content/Enemy/Enemy1/BB_TestEnemy.uasset" 2762
"D:/220177/ChronoTrial 4.27/Content/Enemy/BTD_Wait_New.uasset" 2763
"D:/220177/ChronoTrial 4.27/Content/Enemy/BTT_Wait_New.uasset" 2764
"D:/220177/ChronoTrial 4.27/Content/Enemy/Enemy1/BTT_ArmAttack.uasset" 2765
"D:/220177/ChronoTrial 4.27/Content/Enemy/Enemy1/EQS_MeleeyPosMove.uasset" 2766
"D:/220177/ChronoTrial 4.27/Content/Enemy/ECQ_EnemysLocation.uasset" 2767
"D:/220177/ChronoTrial 4.27/Content/Enemy/Enemy2/EQC_Player.uasset" 2768
"D:/220177/ChronoTrial 4.27/Content/Enemy/Enemy2/EQC_Self.uasset" 2769
"D:/220177/ChronoTrial 4.27/Content/Enemy/Enemy2/Enemy2.uasset" 2770
"D:/220177/ChronoTrial 4.27/Content/Enemy/Model/Animation/Enemy2AnimBP.uasset" 2771
"D:/220177/ChronoTrial 4.27/Content/Enemy/Model/Material/Enemy2_Inst.uasset" 2772
"D:/220177/ChronoTrial 4.27/Content/Enemy/Model/Material/Enemy2.uasset" 2773
"D:/220177/ChronoTrial 4.27/Content/Enemy/Model/Texture/LongRange_Base_color_1001_1.uasset" 2774
"D:/220177/ChronoTrial 4.27/Content/Enemy/Model/Animation/gun_Anim_Montage.uasset" 2775
"D:/220177/ChronoTrial 4.27/Content/Enemy/Model/Animation/gun_Anim.uasset" 2776
"D:/220177/ChronoTrial 4.27/Content/Sounds/SE/EnemySE/SE_Enemy2Attack_Cue.uasset" 2777
"D:/220177/ChronoTrial 4.27/Content/Sounds/SE/EnemySE/SE_Enemy2Attack.uasset" 2778
"D:/220177/ChronoTrial 4.27/Content/Enemy/Enemy2/BP_TestEnemyController2.uasset" 2779
"D:/220177/ChronoTrial 4.27/Content/Enemy/Enemy2/BT_TestEnemy2.uasset" 2780
"D:/220177/ChronoTrial 4.27/Content/Enemy/Enemy2/BB_TestEnemy2.uasset" 2781
"D:/220177/ChronoTrial 4.27/Content/Enemy/Enemy2/BTT_BulletAttack.uasset" 2782
"D:/220177/ChronoTrial 4.27/Content/Enemy/Enemy2/EQS_ShotPosMove.uasset" 2783
"D:/220177/ChronoTrial 4.27/Content/Enemy/Enemy2/ECQ_Enemys2MoveTarget.uasset" 2784
"D:/220177/ChronoTrial 4.27/Content/Sounds/SE/EnemySE/SE_SpawnEnemy_Cue.uasset" 2785
"D:/220177/ChronoTrial 4.27/Content/Sounds/SE/EnemySE/SE_SpawnEnemy.uasset" 2786
"D:/220177/ChronoTrial 4.27/Content/Sounds/SE/PlayerSE/SE_Reflection_Cue.uasset" 2787
"D:/220177/ChronoTrial 4.27/Content/Sounds/SE/PlayerSE/SE_Reflection.uasset" 2788
"D:/220177/ChronoTrial 4.27/Content/NewCreateFX/effects/NS_Aura.uasset" 2789
"D:/220177/ChronoTrial 4.27/Content/NewCreateFX/effects/mat/M_Aura.uasset" 2790
"D:/220177/ChronoTrial 4.27/Content/NewCreateFX/effects/mat/MF_FxTexCoord.uasset" 2791
"D:/220177/ChronoTrial 4.27/Content/NewCreateFX/effects/tex/c.uasset" 2792
"D:/220177/ChronoTrial 4.27/Content/NewCreateFX/effects/tex/l.uasset" 2793
"D:/220177/ChronoTrial 4.27/Content/NewCreateFX/effects/mat/M_Aura_Sub.uasset" 2794
"D:/220177/ChronoTrial 4.27/Content/NewCreateFX/effects/tex/k.uasset" 2795
"../../Plugins/FX/Niagara/Content/DynamicInputs/TypeConversions/VectorFromFloat.uasset" 2796
"../../Plugins/FX/Niagara/Content/DynamicInputs/UniformRange/V2/RandomRangeVector.uasset" 2797
"../../Plugins/FX/Niagara/Content/DynamicInputs/ValueFromCurve/ColorFromCurve.uasset" 2798
"../../Plugins/FX/Niagara/Content/Modules/Solvers/ApplyInitialForces.uasset" 2799
"../../Plugins/FX/Niagara/Content/Modules/Spawn/Location/V2/SkeletalMeshLocation.uasset" 2800
"../../Plugins/FX/Niagara/Content/Functions/Rotation/InvertQuaternion.uasset" 2801
"../../Plugins/FX/Niagara/Content/Functions/Rotation/MakeQuaternionFrom3BasisVectors.uasset" 2802
"../../Plugins/FX/Niagara/Content/Functions/Rotation/MatrixToQuaternion.uasset" 2803
"../../Plugins/FX/Niagara/Content/Enums/ENiagaraBoneSamplingMode.uasset" 2804
"../../Plugins/FX/Niagara/Content/Enums/ENiagaraBoneSocketSamplingMode.uasset" 2805
"../../Plugins/FX/Niagara/Content/Enums/ENiagaraMeshTransforms.uasset" 2806
"../../Plugins/FX/Niagara/Content/Enums/ENiagaraSkelMeshPositionSamplingMode.uasset" 2807
"../../Plugins/FX/Niagara/Content/Enums/ENiagaraSkelMeshTransforms.uasset" 2808
"../../Plugins/FX/Niagara/Content/Enums/ENiagaraSkelSamplingModeFull.uasset" 2809
"../../Plugins/FX/Niagara/Content/Enums/ENiagaraSocketSamplingMode.uasset" 2810
"../../Plugins/FX/Niagara/Content/Enums/ENiagaraTriangleSamplingMode.uasset" 2811
"../../Plugins/FX/Niagara/Content/Enums/ENiagaraVertexSamplingMode.uasset" 2812
"../../Plugins/FX/Niagara/Content/Modules/Spawn/Location/V2/SphereLocation.uasset" 2813
"../../Plugins/FX/Niagara/Content/Functions/SphericalToCartesianCoordinates.uasset" 2814
"../../Plugins/FX/Niagara/Content/Functions/V2/CalculateRandomPointInSphere.uasset" 2815
"../../Plugins/FX/Niagara/Content/Enums/ENiagaraExpansionMode.uasset" 2816
"../../Plugins/FX/Niagara/Content/Enums/ENiagaraSphereDistributionMode.uasset" 2817
"../../Plugins/FX/Niagara/Content/Modules/Update/Color/Color.uasset" 2818
"../../Plugins/FX/Niagara/Content/Modules/Update/Forces/AccelerationForce.uasset" 2819
"D:/220177/ChronoTrial 4.27/Content/NewCreateFX/effects/Retor/effects/NS_Re.uasset" 2820
"D:/220177/ChronoTrial 4.27/Content/NewCreateFX/effects/Retor/effects/mat/M_Hit.uasset" 2821
"D:/220177/ChronoTrial 4.27/Content/NewCreateFX/effects/NewMaterial.uasset" 2822
"D:/220177/ChronoTrial 4.27/Content/NewCreateFX/effects/white1_1.uasset" 2823
"D:/220177/ChronoTrial 4.27/Content/NewCreateFX/effects/white1_2.uasset" 2824
"D:/220177/ChronoTrial 4.27/Content/NewCreateFX/effects/Retor/effects/tex/hit1_A.uasset" 2825
"D:/220177/ChronoTrial 4.27/Content/NewCreateFX/effects/Retor/effects/mat/M_Hit1.uasset" 2826
"D:/220177/ChronoTrial 4.27/Content/NewCreateFX/effects/Retor/effects/mat/M_Retrograde.uasset" 2827
"D:/220177/ChronoTrial 4.27/Content/NewCreateFX/effects/Retor/effects/mat/M_Effect.uasset" 2828
"D:/220177/ChronoTrial 4.27/Content/NewCreateFX/effects/Retor/effects/tex/Animation_W_gyaku3.uasset" 2829
"../../Plugins/FX/Niagara/Content/Modules/Spawn/Location/CylinderLocation.uasset" 2830
"../../Plugins/FX/Niagara/Content/Functions/Math/SaturateFloat.uasset" 2831
"../../Plugins/FX/Niagara/Content/Functions/Rotation/AngleUnitConverter.uasset" 2832
"../../Plugins/FX/Niagara/Content/Enums/Angles/ENiagara_AngleInput.uasset" 2833
"../../Plugins/FX/Niagara/Content/Functions/Rotation/XYZRotationToQuaternion.uasset" 2834
"../../Plugins/FX/Niagara/Content/Functions/V2/RemapRange.uasset" 2835
"../../Plugins/FX/Niagara/Content/Enums/Location/ENiagara_CylinderMode.uasset" 2836
"../../Plugins/FX/Niagara/Content/Enums/Transforms/ENiagara_OffsetMode.uasset" 2837
"../../Plugins/FX/Niagara/Content/Enums/Transforms/ENiagara_RotationMode.uasset" 2838
"../../Plugins/FX/Niagara/Content/Enums/Transforms/ENiagara_ScaleMode.uasset" 2839
"../../Plugins/FX/Niagara/Content/Enums/Transforms/ENiagara_TransformOrder.uasset" 2840
"../../Plugins/FX/Niagara/Content/Enums/Transforms/ENiagara_TransformType.uasset" 2841
"../../Plugins/FX/Niagara/Content/Modules/Update/Forces/V2/CurlNoiseForce.uasset" 2842
"../../Plugins/FX/Niagara/Content/Functions/V2/ConeMask.uasset" 2843
"../../Plugins/FX/Niagara/Content/Functions/FindAngleBetweenVectors.uasset" 2844
"../../Plugins/FX/Niagara/Content/Enums/ENiagaraCurlNoiseQuality.uasset" 2845
"../../Plugins/FX/Niagara/Content/VectorFields/Assets/TilingCurl16.uasset" 2846
"../../Plugins/FX/Niagara/Content/VectorFields/Assets/TilingCurl32.uasset" 2847
"../../Plugins/FX/Niagara/Content/VectorFields/Assets/TilingCurl64.uasset" 2848
"../../Plugins/FX/Niagara/Content/Modules/Update/SubUV/V2/SubUVAnimation.uasset" 2849
"../../Plugins/FX/Niagara/Content/Functions/RandomRangeInteger.uasset" 2850
"../../Plugins/FX/Niagara/Content/Enums/ENiagara_SubUVLookupMode.uasset" 2851
"D:/220177/ChronoTrial 4.27/Content/Sounds/SE/PlayerSE/SE_Accel_Cue.uasset" 2852
"D:/220177/ChronoTrial 4.27/Content/Sounds/SE/PlayerSE/SE_Accel.uasset" 2853
"D:/220177/ChronoTrial 4.27/Content/Sounds/SE/PlayerSE/SE_Decel_Cue.uasset" 2854
"D:/220177/ChronoTrial 4.27/Content/Sounds/SE/PlayerSE/SE_Decel.uasset" 2855
"D:/220177/ChronoTrial 4.27/Content/Sounds/SE/PlayerSE/SE_Reverse_Cue.uasset" 2856
"D:/220177/ChronoTrial 4.27/Content/NewCharacter/JumpEnd_Anim.uasset" 2857
"D:/220177/ChronoTrial 4.27/Content/Sounds/SE/PlayerSE/SE_JumpEnd_Cue.uasset" 2858
"D:/220177/ChronoTrial 4.27/Content/Sounds/SE/PlayerSE/SE_JumpEnd.uasset" 2859
"D:/220177/ChronoTrial 4.27/Content/NewCharacter/JumpLoop_Anim.uasset" 2860
"D:/220177/ChronoTrial 4.27/Content/NewCharacter/JumpStart_Anim.uasset" 2861
"D:/220177/ChronoTrial 4.27/Content/Sounds/SE/PlayerSE/SE_HitingSelf_Cue.uasset" 2862
"D:/220177/ChronoTrial 4.27/Content/Sounds/SE/PlayerSE/SE_HitingSelf.uasset" 2863
"D:/220177/ChronoTrial 4.27/Content/NewCharacter/NewBlendSpace.uasset" 2864
"D:/220177/ChronoTrial 4.27/Content/NewCharacter/Chara_Run_Anim.uasset" 2865
"D:/220177/ChronoTrial 4.27/Content/NewCharacter/kentaiki_Anim.uasset" 2866
"D:/220177/ChronoTrial 4.27/Content/NewCharacter/Motion_Walk.uasset" 2867
"D:/220177/ChronoTrial 4.27/Content/NewCharacter/NewAttackAnim/AttackMoveCurve.uasset" 2868
"D:/220177/ChronoTrial 4.27/Content/NewCharacter/dead_Anim.uasset" 2869
"D:/220177/ChronoTrial 4.27/Content/NewCharacter/CameraShake/BP_Attack_CameraShake1.uasset" 2870
"D:/220177/ChronoTrial 4.27/Content/NewCharacter/CameraShake/BP_AttackCameraShake2.uasset" 2871
"D:/220177/ChronoTrial 4.27/Content/NewCharacter/CameraShake/BP_AttackCameraShake3.uasset" 2872
"D:/220177/ChronoTrial 4.27/Content/NewCreateFX/effects/Hit/effects/NS_Hit.uasset" 2873
"D:/220177/ChronoTrial 4.27/Content/NewCreateFX/effects/Hit/effects/mat/M_Beam.uasset" 2874
"D:/220177/ChronoTrial 4.27/Content/NewCreateFX/effects/Hit/effects/mat/M_Effect.uasset" 2875
"D:/220177/ChronoTrial 4.27/Content/NewCreateFX/effects/Hit/effects/tex/m.uasset" 2876
"D:/220177/ChronoTrial 4.27/Content/NewCreateFX/effects/Hit/effects/mat/M_Hit3.uasset" 2877
"D:/220177/ChronoTrial 4.27/Content/NewCreateFX/effects/Hit/effects/tex/b_A.uasset" 2878
"D:/220177/ChronoTrial 4.27/Content/NewCreateFX/effects/Hit/effects/mat/M_Hit_Animation.uasset" 2879
"D:/220177/ChronoTrial 4.27/Content/NewCreateFX/effects/Hit/effects/tex/hit_Anime2.uasset" 2880
"D:/220177/ChronoTrial 4.27/Content/NewCreateFX/effects/Hit/sozai/white1.uasset" 2881
"D:/220177/ChronoTrial 4.27/Content/Sounds/SE/PlayerSE/SE_SwordAttack_Cue.uasset" 2882
"D:/220177/ChronoTrial 4.27/Content/Sounds/SE/PlayerSE/SE_SwordAttack.uasset" 2883
"C:/Users/220177/AppData/Local/UnrealEngine/Common/DerivedDataCache/3/2/5/ANIMSEQ_D0E639028BB74237AD0F9775C097BB85_0_377F509243A5371F0D67DCA1534627E7368__79D301BDF627601EEC23D25D7A7B9280FB5676B1.udd" 2884
"C:/Users/220177/AppData/Local/UnrealEngine/Common/DerivedDataCache/4/9/7/STATICMESH_9CE2B6FB46754B699726C4AA1515F12E_228332BAE0224DD294E232B87D83948FQU__AE7D7DDF5682C2A2E2932D5DD814A26CEFBC6A8B.udd" 2885
"C:/Users/220177/AppData/Local/UnrealEngine/Common/DerivedDataCache/6/3/9/PHYSX_A08609EF508D460CBB6710540B03AACF_PHYSXPC_0275AE424C1BFA1B52A926967F172B5__2576B6944CF1B6DE195E78D51A36D4B2367B73F4.udd" 2886
"C:/Users/220177/AppData/Local/UnrealEngine/Common/DerivedDataCache/2/6/9/NAVCOLLISION_2983273BE5D6425391E8C0B3D1C0A55D_NAVCOLLISION_X_0275AE424C1BFA1B5__C842B028E859CBD30B3B09B4C91FD13CD26D2718.udd" 2887
"C:/Users/220177/AppData/Local/UnrealEngine/Common/DerivedDataCache/8/2/2/STATICMESH_9CE2B6FB46754B699726C4AA1515F12E_228332BAE0224DD294E232B87D83948FQU__FAC9F1B60D00668B3A0617C0ED086B8F04A869C9.udd" 2888
"C:/Users/220177/AppData/Local/UnrealEngine/Common/DerivedDataCache/1/4/5/PHYSX_A08609EF508D460CBB6710540B03AACF_PHYSXPC_971A036243DD607F5087139B78C32E3__CC4DBE4C6BCA9F4B6A29554313551F92E270FCB4.udd" 2889
"C:/Users/220177/AppData/Local/UnrealEngine/Common/DerivedDataCache/7/4/8/NAVCOLLISION_2983273BE5D6425391E8C0B3D1C0A55D_NAVCOLLISION_X_971A036243DD607F5__38491DD56CF8ED62F32626DA7FCDA2AF259AA7DE.udd" 2890
"C:/Users/220177/AppData/Local/UnrealEngine/Common/DerivedDataCache/2/1/1/STATICMESH_9CE2B6FB46754B699726C4AA1515F12E_228332BAE0224DD294E232B87D83948FQU__259B5D1FF762EE8C6C0E6784A33BF56FF88BBC48.udd" 2891
"C:/Users/220177/AppData/Local/UnrealEngine/Common/DerivedDataCache/8/0/4/PHYSX_A08609EF508D460CBB6710540B03AACF_PHYSXPC_D873DB734456B8226D32849E17FD205__7DC4537438E9AA8AADCD8300610FD7BAC6968CBE.udd" 2892
"C:/Users/220177/AppData/Local/UnrealEngine/Common/DerivedDataCache/0/7/7/NAVCOLLISION_2983273BE5D6425391E8C0B3D1C0A55D_NAVCOLLISION_X_D873DB734456B8226__36ED32099B2F83E2A24F278A927C05EE907982AD.udd" 2893
"C:/Users/220177/AppData/Local/UnrealEngine/Common/DerivedDataCache/2/0/7/STATICMESH_9CE2B6FB46754B699726C4AA1515F12E_228332BAE0224DD294E232B87D83948FQU__BB60D6CB673D4075C8FDC3FF7994B77CA5A68836.udd" 2894
"C:/Users/220177/AppData/Local/UnrealEngine/Common/DerivedDataCache/9/3/1/PHYSX_A08609EF508D460CBB6710540B03AACF_PHYSXPC_F98F715B4CD49AF33817868409CCA39__4E93603501816FC84D5D773F027418FB771FB866.udd" 2895
"C:/Users/220177/AppData/Local/UnrealEngine/Common/DerivedDataCache/8/1/2/NAVCOLLISION_2983273BE5D6425391E8C0B3D1C0A55D_NAVCOLLISION_X_F98F715B4CD49AF33__9937569716D8CF387881C275BCF881B195100714.udd" 2896
"C:/Users/220177/AppData/Local/UnrealEngine/Common/DerivedDataCache/0/8/9/STATICMESH_9CE2B6FB46754B699726C4AA1515F12E_228332BAE0224DD294E232B87D83948FQU__6A6F1B668BAD1139ECD4FD1EEBB4C3F018847C49.udd" 2897
"C:/Users/220177/AppData/Local/UnrealEngine/Common/DerivedDataCache/4/5/1/PHYSX_A08609EF508D460CBB6710540B03AACF_PHYSXPC_6306578D4D0D8EED2438CE9447ED20E__F722472C0F510C2E151A74F9BE7A98171883E9D6.udd" 2898
"C:/Users/220177/AppData/Local/UnrealEngine/Common/DerivedDataCache/9/3/1/NAVCOLLISION_2983273BE5D6425391E8C0B3D1C0A55D_NAVCOLLISION_X_6306578D4D0D8EED2__F1759D6600242D9403CFE94D3E6DAB80343B4FBC.udd" 2899
"C:/Users/220177/AppData/Local/UnrealEngine/Common/DerivedDataCache/7/9/6/AUDIO_0005_0000_OGG10000$2D1$2D1$2D1$2D1$2D1_0004_A9B78A4F4F1489C13A54CEB310FAC249.udd" 2900
"../../Plugins/FX/Niagara/Content/ParameterDefinitions/CoreParameters.uasset" 2901
"../../Plugins/FX/Niagara/Content/ParameterDefinitions/LightRenderer.uasset" 2902
"../../Plugins/FX/Niagara/Content/ParameterDefinitions/MeshRenderer.uasset" 2903
"../../Plugins/FX/Niagara/Content/ParameterDefinitions/RibbonRenderer.uasset" 2904
"../../Plugins/FX/Niagara/Content/ParameterDefinitions/SpriteRenderer.uasset" 2905
"../../../Engine/Plugins/FX/Niagara/Shaders/Private/NiagaraDataInterfaceDebugDraw.ush" 2906
"C:/Users/220177/AppData/Local/UnrealEngine/Common/DerivedDataCache/3/6/2/AUDIO_0005_0000_OGG10000$2D1$2D1$2D1$2D1$2D1_0004_7ABECB584706F135F270808B7BD1D9F6.udd" 2907
"C:/Users/220177/AppData/Local/UnrealEngine/Common/DerivedDataCache/1/3/2/AUDIO_0005_0000_OGG10000$2D1$2D1$2D1$2D1$2D1_0004_D27983584820371EC770BD925C571D45.udd" 2908
"C:/Users/220177/AppData/Local/UnrealEngine/Common/DerivedDataCache/9/7/8/AUDIO_0005_0000_OGG10000$2D1$2D1$2D1$2D1$2D1_0004_28D5DF0A4534E20B91AEF699452F688B.udd" 2909
"C:/Users/220177/AppData/Local/UnrealEngine/Common/DerivedDataCache/5/8/8/ANIMSEQ_D0E639028BB74237AD0F9775C097BB85_0_07BE326E47A84A7F61C9A73E75DD4F5B935__7F75DE73358D7BE9CE8736A8FAE18CB9A47C0288.udd" 2910
"C:/Users/220177/AppData/Local/UnrealEngine/Common/DerivedDataCache/4/2/2/ANIMSEQ_D0E639028BB74237AD0F9775C097BB85_0_245364A10416840DE590196B28653CC3368__8744DE9A2B4819AD63207E9F22DE308D968D24BF.udd" 2911
"C:/Users/220177/AppData/Local/UnrealEngine/Common/DerivedDataCache/4/2/9/ANIMSEQ_D0E639028BB74237AD0F9775C097BB85_0_55BCA1B1F871F4C8C2A8908EDA82AA86368__2CE91954D661242A2AF21CCC48EBEE88EE2905CF.udd" 2912
"C:/Users/220177/AppData/Local/UnrealEngine/Common/DerivedDataCache/7/5/0/ANIMSEQ_D0E639028BB74237AD0F9775C097BB85_0_BC59780CFA7C9A8B154994E82B57DCAC368__BCE91B47AB9A039D01AA742F422C8B92256F8F18.udd" 2913
"C:/Users/220177/AppData/Local/UnrealEngine/Common/DerivedDataCache/0/4/9/ANIMSEQ_D0E639028BB74237AD0F9775C097BB85_0_25C8D72BEB32C085F3DCA8C4E5806324368__65D9917E5D1EBF787A43F7B07568E284B63905A6.udd" 2914
"C:/Users/220177/AppData/Local/UnrealEngine/Common/DerivedDataCache/8/1/8/AUDIO_0005_0000_OGG10000$2D1$2D1$2D1$2D1$2D1_0004_57E379A14C7F19E5450734A642B834E5.udd" 2915
"C:/Users/220177/AppData/Local/UnrealEngine/Common/DerivedDataCache/6/5/4/ANIMSEQ_D0E639028BB74237AD0F9775C097BB85_0_1A43940C4BC1BD72B7501EB2DD26404A368__EAA7E35DDC3C2B409792A0C15BC05E330E47D18D.udd" 2916
"C:/Users/220177/AppData/Local/UnrealEngine/Common/DerivedDataCache/5/7/0/ANIMSEQ_D0E639028BB74237AD0F9775C097BB85_0_77E5CFAC41FD1FCC59A6B9BCFBECA81A368__4417F28AF7072BD97694F3B0858CCD7710A82921.udd" 2917
"C:/Users/220177/AppData/Local/UnrealEngine/Common/DerivedDataCache/8/7/9/AUDIO_0005_0000_OGG10000$2D1$2D1$2D1$2D1$2D1_0004_17C5FAEC4F8EA5EE66DD98807783DF27.udd" 2918
"C:/Users/220177/AppData/Local/UnrealEngine/Common/DerivedDataCache/5/0/8/AUDIO_0005_0000_OGG10000$2D1$2D1$2D1$2D1$2D1_0004_053F27C149A552D1921BD18E27599237.udd" 2919
"C:/Users/220177/AppData/Local/UnrealEngine/Common/DerivedDataCache/1/8/0/AUDIO_0005_0000_OGG10000$2D1$2D1$2D1$2D1$2D1_0004_6ED269874ACF8EC0A21A0CB9DF426B94.udd" 2920
"C:/Users/220177/AppData/Local/UnrealEngine/Common/DerivedDataCache/6/2/9/AUDIO_0005_0000_OGG10000$2D1$2D1$2D1$2D1$2D1_0004_EC851BAC4226426ACAD51A8F329600C4.udd" 2921
"C:/Users/220177/AppData/Local/UnrealEngine/Common/DerivedDataCache/8/4/7/AUDIO_0005_0000_OGG10000$2D1$2D1$2D1$2D1$2D1_0004_088914E84831A5BBFC9B96A80DB72D34.udd" 2922
"C:/Users/220177/AppData/Local/UnrealEngine/Common/DerivedDataCache/2/4/2/AUDIO_0005_0000_OGG10000$2D1$2D1$2D1$2D1$2D1_0004_A66AF295444E380D81A137B2C9B44443.udd" 2923
"C:/Users/220177/AppData/Local/UnrealEngine/Common/DerivedDataCache/4/5/0/ANIMSEQ_D0E639028BB74237AD0F9775C097BB85_0_BE52D6C99F9C09D30EF35460483CC045935__9853B08BD1A582791588C42663F054CC87B91B42.udd" 2924
"C:/Users/220177/AppData/Local/UnrealEngine/Common/DerivedDataCache/4/0/3/AUDIO_0005_0000_OGG10000$2D1$2D1$2D1$2D1$2D1_0004_7BF1A722442C707DD35C10844BEC9D86.udd" 2925
"C:/Users/220177/AppData/Local/UnrealEngine/Common/DerivedDataCache/2/6/0/AUDIO_0005_0000_OGG10000$2D1$2D1$2D1$2D1$2D1_0004_50AB99564863A06957EE3AB76FB8B115.udd" 2926
"C:/Users/220177/AppData/Local/UnrealEngine/Common/DerivedDataCache/2/4/6/AUDIO_0005_0000_OGG10000$2D1$2D1$2D1$2D1$2D1_0004_D2A94A8A4C3A09507322BD91160BCB6A.udd" 2927
"C:/Users/220177/AppData/Local/UnrealEngine/Common/DerivedDataCache/5/5/0/AUDIO_0005_0000_OGG10000$2D1$2D1$2D1$2D1$2D1_0004_24C16A4D4C176E3618A713B09967C9D1.udd" 2928
"C:/Users/220177/AppData/Local/UnrealEngine/Common/DerivedDataCache/0/1/4/SKELETALMESH_91550326BADA436B92C8BF16C910465C_203C81AC4E65FD8C1ADD41AF084A5265__84B5D1655E1C23E7C3F7422286F54D3A8F097BCF.udd" 2929
"C:/Users/220177/AppData/Local/UnrealEngine/Common/DerivedDataCache/1/5/2/AUDIO_0005_0000_OGG10000$2D1$2D1$2D1$2D1$2D1_0004_61404EBB41313AA647A8859E693A53A3.udd" 2930
"C:/Users/220177/AppData/Local/UnrealEngine/Common/DerivedDataCache/7/9/3/AUDIO_0005_0000_OGG10000$2D1$2D1$2D1$2D1$2D1_0004_20422F274A1C04A9039107895E7ED2AD.udd" 2931
"C:/Users/220177/AppData/Local/UnrealEngine/Common/DerivedDataCache/2/7/6/AUDIO_0005_0000_OGG10000$2D1$2D1$2D1$2D1$2D1_0004_CE35DE24416C9425ECFFC3AC60930B80.udd" 2932
"C:/Users/220177/AppData/Local/UnrealEngine/Common/DerivedDataCache/1/1/1/AUDIO_0005_0000_OGG10000$2D1$2D1$2D1$2D1$2D1_0004_AC8DA7094E1EAC9CE0C13987BDDC6846.udd" 2933
"C:/Users/220177/AppData/Local/UnrealEngine/Common/DerivedDataCache/5/5/3/SKELETALMESH_91550326BADA436B92C8BF16C910465C_FA1288D34714B9962C209CBE37BDD6F5__480127EE4722C6C4FA47CE654D31A8D107181D54.udd" 2934
"C:/Users/220177/AppData/Local/UnrealEngine/Common/DerivedDataCache/8/5/7/AUDIO_0005_0000_OGG10000$2D1$2D1$2D1$2D1$2D1_0004_AF49A8A5420AEB80CEEB20A6574B26F1.udd" 2935
"C:/Users/220177/AppData/Local/UnrealEngine/Common/DerivedDataCache/3/9/3/STATICMESH_9CE2B6FB46754B699726C4AA1515F12E_228332BAE0224DD294E232B87D83948FQU__DB69315F3F2191F8E34BB49DC043895B1016890C.udd" 2936
"C:/Users/220177/AppData/Local/UnrealEngine/Common/DerivedDataCache/2/1/3/PHYSX_A08609EF508D460CBB6710540B03AACF_PHYSXPC_75EFB72F4BDF511E440F9BBEBE4685D__ACAE7B78B8D36148B4FFEC9DF22D9E6427496D2E.udd" 2937
"C:/Users/220177/AppData/Local/UnrealEngine/Common/DerivedDataCache/4/4/5/NAVCOLLISION_2983273BE5D6425391E8C0B3D1C0A55D_NAVCOLLISION_X_75EFB72F4BDF511E4__E5EB9B308A517EAD01896971D094EB238BDDB3B5.udd" 2938
"C:/Users/220177/AppData/Local/UnrealEngine/Common/DerivedDataCache/3/2/1/STATICMESH_9CE2B6FB46754B699726C4AA1515F12E_228332BAE0224DD294E232B87D83948FQU__411211F30CEE21DA32530CF16C529F1E659A3743.udd" 2939
"C:/Users/220177/AppData/Local/UnrealEngine/Common/DerivedDataCache/1/8/9/PHYSX_A08609EF508D460CBB6710540B03AACF_PHYSXPC_F1F6FF9948010917F1E3ECA1D9D45FC__960306669253B732A786B77F8B9C88CA8E002EAA.udd" 2940
"C:/Users/220177/AppData/Local/UnrealEngine/Common/DerivedDataCache/1/5/7/NAVCOLLISION_2983273BE5D6425391E8C0B3D1C0A55D_NAVCOLLISION_X_F1F6FF9948010917F__D5BAB30DC7AE2259CB52661CBDE4DEC819241C24.udd" 2941
"C:/Users/220177/AppData/Local/UnrealEngine/Common/DerivedDataCache/7/6/3/STATICMESH_9CE2B6FB46754B699726C4AA1515F12E_228332BAE0224DD294E232B87D83948FQU__D5261E854ED2E5F565A348084D30F2E2CE452103.udd" 2942
"C:/Users/220177/AppData/Local/UnrealEngine/Common/DerivedDataCache/1/6/6/PHYSX_A08609EF508D460CBB6710540B03AACF_PHYSXPC_24C1102048D12941686F68A8FA0ADED__AA7D0023D25F3D509123888E1FC8AEC7413FD070.udd" 2943
"C:/Users/220177/AppData/Local/UnrealEngine/Common/DerivedDataCache/1/3/3/NAVCOLLISION_2983273BE5D6425391E8C0B3D1C0A55D_NAVCOLLISION_X_24C1102048D129416__4E7D15FA1E51C1B3409868614F91DE312885A3D3.udd" 2944
"C:/Users/220177/AppData/Local/UnrealEngine/Common/DerivedDataCache/3/1/0/STATICMESH_9CE2B6FB46754B699726C4AA1515F12E_228332BAE0224DD294E232B87D83948FQU__3B464AD8E653247CA64C6A28C7E9D9187AD9BAF9.udd" 2945
"C:/Users/220177/AppData/Local/UnrealEngine/Common/DerivedDataCache/2/5/6/PHYSX_A08609EF508D460CBB6710540B03AACF_PHYSXPC_780844184D7F813B5257F490C5F5E4A__B64C8D442E360AD828C34060712DD14B3938FCD3.udd" 2946
"C:/Users/220177/AppData/Local/UnrealEngine/Common/DerivedDataCache/6/1/0/NAVCOLLISION_2983273BE5D6425391E8C0B3D1C0A55D_NAVCOLLISION_X_780844184D7F813B5__3D6558393C1E1DC64A820F1B81220C9A380DE163.udd" 2947
"C:/Users/220177/AppData/Local/UnrealEngine/Common/DerivedDataCache/0/0/1/AUDIO_0005_0000_OGG10000$2D1$2D1$2D1$2D1$2D1_0004_5273F88B4E26449AE4BFE8BAA7DCC77C.udd" 2948
"C:/Users/220177/AppData/Local/UnrealEngine/Common/DerivedDataCache/0/6/2/ANIMSEQ_D0E639028BB74237AD0F9775C097BB85_0_C100F4B79120F2611DC0BCD63591BD32935__C33D063416D8DF5DCBFE2B3B813751EA4706011C.udd" 2949
"C:/Users/220177/AppData/Local/UnrealEngine/Common/DerivedDataCache/7/2/2/AUDIO_0005_0000_OGG10000$2D1$2D1$2D1$2D1$2D1_0004_B1AC02344BBB4C23C194A4B57C9FB1E7.udd" 2950
"C:/Users/220177/AppData/Local/UnrealEngine/Common/DerivedDataCache/4/1/5/ANIMSEQ_D0E639028BB74237AD0F9775C097BB85_0_2F8CA3AA3CF118CD98C1588F93F00C09935__3CACE734CFA735443A21B41F8DBCF35ADCC51A52.udd" 2951
"C:/Users/220177/AppData/Local/UnrealEngine/Common/DerivedDataCache/0/6/4/ANIMSEQ_D0E639028BB74237AD0F9775C097BB85_0_3B84E10A98CF387F02ABD44363793168935__90EB8E8A66A20E7061F5C2BAFBDB9F738E2C889F.udd" 2952
"C:/Users/220177/AppData/Local/UnrealEngine/Common/DerivedDataCache/7/5/2/STATICMESH_9CE2B6FB46754B699726C4AA1515F12E_228332BAE0224DD294E232B87D83948FQU__ED16AF1CAE08074764A96103B1161703CF0253AC.udd" 2953
"C:/Users/220177/AppData/Local/UnrealEngine/Common/DerivedDataCache/8/1/0/PHYSX_A08609EF508D460CBB6710540B03AACF_PHYSXPC_68D2F70641E7BD2EFFFFB2A3EB7CFAE__0527543866078821A726AE837FE51975D496926B.udd" 2954
"C:/Users/220177/AppData/Local/UnrealEngine/Common/DerivedDataCache/2/9/7/NAVCOLLISION_2983273BE5D6425391E8C0B3D1C0A55D_NAVCOLLISION_X_68D2F70641E7BD2EF__9D2186FCB3BF5BB68F04AC0B6A0521D7B9426B5A.udd" 2955
"C:/Users/220177/AppData/Local/UnrealEngine/Common/DerivedDataCache/2/1/5/ANIMSEQ_D0E639028BB74237AD0F9775C097BB85_0_F556ACF112CEA17091067459DC16EA61368__8A231F7DE5B096CDFCF2CD5E09CBA667D097B45B.udd" 2956
"C:/Users/220177/AppData/Local/UnrealEngine/Common/DerivedDataCache/2/0/3/ANIMSEQ_D0E639028BB74237AD0F9775C097BB85_0_263348FA9AF4FC225A1FB80D62B1489E368__8C0FE982790B634BA44AE46058C1A265A6AB73B4.udd" 2957
"C:/Users/220177/AppData/Local/UnrealEngine/Common/DerivedDataCache/5/4/3/ANIMSEQ_D0E639028BB74237AD0F9775C097BB85_0_A87184831C79B0AF6909B23AF754E40A368__A20DFE709AC6D966F0AA1B7C4C9B4F78F51BB7CE.udd" 2958
"C:/Users/220177/AppData/Local/UnrealEngine/Common/DerivedDataCache/1/9/7/ANIMSEQ_D0E639028BB74237AD0F9775C097BB85_0_8417A778BB8FD3C9973FFE4BEFCD89DF368__CC3D2267F08440AFEB894BD05BC7585AC9FBE309.udd" 2959
"C:/Users/220177/AppData/Local/UnrealEngine/Common/DerivedDataCache/4/5/0/ANIMSEQ_D0E639028BB74237AD0F9775C097BB85_0_C2C7C53DA6DEB9407146500F7570BDF0368__C46D4E20A99198635F0D0FEC6F63D4F3C454E01F.udd" 2960
"C:/Users/220177/AppData/Local/UnrealEngine/Common/DerivedDataCache/9/1/7/ANIMSEQ_D0E639028BB74237AD0F9775C097BB85_0_0CF3D5BD7BA6D961205BEEB2EEF8B7CD368__392BB41BA05AC1CD02164AE7A7EF36704771F4F7.udd" 2961
"C:/Users/220177/AppData/Local/UnrealEngine/Common/DerivedDataCache/1/7/8/AUDIO_0005_0000_OGG10000$2D1$2D1$2D1$2D1$2D1_0004_7C5EC9FE4B3F1224D0407F99F8EF5CD2.udd" 2962
"C:/Users/220177/AppData/Local/UnrealEngine/Common/DerivedDataCache/6/1/6/NIAGARASCRIPTDERIVEDDATA_179023FDDDD444DE97F61296909C2990_2_14_000000000000000__55B2783CBF3C250747360B9B6AC26EAC1D3AED57.udd" 2963
"C:/Users/220177/AppData/Local/UnrealEngine/Common/DerivedDataCache/9/1/1/NIAGARASCRIPTDERIVEDDATA_179023FDDDD444DE97F61296909C2990_2_15_000000000000000__2B211195832FA7643E4D7C6CF659DD6D95E6F254.udd" 2964
"C:/Users/220177/AppData/Local/UnrealEngine/Common/DerivedDataCache/4/0/4/NIAGARASCRIPTDERIVEDDATA_179023FDDDD444DE97F61296909C2990_2_14_000000000000000__3342BED59A99BF6017CE172D3A50546A3521FFF3.udd" 2965
"C:/Users/220177/AppData/Local/UnrealEngine/Common/DerivedDataCache/6/3/3/NIAGARASCRIPTDERIVEDDATA_179023FDDDD444DE97F61296909C2990_2_15_000000000000000__BBBE656B62A3E3EDF52068059D0BF8F2C88B0B3A.udd" 2966
"C:/Users/220177/AppData/Local/UnrealEngine/Common/DerivedDataCache/2/8/5/NIAGARASCRIPTDERIVEDDATA_179023FDDDD444DE97F61296909C2990_2_14_000000000000000__9E0E57C620FFD0B25342CDC833AF2BCED97545F3.udd" 2967
"C:/Users/220177/AppData/Local/UnrealEngine/Common/DerivedDataCache/4/4/5/NIAGARASCRIPTDERIVEDDATA_179023FDDDD444DE97F61296909C2990_2_15_000000000000000__8AC8F676D163D96DCBA9C7F6087EDB70ECACB190.udd" 2968
"C:/Users/220177/AppData/Local/UnrealEngine/Common/DerivedDataCache/2/3/1/NIAGARASCRIPTDERIVEDDATA_179023FDDDD444DE97F61296909C2990_2_111_00000000000000__4AA5162AA14F25CF4866C4196ACDD0443281F786.udd" 2969
"C:/Users/220177/AppData/Local/UnrealEngine/Common/DerivedDataCache/1/7/6/NIAGARASCRIPTDERIVEDDATA_179023FDDDD444DE97F61296909C2990_2_112_00000000000000__4F8E3FCC70585FAECC0C0A25A22E82F94E6E4529.udd" 2970
"C:/Users/220177/AppData/Local/UnrealEngine/Common/DerivedDataCache/4/0/8/NIAGARASCRIPTDERIVEDDATA_179023FDDDD444DE97F61296909C2990_2_14_000000000000000__C18D9E77532E7B4E42E79A054EEF5DC20A77D6B5.udd" 2971
"C:/Users/220177/AppData/Local/UnrealEngine/Common/DerivedDataCache/1/7/0/NIAGARASCRIPTDERIVEDDATA_179023FDDDD444DE97F61296909C2990_2_15_000000000000000__40723BB912FF3E83A901413308BB67918F51861A.udd" 2972
"C:/Users/220177/AppData/Local/UnrealEngine/Common/DerivedDataCache/8/9/9/NIAGARASCRIPTDERIVEDDATA_179023FDDDD444DE97F61296909C2990_2_14_000000000000000__4BF8A4552A7AF68F6F3C5038193238675C6FC62F.udd" 2973
"C:/Users/220177/AppData/Local/UnrealEngine/Common/DerivedDataCache/9/0/8/NIAGARASCRIPTDERIVEDDATA_179023FDDDD444DE97F61296909C2990_2_15_000000000000000__BC0E7FB318105191508F5FCFF28EA9F1F9DCB39F.udd" 2974
"C:/Users/220177/AppData/Local/UnrealEngine/Common/DerivedDataCache/0/7/9/NIAGARASCRIPTDERIVEDDATA_179023FDDDD444DE97F61296909C2990_2_111_00000000000000__EBB5E58417D5A2692A607ABD50A60AA0306867D0.udd" 2975
"C:/Users/220177/AppData/Local/UnrealEngine/Common/DerivedDataCache/8/3/2/NIAGARASCRIPTDERIVEDDATA_179023FDDDD444DE97F61296909C2990_2_112_00000000000000__1C5188C08C775E03604664FA1B206404D54D5353.udd" 2976
"C:/Users/220177/AppData/Local/UnrealEngine/Common/DerivedDataCache/0/8/4/NIAGARASCRIPTDERIVEDDATA_179023FDDDD444DE97F61296909C2990_2_14_000000000000000__8CA4A596E6303AA9750CD0C3BCD0A02605F4A300.udd" 2977
"C:/Users/220177/AppData/Local/UnrealEngine/Common/DerivedDataCache/1/0/3/NIAGARASCRIPTDERIVEDDATA_179023FDDDD444DE97F61296909C2990_2_15_000000000000000__6E82F60E76330128FBF5AE6FAE0899005D0AD328.udd" 2978
"C:/Users/220177/AppData/Local/UnrealEngine/Common/DerivedDataCache/2/9/8/NIAGARASCRIPTDERIVEDDATA_179023FDDDD444DE97F61296909C2990_2_14_000000000000000__168D43B4D837B4FA5B42F312D6DF4E059D76C086.udd" 2979
"C:/Users/220177/AppData/Local/UnrealEngine/Common/DerivedDataCache/3/4/8/NIAGARASCRIPTDERIVEDDATA_179023FDDDD444DE97F61296909C2990_2_15_000000000000000__814DCFEAAB74C5FC97098EB1E342F316498CE346.udd" 2980
"C:/Users/220177/AppData/Local/UnrealEngine/Common/DerivedDataCache/6/9/4/NIAGARASCRIPTDERIVEDDATA_179023FDDDD444DE97F61296909C2990_2_14_000000000000000__89D9970A61C3CF182D9FC96F75BE144E0719E091.udd" 2981
"C:/Users/220177/AppData/Local/UnrealEngine/Common/DerivedDataCache/4/8/1/NIAGARASCRIPTDERIVEDDATA_179023FDDDD444DE97F61296909C2990_2_15_000000000000000__5B742C37CFAED1901D38CB7AEE88A1BAF851E6FF.udd" 2982
"C:/Users/220177/AppData/Local/UnrealEngine/Common/DerivedDataCache/5/5/7/NIAGARASCRIPTDERIVEDDATA_179023FDDDD444DE97F61296909C2990_2_111_00000000000000__8EB051BE61D7963234EE3946263FDFCC0D0904F1.udd" 2983
"C:/Users/220177/AppData/Local/UnrealEngine/Common/DerivedDataCache/2/7/3/NIAGARASCRIPTDERIVEDDATA_179023FDDDD444DE97F61296909C2990_2_112_00000000000000__44473DF1EA28B359CFE7220CA927F65953490ED7.udd" 2984
"C:/Users/220177/AppData/Local/UnrealEngine/Common/DerivedDataCache/1/2/3/NIAGARASCRIPTDERIVEDDATA_179023FDDDD444DE97F61296909C2990_2_14_000000000000000__819F82480162042F8125FA8C91719B96C66F0D9B.udd" 2985
"C:/Users/220177/AppData/Local/UnrealEngine/Common/DerivedDataCache/7/7/3/NIAGARASCRIPTDERIVEDDATA_179023FDDDD444DE97F61296909C2990_2_15_000000000000000__076C7ECAAAFE5010599CCF80E8D971BBC4BB808B.udd" 2986
"C:/Users/220177/AppData/Local/UnrealEngine/Common/DerivedDataCache/4/3/4/NIAGARASCRIPTDERIVEDDATA_179023FDDDD444DE97F61296909C2990_2_14_000000000000000__6317D7BDE9DEF66F65734EEC72ECF2AA3FB1EC07.udd" 2987
"C:/Users/220177/AppData/Local/UnrealEngine/Common/DerivedDataCache/9/3/7/NIAGARASCRIPTDERIVEDDATA_179023FDDDD444DE97F61296909C2990_2_15_000000000000000__157E315CC0BFF9C2396AFBCC2C8B203F5C45830C.udd" 2988
"C:/Users/220177/AppData/Local/UnrealEngine/Common/DerivedDataCache/5/4/1/NIAGARASCRIPTDERIVEDDATA_179023FDDDD444DE97F61296909C2990_2_14_000000000000000__3DC5B66E69B2CE76A735A0DCC77542928F33F5B0.udd" 2989
"C:/Users/220177/AppData/Local/UnrealEngine/Common/DerivedDataCache/5/9/6/NIAGARASCRIPTDERIVEDDATA_179023FDDDD444DE97F61296909C2990_2_15_000000000000000__71144ADDA3ADA039FE614F710071212630AB2ACA.udd" 2990
"C:/Users/220177/AppData/Local/UnrealEngine/Common/DerivedDataCache/3/7/4/NIAGARASCRIPTDERIVEDDATA_179023FDDDD444DE97F61296909C2990_2_14_000000000000000__039CD5DC22C09C0376010A15AE54B2F6875F94F9.udd" 2991
"C:/Users/220177/AppData/Local/UnrealEngine/Common/DerivedDataCache/0/9/5/NIAGARASCRIPTDERIVEDDATA_179023FDDDD444DE97F61296909C2990_2_15_000000000000000__92AE4A2C1192D2A00B04B1AC63D96C0CC3BEE2FA.udd" 2992
"C:/Users/220177/AppData/Local/UnrealEngine/Common/DerivedDataCache/4/1/6/NIAGARASCRIPTDERIVEDDATA_179023FDDDD444DE97F61296909C2990_2_14_000000000000000__724EC607AF4C047025CC725687EAE6E04A714D51.udd" 2993
"C:/Users/220177/AppData/Local/UnrealEngine/Common/DerivedDataCache/3/0/8/NIAGARASCRIPTDERIVEDDATA_179023FDDDD444DE97F61296909C2990_2_15_000000000000000__0BFF92436368F00FE9AB4FD62D530028AAB94D8B.udd" 2994
"C:/Users/220177/AppData/Local/UnrealEngine/Common/DerivedDataCache/3/7/8/NIAGARASCRIPTDERIVEDDATA_179023FDDDD444DE97F61296909C2990_2_16_0A21BFA246CC39D__6C08BAFA6D3C6665AF7664326B4764852093CC34.udd" 2995
"C:/Users/220177/AppData/Local/UnrealEngine/Common/DerivedDataCache/4/4/2/NIAGARASCRIPTDERIVEDDATA_179023FDDDD444DE97F61296909C2990_2_111_00000000000000__1CDDC72B7E0089DB817A04F3D0E8C025C031E57B.udd" 2996
"C:/Users/220177/AppData/Local/UnrealEngine/Common/DerivedDataCache/3/3/0/NIAGARASCRIPTDERIVEDDATA_179023FDDDD444DE97F61296909C2990_2_112_00000000000000__E84B39649BA56549C954AE51504085C2A9B8ABCC.udd" 2997
"C:/Users/220177/AppData/Local/UnrealEngine/Common/DerivedDataCache/4/2/3/NIAGARASCRIPTDERIVEDDATA_179023FDDDD444DE97F61296909C2990_2_14_000000000000000__5E14B44B9502C7991ACD1DEFBB906F49A7418B7C.udd" 2998
"C:/Users/220177/AppData/Local/UnrealEngine/Common/DerivedDataCache/9/5/3/NIAGARASCRIPTDERIVEDDATA_179023FDDDD444DE97F61296909C2990_2_15_000000000000000__58445FF5D2D7066AC3D08ACBE8F22744E953A191.udd" 2999
"C:/Users/220177/AppData/Local/UnrealEngine/Common/DerivedDataCache/5/2/7/NIAGARASCRIPTDERIVEDDATA_179023FDDDD444DE97F61296909C2990_2_14_000000000000000__A38D92F306F670DA0DB8B777CEB86DECF10CA1CE.udd" 3000
"C:/Users/220177/AppData/Local/UnrealEngine/Common/DerivedDataCache/9/6/7/NIAGARASCRIPTDERIVEDDATA_179023FDDDD444DE97F61296909C2990_2_15_000000000000000__33468977B050892B92BDBFF6F923C1579163903B.udd" 3001
"C:/Users/220177/AppData/Local/UnrealEngine/Common/DerivedDataCache/9/7/4/NIAGARASCRIPTDERIVEDDATA_179023FDDDD444DE97F61296909C2990_2_14_000000000000000__FDDC29EF396DF5C3B1DCDE934893F59309BD6911.udd" 3002
"C:/Users/220177/AppData/Local/UnrealEngine/Common/DerivedDataCache/4/2/3/NIAGARASCRIPTDERIVEDDATA_179023FDDDD444DE97F61296909C2990_2_15_000000000000000__CFE19545359943C51083B8B2DCF2B0293C7D3CFE.udd" 3003
"C:/Users/220177/AppData/Local/UnrealEngine/Common/DerivedDataCache/0/9/7/NIAGARASCRIPTDERIVEDDATA_179023FDDDD444DE97F61296909C2990_2_14_000000000000000__1E9A29D895BA38959C16F780CBDDC6A5552AED03.udd" 3004
"C:/Users/220177/AppData/Local/UnrealEngine/Common/DerivedDataCache/9/3/5/NIAGARASCRIPTDERIVEDDATA_179023FDDDD444DE97F61296909C2990_2_15_000000000000000__D6D4E0821390ED286FB66E77995077FAFEBDE584.udd" 3005
"C:/Users/220177/AppData/Local/UnrealEngine/Common/DerivedDataCache/1/2/4/NIAGARASCRIPTDERIVEDDATA_179023FDDDD444DE97F61296909C2990_2_14_000000000000000__B456040028115E83CB7083A9DA2E80B29FA23AD1.udd" 3006
"C:/Users/220177/AppData/Local/UnrealEngine/Common/DerivedDataCache/9/2/1/NIAGARASCRIPTDERIVEDDATA_179023FDDDD444DE97F61296909C2990_2_15_000000000000000__DD491C31D4E9BD11FA83E0A9322683FDA55A199D.udd" 3007
"C:/Users/220177/AppData/Local/UnrealEngine/Common/DerivedDataCache/1/2/2/NIAGARASCRIPTDERIVEDDATA_179023FDDDD444DE97F61296909C2990_2_14_000000000000000__ECA8B78BDC14E15DE26B90A296C57F2376F43E6D.udd" 3008
"C:/Users/220177/AppData/Local/UnrealEngine/Common/DerivedDataCache/4/1/4/NIAGARASCRIPTDERIVEDDATA_179023FDDDD444DE97F61296909C2990_2_15_000000000000000__9CC88FDA4154B52418B6DFAAE012AFF3EBB1CD9A.udd" 3009
"C:/Users/220177/AppData/Local/UnrealEngine/Common/DerivedDataCache/9/1/3/NIAGARASCRIPTDERIVEDDATA_179023FDDDD444DE97F61296909C2990_2_14_000000000000000__C5C5671C032C1C5CBCE427707D8AA28F77B4DBEB.udd" 3010
"C:/Users/220177/AppData/Local/UnrealEngine/Common/DerivedDataCache/1/4/6/NIAGARASCRIPTDERIVEDDATA_179023FDDDD444DE97F61296909C2990_2_15_000000000000000__CAB2298EF81DD3138E9D26918447C4842EF10EDB.udd" 3011
"C:/Users/220177/AppData/Local/UnrealEngine/Common/DerivedDataCache/6/1/1/NIAGARASCRIPTDERIVEDDATA_179023FDDDD444DE97F61296909C2990_2_14_000000000000000__E33AF097CADE8F7EC04A8411E5F2B683847A0631.udd" 3012
"C:/Users/220177/AppData/Local/UnrealEngine/Common/DerivedDataCache/8/7/8/NIAGARASCRIPTDERIVEDDATA_179023FDDDD444DE97F61296909C2990_2_15_000000000000000__05444F33949B4FB2FB7816782AAE295CEA41F2F2.udd" 3013
"C:/Users/220177/AppData/Local/UnrealEngine/Common/DerivedDataCache/7/7/2/NIAGARASCRIPTDERIVEDDATA_179023FDDDD444DE97F61296909C2990_2_14_000000000000000__A27BD10DA8C00DFEF5C272FDF786D942137CEFDD.udd" 3014
"C:/Users/220177/AppData/Local/UnrealEngine/Common/DerivedDataCache/8/1/6/NIAGARASCRIPTDERIVEDDATA_179023FDDDD444DE97F61296909C2990_2_15_000000000000000__94C4161BC17414F7F70902CF6775F608ECFC5859.udd" 3015
"C:/Users/220177/AppData/Local/UnrealEngine/Common/DerivedDataCache/6/7/3/NIAGARASCRIPTDERIVEDDATA_179023FDDDD444DE97F61296909C2990_2_14_000000000000000__20F8DA2A2808BE140C4A0C6C1698CBEEFF639A55.udd" 3016
"C:/Users/220177/AppData/Local/UnrealEngine/Common/DerivedDataCache/1/7/1/NIAGARASCRIPTDERIVEDDATA_179023FDDDD444DE97F61296909C2990_2_15_000000000000000__0BA63B23B575459F0743358A7546CFCF86151F48.udd" 3017
"D:/220177/ChronoTrial 4.27/Content/Loading/BP_LoadingInterface.uasset" 3018
"D:/220177/ChronoTrial 4.27/Content/Loading/L_Loading_BuiltData.uasset" 3019
"D:/220177/ChronoTrial 4.27/Content/Loading/L_Loading.umap" 3020
"C:/Users/220177/AppData/Local/UnrealEngine/Common/DerivedDataCache/6/3/5/TEXTURE_E01F4250BECD420DA9CE63B5EECEC2C2_BGRA8_130CAD74452887B9BDA7A192073314C__13EC9EFB9BA0ADA228065BEAEED05547A7F5189D.udd" 3021
"C:/Users/220177/AppData/Local/UnrealEngine/Common/DerivedDataCache/2/4/7/TEXTURE_E01F4250BECD420DA9CE63B5EECEC2C2_BGRA8_0A993499439EB0BD2423E0BC44A691D__0E63255A59FBF72C6FD9CC2DD0B68F07D835D3C6.udd" 3022
"C:/Users/220177/AppData/Local/UnrealEngine/Common/DerivedDataCache/8/6/5/TEXTURE_E01F4250BECD420DA9CE63B5EECEC2C2_OODLE_AUTODXT_11_410A7F4048B73A92F888__4D20611A9F26D7F2D4935D5A1346620E881089C2.udd" 3023
"C:/Users/220177/AppData/Local/UnrealEngine/Common/DerivedDataCache/9/4/7/TEXTURE_E01F4250BECD420DA9CE63B5EECEC2C2_OODLE_AUTODXT_11_C0AB9387496720EBD12E__5ADCD9D1E8E21FA4F62B53C3930AF0A138C46612.udd" 3024
"C:/Users/220177/AppData/Local/UnrealEngine/Common/DerivedDataCache/5/0/1/TEXTURE_E01F4250BECD420DA9CE63B5EECEC2C2_BGRA8_FAFC45D14C8A097BD7E3C58C5F4E3A9__C44DDA42B6D500ECD01BEEB335774F50CBC57C30.udd" 3025
"C:/Users/220177/AppData/Local/UnrealEngine/Common/DerivedDataCache/1/7/0/TEXTURE_E01F4250BECD420DA9CE63B5EECEC2C2_BGRA8_38EEB11C4CCE366B9B2A5BB33A574D4__5620C4946DB44DB3E309115D5D608C5D51A0E076.udd" 3026
"C:/Users/220177/AppData/Local/UnrealEngine/Common/DerivedDataCache/8/8/9/TEXTURE_E01F4250BECD420DA9CE63B5EECEC2C2_BGRA8_39D0BA804E753D9862A1B39DA745350__D75B0ADBA99625F62015A7960A045CEE67CFAA76.udd" 3027
"C:/Users/220177/AppData/Local/UnrealEngine/Common/DerivedDataCache/7/9/4/TEXTURE_E01F4250BECD420DA9CE63B5EECEC2C2_BGRA8_2C64BF64444F1B91B41E39A5EFC7952__92666C1778DCE622A14574278D51C1FC94BC1A01.udd" 3028
"C:/Users/220177/AppData/Local/UnrealEngine/Common/DerivedDataCache/5/9/0/TEXTURE_E01F4250BECD420DA9CE63B5EECEC2C2_BGRA8_25B698554727B81D04A6FAAB8EAC377__55C54EC0A77EE0DFFC6A3391F5728F9AA7B1C742.udd" 3029
"C:/Users/220177/AppData/Local/UnrealEngine/Common/DerivedDataCache/3/9/1/TEXTURE_E01F4250BECD420DA9CE63B5EECEC2C2_BGRA8_CB9C004C41F427A4667653AB61D12C9__B6E68ED894ABA3D73779FC8311EBD9952A112F42.udd" 3030
"C:/Users/220177/AppData/Local/UnrealEngine/Common/DerivedDataCache/9/5/9/TEXTURE_E01F4250BECD420DA9CE63B5EECEC2C2_BGRA8_EB37703045FC205BF491448E7E49615__1F01962BF840AC4B2162081F1ED4A52BB5D0D49F.udd" 3031
"C:/Users/220177/AppData/Local/UnrealEngine/Common/DerivedDataCache/9/8/6/TEXTURE_E01F4250BECD420DA9CE63B5EECEC2C2_BGRA8_A209F4A04A266550CDC9929DC4B9BEA__CF7A7D2E13ED48FF7BB20AEA49D5395BB012FC92.udd" 3032
"C:/Users/220177/AppData/Local/UnrealEngine/Common/DerivedDataCache/1/5/5/STREAMEDAUDIO_BC6E92FBBD314E3B9B9EC6778749EB5E_OGG10000$2D1$2D1$2D1$2D1$2D1_4_053F27C149A552D1921BD18E27599237.udd" 3033
"C:/Users/220177/AppData/Local/UnrealEngine/Common/DerivedDataCache/2/9/9/STREAMEDAUDIO_BC6E92FBBD314E3B9B9EC6778749EB5E_OGG10000$2D1$2D1$2D1$2D1$2D1_4_6ED269874ACF8EC0A21A0CB9DF426B94.udd" 3034
"C:/Users/220177/AppData/Local/UnrealEngine/Common/DerivedDataCache/3/0/6/STREAMEDAUDIO_BC6E92FBBD314E3B9B9EC6778749EB5E_OGG10000$2D1$2D1$2D1$2D1$2D1_4_EC851BAC4226426ACAD51A8F329600C4.udd" 3035
"C:/Users/220177/AppData/Local/UnrealEngine/Common/DerivedDataCache/1/8/4/STREAMEDAUDIO_BC6E92FBBD314E3B9B9EC6778749EB5E_OGG10000$2D1$2D1$2D1$2D1$2D1_4_088914E84831A5BBFC9B96A80DB72D34.udd" 3036
"C:/Users/220177/AppData/Local/UnrealEngine/Common/DerivedDataCache/4/4/0/TEXTURE_E01F4250BECD420DA9CE63B5EECEC2C2_OODLE_BC4_11_63BD1E92462DEC7C047AF0A7__E82CFE5C7A11A8E36ED499F08BF5499D91A639D1.udd" 3037
"C:/Users/220177/AppData/Local/UnrealEngine/Common/DerivedDataCache/1/8/7/TEXTURE_E01F4250BECD420DA9CE63B5EECEC2C2_BGRA8_06E87F6A448F19D092B2F7A11725177__2AA5B3249E5614979F5D7281A499093D7C917145.udd" 3038
"C:/Users/220177/AppData/Local/UnrealEngine/Common/DerivedDataCache/7/5/5/TEXTURE_E01F4250BECD420DA9CE63B5EECEC2C2_OODLE_BC4_11_63BD1E92462DEC7C047AF0A7__80224A4D7741ED62E0690460CD8E02259F9BA8D9.udd" 3039
"C:/Users/220177/AppData/Local/UnrealEngine/Common/DerivedDataCache/7/9/1/TEXTURE_E01F4250BECD420DA9CE63B5EECEC2C2_OODLE_BC4_11_63BD1E92462DEC7C047AF0A7__5BED38F00CB4F6BD92F7B08EBA5F51CFB08B7868.udd" 3040
"C:/Users/220177/AppData/Local/UnrealEngine/Common/DerivedDataCache/7/0/2/TEXTURE_E01F4250BECD420DA9CE63B5EECEC2C2_OODLE_BC4_11_63BD1E92462DEC7C047AF0A7__4CC09492C96BDB067CE77C3D80D5E512EB1C7DD3.udd" 3041
"C:/Users/220177/AppData/Local/UnrealEngine/Common/DerivedDataCache/8/8/5/TEXTURE_E01F4250BECD420DA9CE63B5EECEC2C2_BGRA8_06E87F6A448F19D092B2F7A11725177__1DDA4C2BD4E579563B3970D1A9EB3DA0EF15790A.udd" 3042
"C:/Users/220177/AppData/Local/UnrealEngine/Common/DerivedDataCache/0/6/9/MATSM_0BA69734E4FD45E082FA4560DBE25454_PCD3D_SM5_8__BC5N_NOCCBN_NOIRIS_DEV_SL___DB9E6EA3B20378C00259C8A8C65898180E9BD2CA.udd" 3043
"C:/Users/220177/AppData/Local/UnrealEngine/Common/DerivedDataCache/2/1/5/TEXTURE_E01F4250BECD420DA9CE63B5EECEC2C2_OODLE_AUTODXT_11_922074094B2BF75B8A93__5830E2F2B8EED17861392EC1C0B786C9FE3DBD2C.udd" 3044
"C:/Users/220177/AppData/Local/UnrealEngine/Common/DerivedDataCache/5/7/3/TEXTURE_E01F4250BECD420DA9CE63B5EECEC2C2_OODLE_AUTODXT_11_9B2A73764A19C2505E02__9BEC14CB31FCF99E928891F73B3084D7BFB007ED.udd" 3045
"C:/Users/220177/AppData/Local/UnrealEngine/Common/DerivedDataCache/9/2/5/MATSM_0BA69734E4FD45E082FA4560DBE25454_PCD3D_SM5_8__BC5N_NOCCBN_NOIRIS_DEV_SL___5E3605FF70D745F7246682B03CB333C984343D6C.udd" 3046
"C:/Users/220177/AppData/Local/UnrealEngine/Common/DerivedDataCache/5/3/0/TEXTURE_E01F4250BECD420DA9CE63B5EECEC2C2_OODLE_BC4_11_1527FB9A411D199473A860B0__662F83F2EEE6D7627624E93D8052A21CADEE00F3.udd" 3047
"C:/Users/220177/AppData/Local/Temp/UnrealShaderWorkingDir/D46AE99C40F1A8706CB650BACBC3F9F3/0/WorkerOutputOnly.out" 3048
"C:/Users/220177/AppData/Local/UnrealEngine/Common/DerivedDataCache/2/0/3/TEXTURE_E01F4250BECD420DA9CE63B5EECEC2C2_BGRA8_C7DE2975435D20B6AC5260AAD8D64A8__ED235BD5FC65D5C76A131542256242E0191720AC.udd" 3049
"C:/Users/220177/AppData/Local/UnrealEngine/Common/DerivedDataCache/1/0/8/TEXTURE_E01F4250BECD420DA9CE63B5EECEC2C2_BGRA8_C7DE2975435D20B6AC5260AAD8D64A8__2FDCA9C8AAE12EDB0745EDE4AC07E83B4529E60D.udd" 3050
"C:/Users/220177/AppData/Local/UnrealEngine/Common/DerivedDataCache/5/9/7/MATSM_0BA69734E4FD45E082FA4560DBE25454_PCD3D_SM5_8__BC5N_NOCCBN_NOIRIS_DEV_SL___9DF76E3F36FDB368DD14AEB1F34FF641364F7029.udd" 3051
"C:/Users/220177/AppData/Local/UnrealEngine/Common/DerivedDataCache/2/4/9/TEXTURE_E01F4250BECD420DA9CE63B5EECEC2C2_OODLE_BC4_11_31A6613042A845766B04F6A9__3007AF4654CDE6A70AE5E3EC1A6EA9C5342C435E.udd" 3052
"C:/Users/220177/AppData/Local/UnrealEngine/Common/DerivedDataCache/8/7/9/MATSM_0BA69734E4FD45E082FA4560DBE25454_PCD3D_SM5_8__BC5N_NOCCBN_NOIRIS_DEV_SL___B7356438780B498130C24A2D38EC4D64202192E5.udd" 3053
"C:/Users/220177/AppData/Local/UnrealEngine/Common/DerivedDataCache/9/9/0/STREAMEDAUDIO_BC6E92FBBD314E3B9B9EC6778749EB5E_OGG10000$2D1$2D1$2D1$2D1$2D1_4_20422F274A1C04A9039107895E7ED2AD.udd" 3054
"C:/Users/220177/AppData/Local/UnrealEngine/Common/DerivedDataCache/2/2/2/STREAMEDAUDIO_BC6E92FBBD314E3B9B9EC6778749EB5E_OGG10000$2D1$2D1$2D1$2D1$2D1_4_5273F88B4E26449AE4BFE8BAA7DCC77C.udd" 3055
"C:/Users/220177/AppData/Local/UnrealEngine/Common/DerivedDataCache/7/9/3/MATSM_0BA69734E4FD45E082FA4560DBE25454_PCD3D_SM5_8__BC5N_NOCCBN_NOIRIS_DEV_SL___EA9AF477910086797CA35FD47A2D2A3C334FB24F.udd" 3056
"C:/Users/220177/AppData/Local/UnrealEngine/Common/DerivedDataCache/2/3/4/TEXTURE_E01F4250BECD420DA9CE63B5EECEC2C2_OODLE_AUTODXT_11_358E55734FA44C202008__842204D34B052DA76ADC11BC802F034131627468.udd" 3057
"C:/Users/220177/AppData/Local/UnrealEngine/Common/DerivedDataCache/6/0/5/TEXTURE_E01F4250BECD420DA9CE63B5EECEC2C2_OODLE_BC4_11_D413DB4D430642C02E6C42BC__2A34CF6F1894892529ED93B3A4A8AACB4AE4CF01.udd" 3058
"C:/Users/220177/AppData/Local/UnrealEngine/Common/DerivedDataCache/5/7/1/TEXTURE_E01F4250BECD420DA9CE63B5EECEC2C2_OODLE_BC4_11_7517D1EF46D10DF17AFC72A1__DA4DDDD2A468B3F894E65644238D0D2356C8C811.udd" 3059
"C:/Users/220177/AppData/Local/UnrealEngine/Common/DerivedDataCache/5/7/5/MATSM_0BA69734E4FD45E082FA4560DBE25454_PCD3D_SM5_8__BC5N_NOCCBN_NOIRIS_DEV_SL___13EDA510E956DF6F485505ECE6DC645527ED775B.udd" 3060
"C:/Users/220177/AppData/Local/UnrealEngine/Common/DerivedDataCache/8/5/9/STREAMEDAUDIO_BC6E92FBBD314E3B9B9EC6778749EB5E_OGG10000$2D1$2D1$2D1$2D1$2D1_4_D27983584820371EC770BD925C571D45.udd" 3061
"C:/Users/220177/AppData/Local/UnrealEngine/Common/DerivedDataCache/4/2/0/TEXTURE_E01F4250BECD420DA9CE63B5EECEC2C2_OODLE_AUTODXT_11_7CD370034BF55251A726__AD9F576C18712C7385EEEA5C9EF375BF684F5723.udd" 3062
"C:/Users/220177/AppData/Local/UnrealEngine/Common/DerivedDataCache/7/3/5/TEXTURE_E01F4250BECD420DA9CE63B5EECEC2C2_OODLE_BC5_11_768F655A44D13EED6BD6C1A3__BBF5800E5B64BADF31381B7A5337F9A94573393E.udd" 3063
"C:/Users/220177/AppData/Local/UnrealEngine/Common/DerivedDataCache/1/4/2/TEXTURE_E01F4250BECD420DA9CE63B5EECEC2C2_OODLE_AUTODXT_11_7CD370034BF55251A726__A71D546DB26CE0DF0BEF3DB981D44A86011D7905.udd" 3064
"C:/Users/220177/AppData/Local/UnrealEngine/Common/DerivedDataCache/1/4/4/TEXTURE_E01F4250BECD420DA9CE63B5EECEC2C2_OODLE_AUTODXT_11_7CD370034BF55251A726__F97345CF2F03B6A219B4E5F77C1C6AB9DE5A687C.udd" 3065
"C:/Users/220177/AppData/Local/UnrealEngine/Common/DerivedDataCache/9/6/2/TEXTURE_E01F4250BECD420DA9CE63B5EECEC2C2_OODLE_AUTODXT_11_7CD370034BF55251A726__02CC7FB6428A1FFCB7823F9BAFD253026B068608.udd" 3066
"C:/Users/220177/AppData/Local/UnrealEngine/Common/DerivedDataCache/7/9/3/TEXTURE_E01F4250BECD420DA9CE63B5EECEC2C2_OODLE_AUTODXT_11_7CD370034BF55251A726__4A208A39F24E27FF112EE698714A9EBC6B9D17C1.udd" 3067
"C:/Users/220177/AppData/Local/UnrealEngine/Common/DerivedDataCache/5/8/1/TEXTURE_E01F4250BECD420DA9CE63B5EECEC2C2_OODLE_BC5_11_768F655A44D13EED6BD6C1A3__B772FBBCE3F3C656A33B9C3E6CFB42F0485FCE93.udd" 3068
"C:/Users/220177/AppData/Local/UnrealEngine/Common/DerivedDataCache/9/8/5/TEXTURE_E01F4250BECD420DA9CE63B5EECEC2C2_OODLE_BC5_11_768F655A44D13EED6BD6C1A3__10C4E091024400011586F2859298365480F54282.udd" 3069
"C:/Users/220177/AppData/Local/UnrealEngine/Common/DerivedDataCache/9/2/7/TEXTURE_E01F4250BECD420DA9CE63B5EECEC2C2_OODLE_BC5_11_768F655A44D13EED6BD6C1A3__DC658AA1BE417F2DD2E8DBABE568180C4D793B88.udd" 3070
"C:/Users/220177/AppData/Local/UnrealEngine/Common/DerivedDataCache/6/9/6/TEXTURE_E01F4250BECD420DA9CE63B5EECEC2C2_OODLE_BC5_11_768F655A44D13EED6BD6C1A3__CFA31703877570356BF9AD9E5C876003E3482C85.udd" 3071
"C:/Users/220177/AppData/Local/UnrealEngine/Common/DerivedDataCache/0/6/8/TEXTURE_E01F4250BECD420DA9CE63B5EECEC2C2_OODLE_AUTODXT_11_E03641B8404F93577741__2ECB843EC714A1B76A3D6802968D35715C4D499E.udd" 3072
"C:/Users/220177/AppData/Local/UnrealEngine/Common/DerivedDataCache/7/6/4/TEXTURE_E01F4250BECD420DA9CE63B5EECEC2C2_OODLE_AUTODXT_11_1799C96348ADC05FC687__E2EDF9636AFC320E85CA0F2D8BC095870E4541C8.udd" 3073
"C:/Users/220177/AppData/Local/UnrealEngine/Common/DerivedDataCache/0/3/0/TEXTURE_E01F4250BECD420DA9CE63B5EECEC2C2_OODLE_AUTODXT_11_E03641B8404F93577741__06CE284F2E195FFEC21374A3395BBEB5E34D5D37.udd" 3074
"C:/Users/220177/AppData/Local/UnrealEngine/Common/DerivedDataCache/6/6/8/MATSM_0BA69734E4FD45E082FA4560DBE25454_PCD3D_SM5_8__BC5N_NOCCBN_NOIRIS_DEV_SL___E188AE27E413F2845E7387592FC22530EFFCAEC8.udd" 3075
"C:/Users/220177/AppData/Local/UnrealEngine/Common/DerivedDataCache/3/0/1/TEXTURE_E01F4250BECD420DA9CE63B5EECEC2C2_OODLE_AUTODXT_11_E03641B8404F93577741__EE551BCA7407FBB37EA6E9F95582D73277743F2C.udd" 3076
"C:/Users/220177/AppData/Local/UnrealEngine/Common/DerivedDataCache/8/6/6/TEXTURE_E01F4250BECD420DA9CE63B5EECEC2C2_OODLE_AUTODXT_11_1799C96348ADC05FC687__C58D5297A89435EEDE6C9597AC3AD6C17A60FF2D.udd" 3077
"C:/Users/220177/AppData/Local/UnrealEngine/Common/DerivedDataCache/1/7/1/TEXTURE_E01F4250BECD420DA9CE63B5EECEC2C2_OODLE_AUTODXT_11_E03641B8404F93577741__D975B7AFEE4174ECD41432C1DF790F8686BDF30A.udd" 3078
"C:/Users/220177/AppData/Local/UnrealEngine/Common/DerivedDataCache/9/1/8/TEXTURE_E01F4250BECD420DA9CE63B5EECEC2C2_OODLE_AUTODXT_11_1799C96348ADC05FC687__82115032B6C4545912131D2E7D7E8597D7AD1BBF.udd" 3079
"C:/Users/220177/AppData/Local/UnrealEngine/Common/DerivedDataCache/9/4/8/TEXTURE_E01F4250BECD420DA9CE63B5EECEC2C2_OODLE_AUTODXT_11_E03641B8404F93577741__19F887F7A5860A2A6E1C051E50C595186E0C66E7.udd" 3080
"C:/Users/220177/AppData/Local/UnrealEngine/Common/DerivedDataCache/0/8/3/TEXTURE_E01F4250BECD420DA9CE63B5EECEC2C2_OODLE_AUTODXT_11_1799C96348ADC05FC687__3EFACBAABB2A48215C9C11C560454EC9266439F0.udd" 3081
"C:/Users/220177/AppData/Local/UnrealEngine/Common/DerivedDataCache/2/9/9/TEXTURE_E01F4250BECD420DA9CE63B5EECEC2C2_OODLE_AUTODXT_11_1799C96348ADC05FC687__AEBEE7EC7A4820A7940229A5C95FA2946D5CBAD6.udd" 3082
"C:/Users/220177/AppData/Local/UnrealEngine/Common/DerivedDataCache/8/0/1/MATSM_0BA69734E4FD45E082FA4560DBE25454_PCD3D_SM5_8__BC5N_NOCCBN_NOIRIS_DEV_SL___B33817A7E31A62C2FD83C7C4A48CEB663921261E.udd" 3083
"C:/Users/220177/AppData/Local/UnrealEngine/Common/DerivedDataCache/6/6/6/MATSM_0BA69734E4FD45E082FA4560DBE25454_PCD3D_SM5_8__BC5N_NOCCBN_NOIRIS_DEV_SL___2E83E9E1205A07EB23A539899EC71EF23279D1C1.udd" 3084
"C:/Users/220177/AppData/Local/UnrealEngine/Common/DerivedDataCache/9/8/9/TEXTURE_E01F4250BECD420DA9CE63B5EECEC2C2_OODLE_AUTODXT_11_46D5252F40DE74E0915F__178C6DDA2196DE49DEE2D8DA44ECAA50E715BCF3.udd" 3085
"C:/Users/220177/AppData/Local/UnrealEngine/Common/DerivedDataCache/4/6/0/TEXTURE_E01F4250BECD420DA9CE63B5EECEC2C2_OODLE_AUTODXT_11_46D5252F40DE74E0915F__8388420245D20B3D5C8CBD4D3372076608DB6294.udd" 3086
"C:/Users/220177/AppData/Local/UnrealEngine/Common/DerivedDataCache/5/0/9/TEXTURE_E01F4250BECD420DA9CE63B5EECEC2C2_OODLE_AUTODXT_11_46D5252F40DE74E0915F__A14DAAA8B42AB8856C119F6C8CD8013405E83A6D.udd" 3087
"C:/Users/220177/AppData/Local/UnrealEngine/Common/DerivedDataCache/4/0/4/TEXTURE_E01F4250BECD420DA9CE63B5EECEC2C2_OODLE_AUTODXT_11_FB281D4D45CCC970D607__D95C402678910EB00853301F4EB60ABEAAA9DC59.udd" 3088
"C:/Users/220177/AppData/Local/UnrealEngine/Common/DerivedDataCache/0/3/5/TEXTURE_E01F4250BECD420DA9CE63B5EECEC2C2_OODLE_AUTODXT_11_46D5252F40DE74E0915F__72EB5F02646CFE9C35136CC896948F271EBED5F2.udd" 3089
"C:/Users/220177/AppData/Local/UnrealEngine/Common/DerivedDataCache/0/1/2/TEXTURE_E01F4250BECD420DA9CE63B5EECEC2C2_OODLE_AUTODXT_11_46D5252F40DE74E0915F__004257D9DE29FA0CD6C6FBB75283463ADB08AFE8.udd" 3090
"C:/Users/220177/AppData/Local/UnrealEngine/Common/DerivedDataCache/3/1/0/TEXTURE_E01F4250BECD420DA9CE63B5EECEC2C2_OODLE_AUTODXT_11_46D5252F40DE74E0915F__4B18D82BA1896E9453F28F7FEAA8D6364C99C280.udd" 3091
"C:/Users/220177/AppData/Local/UnrealEngine/Common/DerivedDataCache/8/3/0/TEXTURE_E01F4250BECD420DA9CE63B5EECEC2C2_OODLE_BC5_11_4550CDFB4EF9B94BFE0FF293__14CBE56688EDE1C33D32D8B732B19E1B50D81D9D.udd" 3092
"C:/Users/220177/AppData/Local/UnrealEngine/Common/DerivedDataCache/6/0/1/TEXTURE_E01F4250BECD420DA9CE63B5EECEC2C2_OODLE_AUTODXT_11_FB281D4D45CCC970D607__6432176C74A0878A7EEEB3055AC167E5686FBC32.udd" 3093
"C:/Users/220177/AppData/Local/UnrealEngine/Common/DerivedDataCache/2/3/8/TEXTURE_E01F4250BECD420DA9CE63B5EECEC2C2_OODLE_AUTODXT_11_6081A7C742B6C09C94B5__A8FE4028FDF682EFB5EC9ABDD9B17051D7DA2B1E.udd" 3094
"C:/Users/220177/AppData/Local/UnrealEngine/Common/DerivedDataCache/2/0/6/TEXTURE_E01F4250BECD420DA9CE63B5EECEC2C2_OODLE_AUTODXT_11_FB281D4D45CCC970D607__C6B54D89353EE090ECDC90ADEA7A15630816C2F9.udd" 3095
"C:/Users/220177/AppData/Local/UnrealEngine/Common/DerivedDataCache/7/3/4/TEXTURE_E01F4250BECD420DA9CE63B5EECEC2C2_OODLE_AUTODXT_11_FB281D4D45CCC970D607__ECB6C9B8FFFE488D1300B60902C59AF963AD2C5E.udd" 3096
"C:/Users/220177/AppData/Local/UnrealEngine/Common/DerivedDataCache/7/1/5/MATSM_0BA69734E4FD45E082FA4560DBE25454_PCD3D_SM5_8__BC5N_NOCCBN_NOIRIS_DEV_SL___E21964444DC79600A48B77716F2698D27F79385B.udd" 3097
"C:/Users/220177/AppData/Local/UnrealEngine/Common/DerivedDataCache/2/7/9/TEXTURE_E01F4250BECD420DA9CE63B5EECEC2C2_OODLE_AUTODXT_11_FB281D4D45CCC970D607__6A500BBF3B1A39F57B019613A2A06AA81B6F9A12.udd" 3098
"C:/Users/220177/AppData/Local/UnrealEngine/Common/DerivedDataCache/7/6/2/TEXTURE_E01F4250BECD420DA9CE63B5EECEC2C2_OODLE_BC5_11_4550CDFB4EF9B94BFE0FF293__C34C73A011BC38BD08DD3EACEB6FA9F9F220A18C.udd" 3099
"C:/Users/220177/AppData/Local/UnrealEngine/Common/DerivedDataCache/3/8/8/TEXTURE_E01F4250BECD420DA9CE63B5EECEC2C2_OODLE_AUTODXT_11_6081A7C742B6C09C94B5__1D5DE8A3A70654544C10773C8C5F553BA3976C7D.udd" 3100
"C:/Users/220177/AppData/Local/UnrealEngine/Common/DerivedDataCache/3/8/0/TEXTURE_E01F4250BECD420DA9CE63B5EECEC2C2_OODLE_AUTODXT_11_6081A7C742B6C09C94B5__307D6CE90CADDD670E73C04E636A2CE44AEE800B.udd" 3101
"C:/Users/220177/AppData/Local/UnrealEngine/Common/DerivedDataCache/5/1/5/TEXTURE_E01F4250BECD420DA9CE63B5EECEC2C2_OODLE_AUTODXT_11_FB281D4D45CCC970D607__9CEC24E4BDC8D066D3D42EC6AC4CDF1B4F98E420.udd" 3102
"C:/Users/220177/AppData/Local/UnrealEngine/Common/DerivedDataCache/4/1/3/TEXTURE_E01F4250BECD420DA9CE63B5EECEC2C2_OODLE_BC5_11_4550CDFB4EF9B94BFE0FF293__2E441E0ADC224D2BDA1D7F1B83BAC3FC656B0929.udd" 3103
"C:/Users/220177/AppData/Local/UnrealEngine/Common/DerivedDataCache/5/3/0/TEXTURE_E01F4250BECD420DA9CE63B5EECEC2C2_OODLE_AUTODXT_11_6081A7C742B6C09C94B5__B0121493176B4ACA9ACC1C3699E318D6013D2364.udd" 3104
"C:/Users/220177/AppData/Local/UnrealEngine/Common/DerivedDataCache/4/7/2/TEXTURE_E01F4250BECD420DA9CE63B5EECEC2C2_OODLE_BC5_11_4550CDFB4EF9B94BFE0FF293__A9ABAE6790EDAA1619A7BA24AF00E3635DCAEA8A.udd" 3105
"C:/Users/220177/AppData/Local/UnrealEngine/Common/DerivedDataCache/8/1/7/TEXTURE_E01F4250BECD420DA9CE63B5EECEC2C2_OODLE_BC5_11_4550CDFB4EF9B94BFE0FF293__5EBB8A0F84BF0A92E6B317D6EE6A0187E960F30B.udd" 3106
"C:/Users/220177/AppData/Local/UnrealEngine/Common/DerivedDataCache/1/7/9/TEXTURE_E01F4250BECD420DA9CE63B5EECEC2C2_OODLE_AUTODXT_11_6081A7C742B6C09C94B5__18CCB6E78B2FA22D407B8E1A70A8A32ACE76C71B.udd" 3107
"C:/Users/220177/AppData/Local/UnrealEngine/Common/DerivedDataCache/7/3/0/TEXTURE_E01F4250BECD420DA9CE63B5EECEC2C2_OODLE_AUTODXT_11_6081A7C742B6C09C94B5__DAAA71480499777A6100B09EA2814C01A226B6B0.udd" 3108
"C:/Users/220177/AppData/Local/UnrealEngine/Common/DerivedDataCache/8/3/8/TEXTURE_E01F4250BECD420DA9CE63B5EECEC2C2_OODLE_BC5_11_4550CDFB4EF9B94BFE0FF293__F59E112698DC699FF4E89C447843BC10F45175BA.udd" 3109
"C:/Users/220177/AppData/Local/UnrealEngine/Common/DerivedDataCache/7/3/7/TEXTURE_E01F4250BECD420DA9CE63B5EECEC2C2_BGRA8_8AD4FCDD4D988092EEACF6BBBD75FF0__11ECE8CD9D137D0DD32A845F8FB25DB90E59EFA3.udd" 3110
"C:/Users/220177/AppData/Local/UnrealEngine/Common/DerivedDataCache/2/6/8/MATSM_0BA69734E4FD45E082FA4560DBE25454_PCD3D_SM5_8__BC5N_NOCCBN_NOIRIS_DEV_SL___8021020ED1588D0132933D1C5830318D3CAC2366.udd" 3111
"C:/Users/220177/AppData/Local/UnrealEngine/Common/DerivedDataCache/7/1/6/STREAMEDAUDIO_BC6E92FBBD314E3B9B9EC6778749EB5E_OGG10000$2D1$2D1$2D1$2D1$2D1_4_7BF1A722442C707DD35C10844BEC9D86.udd" 3112
"C:/Users/220177/AppData/Local/UnrealEngine/Common/DerivedDataCache/3/7/1/STREAMEDAUDIO_BC6E92FBBD314E3B9B9EC6778749EB5E_OGG10000$2D1$2D1$2D1$2D1$2D1_4_50AB99564863A06957EE3AB76FB8B115.udd" 3113
"C:/Users/220177/AppData/Local/UnrealEngine/Common/DerivedDataCache/1/4/5/STREAMEDAUDIO_BC6E92FBBD314E3B9B9EC6778749EB5E_OGG10000$2D1$2D1$2D1$2D1$2D1_4_D2A94A8A4C3A09507322BD91160BCB6A.udd" 3114
"C:/Users/220177/AppData/Local/UnrealEngine/Common/DerivedDataCache/0/1/7/MATSM_0BA69734E4FD45E082FA4560DBE25454_PCD3D_SM5_8__BC5N_NOCCBN_NOIRIS_DEV_SL___7325EA3DF6ADF8F73E0D0911928D69813FDE5A78.udd" 3115
"C:/Users/220177/AppData/Local/UnrealEngine/Common/DerivedDataCache/9/4/5/STREAMEDAUDIO_BC6E92FBBD314E3B9B9EC6778749EB5E_OGG10000$2D1$2D1$2D1$2D1$2D1_4_24C16A4D4C176E3618A713B09967C9D1.udd" 3116
"C:/Users/220177/AppData/Local/UnrealEngine/Common/DerivedDataCache/3/3/2/MATSM_0BA69734E4FD45E082FA4560DBE25454_PCD3D_SM5_8__BC5N_NOCCBN_NOIRIS_DEV_SL___D36FF9793F66524E8C1702F54753C69D74556952.udd" 3117
"C:/Users/220177/AppData/Local/UnrealEngine/Common/DerivedDataCache/6/3/1/MATSM_0BA69734E4FD45E082FA4560DBE25454_PCD3D_SM5_8__BC5N_NOCCBN_NOIRIS_DEV_SL___AB81476B8864F38914F1908CA009024B3CB2C41D.udd" 3118
"C:/Users/220177/AppData/Local/UnrealEngine/Common/DerivedDataCache/1/9/2/TEXTURE_E01F4250BECD420DA9CE63B5EECEC2C2_BGRA8_826D27B94CCC310331AFA4ADC52C6C7__FE24FC92B89E834CFD01880C9C67B9FC1BEF977C.udd" 3119
"C:/Users/220177/AppData/Local/UnrealEngine/Common/DerivedDataCache/1/2/3/TEXTURE_E01F4250BECD420DA9CE63B5EECEC2C2_BGRA8_C6A326A04AC08A172C461694FCAD819__B5EA42497B5447BA6DC6FEEA09A2D1FC3305F951.udd" 3120
"C:/Users/220177/AppData/Local/UnrealEngine/Common/DerivedDataCache/7/2/3/MATSM_0BA69734E4FD45E082FA4560DBE25454_PCD3D_SM5_8__BC5N_NOCCBN_NOIRIS_DEV_SL___F62C2FA306C935E180C3C1A25BC65EC517674DDA.udd" 3121
"C:/Users/220177/AppData/Local/UnrealEngine/Common/DerivedDataCache/5/5/5/MATSM_0BA69734E4FD45E082FA4560DBE25454_PCD3D_SM5_8__BC5N_NOCCBN_NOIRIS_DEV_SL___B2404C99606EFC325F79428B9F0B65EB65DD5C27.udd" 3122
"C:/Users/220177/AppData/Local/UnrealEngine/Common/DerivedDataCache/0/5/9/STREAMEDAUDIO_BC6E92FBBD314E3B9B9EC6778749EB5E_OGG10000$2D1$2D1$2D1$2D1$2D1_4_A9B78A4F4F1489C13A54CEB310FAC249.udd" 3123
"C:/Users/220177/AppData/Local/UnrealEngine/Common/DerivedDataCache/0/0/7/MATSM_0BA69734E4FD45E082FA4560DBE25454_PCD3D_SM5_8__BC5N_NOCCBN_NOIRIS_DEV_SL___A53F7EE90959B3CC7150E82B007D79AE354EF832.udd" 3124
"C:/Users/220177/AppData/Local/UnrealEngine/Common/DerivedDataCache/9/3/5/MATSM_0BA69734E4FD45E082FA4560DBE25454_PCD3D_SM5_8__BC5N_NOCCBN_NOIRIS_DEV_SL___F177C55C5398B218E4760F3AD930541E550CCBCD.udd" 3125
"C:/Users/220177/AppData/Local/UnrealEngine/Common/DerivedDataCache/0/5/0/MATSM_0BA69734E4FD45E082FA4560DBE25454_PCD3D_SM5_8__BC5N_NOCCBN_NOIRIS_DEV_SL___DFDDCF5F86816BF60123011387E49EB79126276C.udd" 3126
"C:/Users/220177/AppData/Local/UnrealEngine/Common/DerivedDataCache/9/0/6/MATSM_0BA69734E4FD45E082FA4560DBE25454_PCD3D_SM5_8__BC5N_NOCCBN_NOIRIS_DEV_SL___6C50CEF378C059E1E971D87935B3FC1B6F496A5E.udd" 3127
"C:/Users/220177/AppData/Local/UnrealEngine/Common/DerivedDataCache/6/3/8/STREAMEDAUDIO_BC6E92FBBD314E3B9B9EC6778749EB5E_OGG10000$2D1$2D1$2D1$2D1$2D1_4_AF49A8A5420AEB80CEEB20A6574B26F1.udd" 3128
"C:/Users/220177/AppData/Local/UnrealEngine/Common/DerivedDataCache/7/1/7/TEXTURE_E01F4250BECD420DA9CE63B5EECEC2C2_OODLE_BC4_11_BBA9122F45C5EAD9F3A7F78A__94D9261545649F12D6584E7000E24C7124055BB6.udd" 3129
"C:/Users/220177/AppData/Local/UnrealEngine/Common/DerivedDataCache/5/7/6/TEXTURE_E01F4250BECD420DA9CE63B5EECEC2C2_OODLE_BC4_11_BBA9122F45C5EAD9F3A7F78A__67348374BCFE101E1E9265BAB160F8A7B19E70C0.udd" 3130
"C:/Users/220177/AppData/Local/UnrealEngine/Common/DerivedDataCache/7/0/3/TEXTURE_E01F4250BECD420DA9CE63B5EECEC2C2_OODLE_BC4_11_BBA9122F45C5EAD9F3A7F78A__93ECAC6BC33E78AD53734082C9B6FA8DBF07D06F.udd" 3131
"C:/Users/220177/AppData/Local/UnrealEngine/Common/DerivedDataCache/6/8/2/TEXTURE_E01F4250BECD420DA9CE63B5EECEC2C2_OODLE_BC4_11_BBA9122F45C5EAD9F3A7F78A__3A18CDB11B1291CB47C8015EBDF546B30E45DD6E.udd" 3132
"C:/Users/220177/AppData/Local/UnrealEngine/Common/DerivedDataCache/2/9/2/MATSM_0BA69734E4FD45E082FA4560DBE25454_PCD3D_SM5_8__BC5N_NOCCBN_NOIRIS_DEV_SL___B13404185B7F2BE895B212033096D12A6B5F1C60.udd" 3133
"C:/Users/220177/AppData/Local/UnrealEngine/Common/DerivedDataCache/3/2/7/TEXTURE_E01F4250BECD420DA9CE63B5EECEC2C2_OODLE_AUTODXT_11_9834C3A7413338695C6C__F808E09F24C45D2CBBE1325267E185FDCB0F6FB5.udd" 3134
"C:/Users/220177/AppData/Local/UnrealEngine/Common/DerivedDataCache/4/3/4/TEXTURE_E01F4250BECD420DA9CE63B5EECEC2C2_OODLE_AUTODXT_11_9834C3A7413338695C6C__7D8A9F824A0AFAB9C98C775B01407FB15B9C333B.udd" 3135
"C:/Users/220177/AppData/Local/UnrealEngine/Common/DerivedDataCache/0/5/1/TEXTURE_E01F4250BECD420DA9CE63B5EECEC2C2_OODLE_AUTODXT_11_9834C3A7413338695C6C__CED74E395192D085173ED89B0BDC970CD28C625E.udd" 3136
"C:/Users/220177/AppData/Local/UnrealEngine/Common/DerivedDataCache/4/5/5/TEXTURE_E01F4250BECD420DA9CE63B5EECEC2C2_OODLE_AUTODXT_11_9834C3A7413338695C6C__C82C5B231371321B159ED221200BC745A8899F41.udd" 3137
"C:/Users/220177/AppData/Local/UnrealEngine/Common/DerivedDataCache/5/9/6/MATSM_0BA69734E4FD45E082FA4560DBE25454_PCD3D_SM5_8__BC5N_NOCCBN_NOIRIS_DEV_SL___1F63F45FDD5A8E9A03B2B3C8298D0521D8EC2D5C.udd" 3138
"C:/Users/220177/AppData/Local/UnrealEngine/Common/DerivedDataCache/3/4/0/TEXTURE_E01F4250BECD420DA9CE63B5EECEC2C2_OODLE_BC4_11_896CF11F44850AEBBFBA7EB1__C987E56ED8952A97E2CD302F0DF6DE7C3427046A.udd" 3139
"C:/Users/220177/AppData/Local/UnrealEngine/Common/DerivedDataCache/5/6/1/MATSM_0BA69734E4FD45E082FA4560DBE25454_PCD3D_SM5_8__BC5N_NOCCBN_NOIRIS_DEV_SL___A55CF5CFF8D7E837B29E22A94613D5EDCC5AB28F.udd" 3140
"C:/Users/220177/AppData/Local/UnrealEngine/Common/DerivedDataCache/0/6/4/TEXTURE_E01F4250BECD420DA9CE63B5EECEC2C2_OODLE_BC4_11_2D5DACA043CC3746BD9642BE__E43CE221FFEE8011B57FDFEA234EF827B7F85A01.udd" 3141
"C:/Users/220177/AppData/Local/UnrealEngine/Common/DerivedDataCache/6/3/4/TEXTURE_E01F4250BECD420DA9CE63B5EECEC2C2_OODLE_BC4_11_2D5DACA043CC3746BD9642BE__1E6A453678D26B2E439041E27BC897889CD210EB.udd" 3142
"C:/Users/220177/AppData/Local/UnrealEngine/Common/DerivedDataCache/6/5/9/TEXTURE_E01F4250BECD420DA9CE63B5EECEC2C2_OODLE_BC4_11_2D5DACA043CC3746BD9642BE__72D2239526FE39DD811BB5D617282E751CD7470F.udd" 3143
"C:/Users/220177/AppData/Local/UnrealEngine/Common/DerivedDataCache/7/0/5/TEXTURE_E01F4250BECD420DA9CE63B5EECEC2C2_OODLE_BC4_11_2D5DACA043CC3746BD9642BE__7B140AF4470F02DD62ABB3A096BD7105E7BD268A.udd" 3144
"C:/Users/220177/AppData/Local/UnrealEngine/Common/DerivedDataCache/4/8/0/TEXTURE_E01F4250BECD420DA9CE63B5EECEC2C2_OODLE_AUTODXT_11_650CDF054472A36474EE__A3A17AEF57BC69C6FB1979F56141832960655EC5.udd" 3145
"C:/Users/220177/AppData/Local/Temp/UnrealShaderWorkingDir/D46AE99C40F1A8706CB650BACBC3F9F3/1/WorkerOutputOnly.out" 3146
"C:/Users/220177/AppData/Local/UnrealEngine/Common/DerivedDataCache/9/7/2/MATSM_0BA69734E4FD45E082FA4560DBE25454_PCD3D_SM5_8__BC5N_NOCCBN_NOIRIS_DEV_SL___D9837CB1934F749189B5A6C5C3336F5B296BD3F4.udd" 3147
"C:/Users/220177/AppData/Local/UnrealEngine/Common/DerivedDataCache/0/6/5/MATSM_0BA69734E4FD45E082FA4560DBE25454_PCD3D_SM5_8__BC5N_NOCCBN_NOIRIS_DEV_SL___37AA5AEC19338F11B7BE28AF50CE507FD2145511.udd" 3148
"C:/Users/220177/AppData/Local/UnrealEngine/Common/DerivedDataCache/7/0/7/TEXTURE_E01F4250BECD420DA9CE63B5EECEC2C2_BGRA8_1CB77E2D45DBAC4352A3E49EF9B3448__EF4A25764CFA6377965681C645367A161A26146F.udd" 3149
"C:/Users/220177/AppData/Local/UnrealEngine/Common/DerivedDataCache/4/5/5/STREAMEDAUDIO_BC6E92FBBD314E3B9B9EC6778749EB5E_OGG10000$2D1$2D1$2D1$2D1$2D1_4_61404EBB41313AA647A8859E693A53A3.udd" 3150
"C:/Users/220177/AppData/Local/UnrealEngine/Common/DerivedDataCache/2/9/1/STREAMEDAUDIO_BC6E92FBBD314E3B9B9EC6778749EB5E_OGG10000$2D1$2D1$2D1$2D1$2D1_4_CE35DE24416C9425ECFFC3AC60930B80.udd" 3151
"C:/Users/220177/AppData/Local/UnrealEngine/Common/DerivedDataCache/4/7/4/MATSM_0BA69734E4FD45E082FA4560DBE25454_PCD3D_SM5_8__BC5N_NOCCBN_NOIRIS_DEV_SL___6B327B2AF8F56F94AC4454D28E2F70EB72FF49AE.udd" 3152
"C:/Users/220177/AppData/Local/UnrealEngine/Common/DerivedDataCache/0/8/8/STREAMEDAUDIO_BC6E92FBBD314E3B9B9EC6778749EB5E_OGG10000$2D1$2D1$2D1$2D1$2D1_4_AC8DA7094E1EAC9CE0C13987BDDC6846.udd" 3153
"C:/Users/220177/AppData/Local/UnrealEngine/Common/DerivedDataCache/8/8/4/TEXTURE_E01F4250BECD420DA9CE63B5EECEC2C2_OODLE_AUTODXT_11_A4F2AA4A46A6274C026B__901EF33155FBC71E31A0C9B3F56D97EB2BD91A4E.udd" 3154
"C:/Users/220177/AppData/Local/UnrealEngine/Common/DerivedDataCache/3/2/7/TEXTURE_E01F4250BECD420DA9CE63B5EECEC2C2_OODLE_AUTODXT_11_A4F2AA4A46A6274C026B__2E17C06DA97138C9376F723A1FBF2A0C873F01DC.udd" 3155
"C:/Users/220177/AppData/Local/UnrealEngine/Common/DerivedDataCache/2/3/5/TEXTURE_E01F4250BECD420DA9CE63B5EECEC2C2_OODLE_AUTODXT_11_A4F2AA4A46A6274C026B__F00D1FB2B0462E5B1A39F1FBB8FEC7477112F770.udd" 3156
"C:/Users/220177/AppData/Local/UnrealEngine/Common/DerivedDataCache/6/5/0/TEXTURE_E01F4250BECD420DA9CE63B5EECEC2C2_OODLE_AUTODXT_11_A4F2AA4A46A6274C026B__9B54D58779D90CCD53166AC67D1F0AE014DBBAFF.udd" 3157
"C:/Users/220177/AppData/Local/UnrealEngine/Common/DerivedDataCache/4/4/0/TEXTURE_E01F4250BECD420DA9CE63B5EECEC2C2_OODLE_AUTODXT_11_A4F2AA4A46A6274C026B__EFF9F3EB07330E3E220131AB91F44475F85E7BCD.udd" 3158
"C:/Users/220177/AppData/Local/UnrealEngine/Common/DerivedDataCache/5/7/4/TEXTURE_E01F4250BECD420DA9CE63B5EECEC2C2_OODLE_AUTODXT_11_A4F2AA4A46A6274C026B__44A3E6E37EB0B06B377EAD6DFF0FFA2CD6AC0D41.udd" 3159
"C:/Users/220177/AppData/Local/UnrealEngine/Common/DerivedDataCache/3/3/0/MATSM_0BA69734E4FD45E082FA4560DBE25454_PCD3D_SM5_8__BC5N_NOCCBN_NOIRIS_DEV_SL___0EB2D67684DA4D7D3D59A76ECFBDA94DABABF3EA.udd" 3160
"C:/Users/220177/AppData/Local/UnrealEngine/Common/DerivedDataCache/3/7/3/STREAMEDAUDIO_BC6E92FBBD314E3B9B9EC6778749EB5E_OGG10000$2D1$2D1$2D1$2D1$2D1_4_B1AC02344BBB4C23C194A4B57C9FB1E7.udd" 3161
"C:/Users/220177/AppData/Local/UnrealEngine/Common/DerivedDataCache/8/4/5/STREAMEDAUDIO_BC6E92FBBD314E3B9B9EC6778749EB5E_OGG10000$2D1$2D1$2D1$2D1$2D1_4_28D5DF0A4534E20B91AEF699452F688B.udd" 3162
"C:/Users/220177/AppData/Local/UnrealEngine/Common/DerivedDataCache/7/9/7/STREAMEDAUDIO_BC6E92FBBD314E3B9B9EC6778749EB5E_OGG10000$2D1$2D1$2D1$2D1$2D1_4_7ABECB584706F135F270808B7BD1D9F6.udd" 3163
"C:/Users/220177/AppData/Local/UnrealEngine/Common/DerivedDataCache/1/3/3/STREAMEDAUDIO_BC6E92FBBD314E3B9B9EC6778749EB5E_OGG10000$2D1$2D1$2D1$2D1$2D1_4_A66AF295444E380D81A137B2C9B44443.udd" 3164
"C:/Users/220177/AppData/Local/UnrealEngine/Common/DerivedDataCache/1/8/7/TEXTURE_E01F4250BECD420DA9CE63B5EECEC2C2_BGRA8_273FD6044065A0529626F3A69DAB19C__1AEDE0E6A57F5D7122771FD09B4E3D37BFCEFB87.udd" 3165
"C:/Users/220177/AppData/Local/UnrealEngine/Common/DerivedDataCache/0/5/2/TEXTURE_E01F4250BECD420DA9CE63B5EECEC2C2_BGRA8_7CBB65C9404983A2A2103983A41646E__59B0E5A809038179D8DD907741F4F430A5473B0F.udd" 3166
"C:/Users/220177/AppData/Local/UnrealEngine/Common/DerivedDataCache/2/3/1/TEXTURE_E01F4250BECD420DA9CE63B5EECEC2C2_BGRA8_91CE1E9548D5611DCC871EB2B7E03FA__0A7C243BC88528B08F582DE2569C84ED4A7822CC.udd" 3167
"C:/Users/220177/AppData/Local/UnrealEngine/Common/DerivedDataCache/0/1/2/TEXTURE_E01F4250BECD420DA9CE63B5EECEC2C2_BGRA8_A28853E7440D59128E6431ADC379BBD__C9003360E6208805705FE2393445E158AB23B8DA.udd" 3168
"C:/Users/220177/AppData/Local/UnrealEngine/Common/DerivedDataCache/4/9/5/TEXTURE_E01F4250BECD420DA9CE63B5EECEC2C2_BGRA8_5EE0D77E495662F6702418ABC6B0DA4__44689DF846F02EBD58D8CF52D89384AD900674F9.udd" 3169
"C:/Users/220177/AppData/Local/UnrealEngine/Common/DerivedDataCache/3/8/1/TEXTURE_E01F4250BECD420DA9CE63B5EECEC2C2_BGRA8_206DFCC142B18D6B4328F08F4E1158D__F32F6D2A88B7380D7F2723E03A569C63F4DD4F60.udd" 3170
"C:/Users/220177/AppData/Local/UnrealEngine/Common/DerivedDataCache/5/2/2/TEXTURE_E01F4250BECD420DA9CE63B5EECEC2C2_BGRA8_42D88C0D4B0D55497938B0805E03633__C45993B70B628491E44A06AA20E4BCDC29DBA5F7.udd" 3171
"C:/Users/220177/AppData/Local/UnrealEngine/Common/DerivedDataCache/7/2/6/TEXTURE_E01F4250BECD420DA9CE63B5EECEC2C2_BGRA8_A52A8DE341AB84596810C49C927186E__E910B8B807C7095643DC666CA6778B51834311A6.udd" 3172
"C:/Users/220177/AppData/Local/UnrealEngine/Common/DerivedDataCache/4/6/0/TEXTURE_E01F4250BECD420DA9CE63B5EECEC2C2_BGRA8_C0B3586846F49F127A77B098E01E557__F20E7768DAE7FADD3CCDB4FFAA0E6242C8D28E0F.udd" 3173
"C:/Users/220177/AppData/Local/UnrealEngine/Common/DerivedDataCache/3/6/5/TEXTURE_E01F4250BECD420DA9CE63B5EECEC2C2_OODLE_AUTODXT_11_81602DAC4F29D8B22A3F__9776601994839F71A512770CEB1666C701C96CC0.udd" 3174
"C:/Users/220177/AppData/Local/UnrealEngine/Common/DerivedDataCache/2/3/7/MATSM_0BA69734E4FD45E082FA4560DBE25454_PCD3D_SM5_8__BC5N_NOCCBN_NOIRIS_DEV_SL___F36A5BBC523F3C24E68903E683FCA5981E50012E.udd" 3175
"C:/Users/220177/AppData/Local/UnrealEngine/Common/DerivedDataCache/0/7/9/TEXTURE_E01F4250BECD420DA9CE63B5EECEC2C2_OODLE_AUTODXT_11_81602DAC4F29D8B22A3F__285809653803295EFBB67B67948A0878F1A65923.udd" 3176
"C:/Users/220177/AppData/Local/UnrealEngine/Common/DerivedDataCache/1/2/2/TEXTURE_E01F4250BECD420DA9CE63B5EECEC2C2_OODLE_AUTODXT_11_81602DAC4F29D8B22A3F__1B825F8054FECC4596723AF4A54C6CED90739063.udd" 3177
"C:/Users/220177/AppData/Local/UnrealEngine/Common/DerivedDataCache/1/4/7/TEXTURE_E01F4250BECD420DA9CE63B5EECEC2C2_OODLE_AUTODXT_11_81602DAC4F29D8B22A3F__3D6135A12D9C715BCD248145560D29ECBF2270E8.udd" 3178
"C:/Users/220177/AppData/Local/UnrealEngine/Common/DerivedDataCache/4/7/3/TEXTURE_E01F4250BECD420DA9CE63B5EECEC2C2_BGRA8_12D46B3941B9C6D7A86F89B592BF2BF__8BD4D68012F2A094E173D54285ADD615DD929917.udd" 3179
"C:/Users/220177/AppData/Local/UnrealEngine/Common/DerivedDataCache/2/8/2/TEXTURE_E01F4250BECD420DA9CE63B5EECEC2C2_OODLE_AUTODXT_11_192C477A4F26BA8167B9__C37151E7372C962EDCD3D5FBB0CF176F1D2D4A67.udd" 3180
"C:/Users/220177/AppData/Local/UnrealEngine/Common/DerivedDataCache/3/3/0/TEXTURE_E01F4250BECD420DA9CE63B5EECEC2C2_OODLE_AUTODXT_11_4EE2E0CF4AFDF5FBE777__4222286EAB12EC00BBE8E46EC7CD15967BE8EFDE.udd" 3181
"C:/Users/220177/AppData/Local/UnrealEngine/Common/DerivedDataCache/6/0/8/TEXTURE_E01F4250BECD420DA9CE63B5EECEC2C2_OODLE_AUTODXT_11_4EE2E0CF4AFDF5FBE777__39980332D8BB1A24FEDB9F5F9A0C7833D8CCEEFF.udd" 3182
"C:/Users/220177/AppData/Local/UnrealEngine/Common/DerivedDataCache/7/3/0/TEXTURE_E01F4250BECD420DA9CE63B5EECEC2C2_OODLE_AUTODXT_11_4EE2E0CF4AFDF5FBE777__58F1312BB40A5E5A26AE0F98C4DC13F53D3C86BC.udd" 3183
"C:/Users/220177/AppData/Local/UnrealEngine/Common/DerivedDataCache/6/7/6/TEXTURE_E01F4250BECD420DA9CE63B5EECEC2C2_OODLE_AUTODXT_11_4EE2E0CF4AFDF5FBE777__0F1226F37E963CC7A677FCB12D32781A2B02F020.udd" 3184
"C:/Users/220177/AppData/Local/UnrealEngine/Common/DerivedDataCache/6/7/0/TEXTURE_E01F4250BECD420DA9CE63B5EECEC2C2_OODLE_AUTODXT_11_4EE2E0CF4AFDF5FBE777__DC8826FE125BD39B4C61596584139420EE3809C3.udd" 3185
"C:/Users/220177/AppData/Local/UnrealEngine/Common/DerivedDataCache/0/3/5/TEXTURE_E01F4250BECD420DA9CE63B5EECEC2C2_OODLE_AUTODXT_11_4EE2E0CF4AFDF5FBE777__1692A7812666A134802B784F0D04249AB092792B.udd" 3186
"C:/Users/220177/AppData/Local/UnrealEngine/Common/DerivedDataCache/1/6/7/MATSM_0BA69734E4FD45E082FA4560DBE25454_PCD3D_SM5_8__BC5N_NOCCBN_NOIRIS_DEV_SL___C9EE9D6D0DC0BAC8D8CF8FF2768D0698A59AFFED.udd" 3187
"C:/Users/220177/AppData/Local/UnrealEngine/Common/DerivedDataCache/9/6/8/MATSM_0BA69734E4FD45E082FA4560DBE25454_PCD3D_SM5_8__BC5N_NOCCBN_NOIRIS_DEV_SL___7F58851054A5E5A279F993700B8F1A14ADC36637.udd" 3188
"C:/Users/220177/AppData/Local/UnrealEngine/Common/DerivedDataCache/3/8/2/TEXTURE_E01F4250BECD420DA9CE63B5EECEC2C2_OODLE_AUTODXT_11_D4DB4B3F4B3D73EBAE6F__A486327ACFC3C9882354C754DDDAE5A360067DA7.udd" 3189
"C:/Users/220177/AppData/Local/UnrealEngine/Common/DerivedDataCache/2/7/3/MATSM_0BA69734E4FD45E082FA4560DBE25454_PCD3D_SM5_8__BC5N_NOCCBN_NOIRIS_DEV_SL___A7F9D993D7BADE8D80D95A0A481730A1B17D549A.udd" 3190
"C:/Users/220177/AppData/Local/UnrealEngine/Common/DerivedDataCache/5/0/4/TEXTURE_E01F4250BECD420DA9CE63B5EECEC2C2_OODLE_AUTODXT_11_D4DB4B3F4B3D73EBAE6F__49826011C9566E3BC1F3E4C3166F2B36D8E8CA7E.udd" 3191
"C:/Users/220177/AppData/Local/UnrealEngine/Common/DerivedDataCache/3/3/5/TEXTURE_E01F4250BECD420DA9CE63B5EECEC2C2_OODLE_AUTODXT_11_D4DB4B3F4B3D73EBAE6F__8AF9F6F5B13B4BA72AC11FBAA476E29997A78D16.udd" 3192
"C:/Users/220177/AppData/Local/UnrealEngine/Common/DerivedDataCache/6/3/8/TEXTURE_E01F4250BECD420DA9CE63B5EECEC2C2_OODLE_AUTODXT_11_D4DB4B3F4B3D73EBAE6F__664076340B441F0AFF15FACCD9BE794BFABE02AE.udd" 3193
"C:/Users/220177/AppData/Local/UnrealEngine/Common/DerivedDataCache/8/4/6/TEXTURE_E01F4250BECD420DA9CE63B5EECEC2C2_OODLE_AUTODXT_11_D4DB4B3F4B3D73EBAE6F__B44F19F4CA0EB77D861FB9C5C091D0FDC436B34F.udd" 3194
"C:/Users/220177/AppData/Local/UnrealEngine/Common/DerivedDataCache/0/3/0/TEXTURE_E01F4250BECD420DA9CE63B5EECEC2C2_OODLE_AUTODXT_11_D4DB4B3F4B3D73EBAE6F__2FD6B73EC132AB12368AB586ABBEC990D0721438.udd" 3195
"C:/Users/220177/AppData/Local/UnrealEngine/Common/DerivedDataCache/3/5/5/TEXTURE_E01F4250BECD420DA9CE63B5EECEC2C2_OODLE_AUTODXT_11_0A96827E47D9D50BA3F4__387DCE7EE2531EA283A77C9FD6C7ED56D799A1CA.udd" 3196
"C:/Users/220177/AppData/Local/UnrealEngine/Common/DerivedDataCache/9/6/7/TEXTURE_E01F4250BECD420DA9CE63B5EECEC2C2_OODLE_AUTODXT_11_0A96827E47D9D50BA3F4__8F0FC368A067D3A1439B0547604C80C8A55E8D62.udd" 3197
"C:/Users/220177/AppData/Local/UnrealEngine/Common/DerivedDataCache/8/9/8/TEXTURE_E01F4250BECD420DA9CE63B5EECEC2C2_OODLE_AUTODXT_11_0A96827E47D9D50BA3F4__564799BD9FE22BB835C072FC8ECEFF2B52139908.udd" 3198
"C:/Users/220177/AppData/Local/UnrealEngine/Common/DerivedDataCache/9/0/7/TEXTURE_E01F4250BECD420DA9CE63B5EECEC2C2_OODLE_AUTODXT_11_0A96827E47D9D50BA3F4__7940737B6697AB3A12BA4C6FC290D1D5FF023738.udd" 3199
"C:/Users/220177/AppData/Local/UnrealEngine/Common/DerivedDataCache/9/1/6/MATSM_0BA69734E4FD45E082FA4560DBE25454_PCD3D_SM5_8__BC5N_NOCCBN_NOIRIS_DEV_SL___537EFAA6B927D2A41C84FEDCE784698BF7C2276E.udd" 3200
"C:/Users/220177/AppData/Local/UnrealEngine/Common/DerivedDataCache/2/0/6/TEXTURE_E01F4250BECD420DA9CE63B5EECEC2C2_OODLE_AUTODXT_11_7EB4D0484745393331A5__85772DD639902DD63495FFFBB48B0D03A46C648E.udd" 3201
"C:/Users/220177/AppData/Local/UnrealEngine/Common/DerivedDataCache/9/6/6/TEXTURE_E01F4250BECD420DA9CE63B5EECEC2C2_OODLE_AUTODXT_11_7EB4D0484745393331A5__FAF6B1FD64A0725DA86C379E258B9B0F9D71528F.udd" 3202
"C:/Users/220177/AppData/Local/UnrealEngine/Common/DerivedDataCache/1/0/6/MATSM_0BA69734E4FD45E082FA4560DBE25454_PCD3D_SM5_8__BC5N_NOCCBN_NOIRIS_DEV_SL___9D5FC06B270C89DD98F5E7C9BFE7C70BF7EF8C4C.udd" 3203
"C:/Users/220177/AppData/Local/UnrealEngine/Common/DerivedDataCache/6/4/9/TEXTURE_E01F4250BECD420DA9CE63B5EECEC2C2_OODLE_AUTODXT_11_7EB4D0484745393331A5__E25C2E477BC1DA374B9F92494251817B0031CF08.udd" 3204
"C:/Users/220177/AppData/Local/UnrealEngine/Common/DerivedDataCache/5/5/8/TEXTURE_E01F4250BECD420DA9CE63B5EECEC2C2_OODLE_AUTODXT_11_7EB4D0484745393331A5__4F19B249AD1303EA91CD544239020CFA16E238B0.udd" 3205
"C:/Users/220177/AppData/Local/UnrealEngine/Common/DerivedDataCache/5/7/9/TEXTURE_E01F4250BECD420DA9CE63B5EECEC2C2_OODLE_AUTODXT_11_AF8D4A9045C18D8C2F14__E90BAFD40FD5E2B9EC4B1CF555A9089D3BE44056.udd" 3206
"C:/Users/220177/AppData/Local/UnrealEngine/Common/DerivedDataCache/9/4/0/MATSM_0BA69734E4FD45E082FA4560DBE25454_PCD3D_SM5_8__BC5N_NOCCBN_NOIRIS_DEV_SL___0116291CA9A3F221F32D92A647E6E9A8838247DD.udd" 3207
"C:/Users/220177/AppData/Local/UnrealEngine/Common/DerivedDataCache/0/9/9/TEXTURE_E01F4250BECD420DA9CE63B5EECEC2C2_OODLE_AUTODXT_11_AF8D4A9045C18D8C2F14__C5344F2AA2EEAB46426DA636EBDA6A9711369EE7.udd" 3208
"C:/Users/220177/AppData/Local/UnrealEngine/Common/DerivedDataCache/6/0/6/TEXTURE_E01F4250BECD420DA9CE63B5EECEC2C2_OODLE_AUTODXT_11_AF8D4A9045C18D8C2F14__7A08CC204C40142BA5891AD74BF7DB63200ECD6C.udd" 3209
"C:/Users/220177/AppData/Local/UnrealEngine/Common/DerivedDataCache/2/9/1/TEXTURE_E01F4250BECD420DA9CE63B5EECEC2C2_OODLE_AUTODXT_11_AF8D4A9045C18D8C2F14__02DA817853125102A08E6549E5CA51B3412808DD.udd" 3210
"C:/Users/220177/AppData/Local/UnrealEngine/Common/DerivedDataCache/0/5/1/TEXTURE_E01F4250BECD420DA9CE63B5EECEC2C2_OODLE_AUTODXT_11_AF8D4A9045C18D8C2F14__2E8761AD4346FD2D30EF426BCB056200FA6E51A5.udd" 3211
"C:/Users/220177/AppData/Local/UnrealEngine/Common/DerivedDataCache/9/0/8/TEXTURE_E01F4250BECD420DA9CE63B5EECEC2C2_OODLE_AUTODXT_11_AF8D4A9045C18D8C2F14__6CF877C9A9C1523ADCA1A75CF569A66262578B41.udd" 3212
"C:/Users/220177/AppData/Local/UnrealEngine/Common/DerivedDataCache/7/1/6/MATSM_0BA69734E4FD45E082FA4560DBE25454_PCD3D_SM5_8__BC5N_NOCCBN_NOIRIS_DEV_SL___1DB46091190A4DAD6275CC66C346C2B53EE12F90.udd" 3213
"C:/Users/220177/AppData/Local/UnrealEngine/Common/DerivedDataCache/7/7/8/TEXTURE_E01F4250BECD420DA9CE63B5EECEC2C2_BGRA8_AE6EBF86454744FFE101D0A0E8B816C__089816FC8F42D13F5FDC96E6AECF1B0A30C5309C.udd" 3214
"C:/Users/220177/AppData/Local/UnrealEngine/Common/DerivedDataCache/8/2/7/TEXTURE_E01F4250BECD420DA9CE63B5EECEC2C2_OODLE_BC4_11_C26B24F64399783F6224C494__74FFB6A7904A9AB06B0F0A92EBD72EA8913DF171.udd" 3215
"C:/Users/220177/AppData/Local/UnrealEngine/Common/DerivedDataCache/8/9/5/TEXTURE_E01F4250BECD420DA9CE63B5EECEC2C2_OODLE_BC4_11_AA71C43548C07BD66BBA0199__EC030E9B66F42222066FF2A50C8CA04BBD793F2F.udd" 3216
"C:/Users/220177/AppData/Local/UnrealEngine/Common/DerivedDataCache/4/1/5/MATSM_0BA69734E4FD45E082FA4560DBE25454_PCD3D_SM5_8__BC5N_NOCCBN_NOIRIS_DEV_SL___72434348BB35BBA09A9FB6230A4BC4BD9D434E65.udd" 3217
"C:/Users/220177/AppData/Local/UnrealEngine/Common/DerivedDataCache/9/0/0/TEXTURE_E01F4250BECD420DA9CE63B5EECEC2C2_OODLE_AUTODXT_11_7865D2A24F37290DCC98__2AB146DA166C1CCA64BA5402E8C6500D2CAEAB30.udd" 3218
"C:/Users/220177/AppData/Local/UnrealEngine/Common/DerivedDataCache/7/6/5/STREAMEDAUDIO_BC6E92FBBD314E3B9B9EC6778749EB5E_OGG10000$2D1$2D1$2D1$2D1$2D1_4_7C5EC9FE4B3F1224D0407F99F8EF5CD2.udd" 3219
"C:/Users/220177/AppData/Local/UnrealEngine/Common/DerivedDataCache/7/0/1/STREAMEDAUDIO_BC6E92FBBD314E3B9B9EC6778749EB5E_OGG10000$2D1$2D1$2D1$2D1$2D1_4_57E379A14C7F19E5450734A642B834E5.udd" 3220
"C:/Users/220177/AppData/Local/UnrealEngine/Common/DerivedDataCache/0/4/8/STREAMEDAUDIO_BC6E92FBBD314E3B9B9EC6778749EB5E_OGG10000$2D1$2D1$2D1$2D1$2D1_4_17C5FAEC4F8EA5EE66DD98807783DF27.udd" 3221
"D:/220177/ChronoTrial 4.27/Content/ThirdPersonBP/ThirdPersonGameMode.uasset" 3222
"D:/220177/ChronoTrial 4.27/Content/Sounds/BGM/BGM_Tutorial_Cue.uasset" 3223
"D:/220177/ChronoTrial 4.27/Content/Sounds/BGM/BGM_Tutorial.uasset" 3224
"D:/220177/ChronoTrial 4.27/Content/Loading/L_LevelGroupTutorial.umap" 3225
"D:/220177/ChronoTrial 4.27/Content/Loading/L_LevelGroupDefault.umap" 3226
"D:/220177/ChronoTrial 4.27/Content/05GameOver/BP_OverPawn.uasset" 3227
"D:/220177/ChronoTrial 4.27/Content/05GameOver/OverGameMode.uasset" 3228
"D:/220177/ChronoTrial 4.27/Content/05GameOver/OverHUD.uasset" 3229
"D:/220177/ChronoTrial 4.27/Content/05GameOver/GameOver.umap" 3230
"D:/220177/ChronoTrial 4.27/Content/05GameOver/WBPGameOverScene.uasset" 3231
"D:/220177/ChronoTrial 4.27/Content/05GameOver/UI_OverBack.uasset" 3232
"D:/220177/ChronoTrial 4.27/Content/05GameOver/UI_GameOver.uasset" 3233
"C:/Users/220177/AppData/Local/UnrealEngine/Common/DerivedDataCache/0/0/0/AUDIO_0005_0000_OGG10000$2D1$2D1$2D1$2D1$2D1_0004_FEF6460444C8F583CAC3F1876E8804E8.udd" 3234
"D:/220177/ChronoTrial 4.27/Content/03GamePlay/TutorialMap.umap" 3235
"../../../Engine/Content/EngineSky/BP_Sky_Sphere.uasset" 3236
"../../../Engine/Content/EngineSky/C_Sky_Cloud_Color.uasset" 3237
"../../../Engine/Content/EngineSky/C_Sky_Horizon_Color.uasset" 3238
"../../../Engine/Content/EngineSky/C_Sky_Zenith_Color.uasset" 3239
"../../../Engine/Content/EngineSky/M_Sky_Panning_Clouds2.uasset" 3240
"../../../Engine/Content/EngineSky/T_Sky_Blue.uasset" 3241
"../../../Engine/Content/EngineSky/T_Sky_Clouds_M.uasset" 3242
"../../../Engine/Content/EngineSky/T_Sky_Stars.uasset" 3243
"../../../Engine/Content/EngineSky/SM_SkySphere.uasset" 3244
"D:/220177/ChronoTrial 4.27/Content/Enemy/Spawner/SpawnerTutorial.uasset" 3245
"D:/220177/ChronoTrial 4.27/Content/03GamePlay/TutorialMap_BuiltData.uasset" 3246
"D:/220177/ChronoTrial 4.27/Content/StarterContent/Materials/M_Concrete_Poured.uasset" 3247
"D:/220177/ChronoTrial 4.27/Content/StarterContent/Textures/T_Concrete_Poured_D.uasset" 3248
"D:/220177/ChronoTrial 4.27/Content/StarterContent/Textures/T_Concrete_Poured_N.uasset" 3249
"D:/220177/ChronoTrial 4.27/Content/StarterContent/Textures/T_Perlin_Noise_M.uasset" 3250
"D:/220177/ChronoTrial 4.27/Content/ThirdPersonBP/Skill/M_Outline_2_Inst.uasset" 3251
"D:/220177/ChronoTrial 4.27/Content/ThirdPersonBP/Skill/M_Outline_2.uasset" 3252
"../../../Engine/Content/Functions/Engine_MaterialFunctions01/ImageAdjustment/BlurSampleOffsets.uasset" 3253
"../../../Engine/Content/Functions/Engine_MaterialFunctions02/SampleSceneDepth.uasset" 3254
"D:/220177/ChronoTrial 4.27/Content/ThirdPersonBP/Skill/M_Outline_Inst.uasset" 3255
"D:/220177/ChronoTrial 4.27/Content/ThirdPersonBP/Skill/M_Outline.uasset" 3256
"D:/220177/ChronoTrial 4.27/Content/Geometry/Meshes/TemplateFloor.uasset" 3257
"C:/Users/220177/AppData/Local/UnrealEngine/Common/DerivedDataCache/0/3/0/PHYSX_A08609EF508D460CBB6710540B03AACF_PHYSXPC_F0F6B2244D61330C30536285EA800248__1_0_0_0_2_13315_0.udd" 3258
"C:/Users/220177/AppData/Local/UnrealEngine/Common/DerivedDataCache/9/6/0/PHYSX_A08609EF508D460CBB6710540B03AACF_PHYSXPC_3C787EC74C08DDAAEFAC68B26145E6F4__1_0_0_0_2_13315_0.udd" 3259
"C:/Users/220177/AppData/Local/UnrealEngine/Common/DerivedDataCache/9/7/6/PHYSX_A08609EF508D460CBB6710540B03AACF_PHYSXPC_D998238D49643457F422F783266685C7__1_0_0_0_2_13315_0.udd" 3260
"C:/Users/220177/AppData/Local/UnrealEngine/Common/DerivedDataCache/2/8/7/STREAMEDAUDIO_BC6E92FBBD314E3B9B9EC6778749EB5E_OGG10000$2D1$2D1$2D1$2D1$2D1_4_FEF6460444C8F583CAC3F1876E8804E8.udd" 3261
"D:/220177/ChronoTrial 4.27/Content/04GameClear/GameClear.umap" 3262
"D:/220177/ChronoTrial 4.27/Content/04GameClear/ClearGameMode.uasset" 3263
"D:/220177/ChronoTrial 4.27/Content/04GameClear/ClearHUD.uasset" 3264
"D:/220177/ChronoTrial 4.27/Content/04GameClear/BP_ClearPawn.uasset" 3265
"D:/220177/ChronoTrial 4.27/Content/04GameClear/UMG_Gameclear.uasset" 3266
"D:/220177/ChronoTrial 4.27/Content/03GamePlay/BP_SoundSelector.uasset" 3267
"D:/220177/ChronoTrial 4.27/Content/Sounds/BGM/BGM_Boss_Cue.uasset" 3268
"D:/220177/ChronoTrial 4.27/Content/Sounds/BGM/BGM_Boss.uasset" 3269
"D:/220177/ChronoTrial 4.27/Content/Sounds/BGM/BGM_Stage_Cue.uasset" 3270
"D:/220177/ChronoTrial 4.27/Content/04GameClear/UI_Clear2.uasset" 3271
"D:/220177/ChronoTrial 4.27/Content/Sounds/BGM/BGM_Stage.uasset" 3272
"D:/220177/ChronoTrial 4.27/Content/RoomCheckObjectBP/TriggerBoxTarget.uasset" 3273
"D:/220177/ChronoTrial 4.27/Content/RoomCheckObjectBP/MT_LocationPin.uasset" 3274
"../../../Engine/Content/Functions/Engine_MaterialFunctions01/Texturing/BitMask.uasset" 3275
"D:/220177/ChronoTrial 4.27/Content/StageModel/M_NormalRoom.uasset" 3276
"D:/220177/ChronoTrial 4.27/Content/StageModel/Texture/Normal_Base_color_1001.uasset" 3277
"D:/220177/ChronoTrial 4.27/Content/StageModel/Texture/Normal_Emissive_1001.uasset" 3278
"D:/220177/ChronoTrial 4.27/Content/StageModel/Texture/Normal_Normal_OpenGL_1001.uasset" 3279
"D:/220177/ChronoTrial 4.27/Content/StageModel/Texture/Normal_Roughness_1001.uasset" 3280
"D:/220177/ChronoTrial 4.27/Content/StageModel/M_Wall2.uasset" 3281
"D:/220177/ChronoTrial 4.27/Content/StageModel/Texture/Wall_2_Base_color.uasset" 3282
"D:/220177/ChronoTrial 4.27/Content/StageModel/Texture/Wall_2_Emissive.uasset" 3283
"D:/220177/ChronoTrial 4.27/Content/StageModel/Texture/Wall_2_Normal_OpenGL.uasset" 3284
"D:/220177/ChronoTrial 4.27/Content/StageModel/Texture/Wall_2_Roughness.uasset" 3285
"D:/220177/ChronoTrial 4.27/Content/StageModel/Transparent.uasset" 3286
"D:/220177/ChronoTrial 4.27/Content/StageModel/Aisle.uasset" 3287
"D:/220177/ChronoTrial 4.27/Content/StageModel/M_Aisle.uasset" 3288
"D:/220177/ChronoTrial 4.27/Content/StageModel/Texture/Aisle_Base_color_1001.uasset" 3289
"D:/220177/ChronoTrial 4.27/Content/StageModel/Texture/Aisle_Emissive_1001.uasset" 3290
"D:/220177/ChronoTrial 4.27/Content/StageModel/Texture/Aisle_Normal_OpenGL_1001.uasset" 3291
"D:/220177/ChronoTrial 4.27/Content/StageModel/Texture/Aisle_Roughness_1001.uasset" 3292
"D:/220177/ChronoTrial 4.27/Content/StageModel/Boss/Boss_polySurface278.uasset" 3293
"D:/220177/ChronoTrial 4.27/Content/StageModel/Boss/obj2.uasset" 3294
"D:/220177/ChronoTrial 4.27/Content/StageModel/Boss/Boss_polySurface310.uasset" 3295
"D:/220177/ChronoTrial 4.27/Content/StageModel/Boss/obj8.uasset" 3296
"D:/220177/ChronoTrial 4.27/Content/StageModel/Boss/objcting.uasset" 3297
"D:/220177/ChronoTrial 4.27/Content/StageModel/Boss/Boss_polySurface314.uasset" 3298
"D:/220177/ChronoTrial 4.27/Content/StageModel/Boss/obj1.uasset" 3299
"D:/220177/ChronoTrial 4.27/Content/StageModel/Boss/bossmatome.uasset" 3300
"D:/220177/ChronoTrial 4.27/Content/StageModel/Boss/Boss_polySurface318.uasset" 3301
"D:/220177/ChronoTrial 4.27/Content/StageModel/Boss/obj5.uasset" 3302
"D:/220177/ChronoTrial 4.27/Content/StageModel/Boss/objctotext.uasset" 3303
"D:/220177/ChronoTrial 4.27/Content/StageModel/Boss/Boss_polySurface323.uasset" 3304
"D:/220177/ChronoTrial 4.27/Content/StageModel/Boss/obj9.uasset" 3305
"D:/220177/ChronoTrial 4.27/Content/StageModel/Boss/objcti.uasset" 3306
"D:/220177/ChronoTrial 4.27/Content/StageModel/Boss/Boss_polySurface339.uasset" 3307
"D:/220177/ChronoTrial 4.27/Content/StageModel/Boss/obj3.uasset" 3308
"D:/220177/ChronoTrial 4.27/Content/StageModel/Boss/objctot.uasset" 3309
"D:/220177/ChronoTrial 4.27/Content/StageModel/Boss/Boss_polySurface342.uasset" 3310
"D:/220177/ChronoTrial 4.27/Content/StageModel/Boss/obj7.uasset" 3311
"D:/220177/ChronoTrial 4.27/Content/StageModel/Boss/objctin.uasset" 3312
"D:/220177/ChronoTrial 4.27/Content/StageModel/Boss/Boss_polySurface362.uasset" 3313
"D:/220177/ChronoTrial 4.27/Content/StageModel/Boss/obj11.uasset" 3314
"D:/220177/ChronoTrial 4.27/Content/StageModel/Boss/obj.uasset" 3315
"D:/220177/ChronoTrial 4.27/Content/StageModel/Boss/Boss_polySurface363.uasset" 3316
"D:/220177/ChronoTrial 4.27/Content/StageModel/Boss/obj12.uasset" 3317
"D:/220177/ChronoTrial 4.27/Content/StageModel/Boss/objc.uasset" 3318
"D:/220177/ChronoTrial 4.27/Content/StageModel/Boss/Boss_polySurface373.uasset" 3319
"D:/220177/ChronoTrial 4.27/Content/StageModel/Boss/obj4.uasset" 3320
"D:/220177/ChronoTrial 4.27/Content/StageModel/Boss/objctotex.uasset" 3321
"D:/220177/ChronoTrial 4.27/Content/StageModel/NormalRoom.uasset" 3322
"D:/220177/ChronoTrial 4.27/Content/StageModel/WaitingRoom.uasset" 3323
"D:/220177/ChronoTrial 4.27/Content/StageModel/M_WaitingRoom.uasset" 3324
"D:/220177/ChronoTrial 4.27/Content/StageModel/Texture/Waiting_Base_color_1001.uasset" 3325
"D:/220177/ChronoTrial 4.27/Content/StageModel/Texture/Waiting_Emissive_1001.uasset" 3326
"D:/220177/ChronoTrial 4.27/Content/StageModel/Texture/Waiting_Normal_OpenGL_1001.uasset" 3327
"D:/220177/ChronoTrial 4.27/Content/StageModel/Texture/Waiting_Roughness_1001.uasset" 3328
"D:/220177/ChronoTrial 4.27/Content/StageModel/Wall1.uasset" 3329
"D:/220177/ChronoTrial 4.27/Content/StageModel/M_Wall1.uasset" 3330
"D:/220177/ChronoTrial 4.27/Content/StageModel/Texture/Wall_1_Base_color_1001.uasset" 3331
"D:/220177/ChronoTrial 4.27/Content/StageModel/Texture/Wall_1_Emissive_1001.uasset" 3332
"D:/220177/ChronoTrial 4.27/Content/StageModel/Texture/Wall_1_Normal_OpenGL_1001.uasset" 3333
"D:/220177/ChronoTrial 4.27/Content/StageModel/Texture/Wall_1_Roughness_1001.uasset" 3334
"D:/220177/ChronoTrial 4.27/Content/StageModel/Wall2.uasset" 3335
"C:/Users/220177/AppData/Local/UnrealEngine/Common/DerivedDataCache/7/5/7/STATICMESH_9CE2B6FB46754B699726C4AA1515F12E_228332BAE0224DD294E232B87D83948FQU__C0AC9E85AC10175A470B0E4493835EF0A48964B2.udd" 3336
"C:/Users/220177/AppData/Local/UnrealEngine/Common/DerivedDataCache/5/1/0/PHYSX_A08609EF508D460CBB6710540B03AACF_PHYSXPC_F762C0F041780DC67E84A3B0600B510__1BEAE15807C3C0B68CC9D6755A332B98EC25D27B.udd" 3337
"C:/Users/220177/AppData/Local/UnrealEngine/Common/DerivedDataCache/1/1/6/NAVCOLLISION_2983273BE5D6425391E8C0B3D1C0A55D_NAVCOLLISION_X_F762C0F041780DC67__9361C4888DDF807B23ECB6BB99CE436A9AE2FDAE.udd" 3338
"C:/Users/220177/AppData/Local/UnrealEngine/Common/DerivedDataCache/8/7/7/STATICMESH_9CE2B6FB46754B699726C4AA1515F12E_228332BAE0224DD294E232B87D83948FQU__0BB2650302A35288D88FD07D1EB943D427B1E9ED.udd" 3339
"C:/Users/220177/AppData/Local/UnrealEngine/Common/DerivedDataCache/7/3/9/PHYSX_A08609EF508D460CBB6710540B03AACF_PHYSXPC_26D8CC8F46E9C877380E19B78EB6801__4E31F76FB946CB94F7E7E20D4B12E3D1E7D10B9D.udd" 3340
"C:/Users/220177/AppData/Local/UnrealEngine/Common/DerivedDataCache/0/2/1/NAVCOLLISION_2983273BE5D6425391E8C0B3D1C0A55D_NAVCOLLISION_X_26D8CC8F46E9C8773__44565AB0C2B39D048A780AF8DE3E618AC3041102.udd" 3341
"C:/Users/220177/AppData/Local/UnrealEngine/Common/DerivedDataCache/0/6/2/STATICMESH_9CE2B6FB46754B699726C4AA1515F12E_228332BAE0224DD294E232B87D83948FQU__84CBDB91374E704F7B6A80555C60E0AA2662BC07.udd" 3342
"C:/Users/220177/AppData/Local/UnrealEngine/Common/DerivedDataCache/5/8/8/PHYSX_A08609EF508D460CBB6710540B03AACF_PHYSXPC_B5E748414520BCC100FE2F9A7B789A3__F034F2A6076199CC2E642B2FF071BB11A36F7B7A.udd" 3343
"C:/Users/220177/AppData/Local/UnrealEngine/Common/DerivedDataCache/6/0/3/NAVCOLLISION_2983273BE5D6425391E8C0B3D1C0A55D_NAVCOLLISION_X_B5E748414520BCC10__757CB88FDAFCFD9894156007E4184F7E7B158118.udd" 3344
"C:/Users/220177/AppData/Local/UnrealEngine/Common/DerivedDataCache/2/9/7/STATICMESH_9CE2B6FB46754B699726C4AA1515F12E_228332BAE0224DD294E232B87D83948FQU__248432ED98678C8F4553BF18B01688C171D75F61.udd" 3345
"C:/Users/220177/AppData/Local/UnrealEngine/Common/DerivedDataCache/6/9/5/PHYSX_A08609EF508D460CBB6710540B03AACF_PHYSXPC_83EC57D34E3C8F5DDAFFC09A474DA7A__33D16A775C514D2E109C5B38971C93BB88765B5F.udd" 3346
"C:/Users/220177/AppData/Local/UnrealEngine/Common/DerivedDataCache/1/9/5/NAVCOLLISION_2983273BE5D6425391E8C0B3D1C0A55D_NAVCOLLISION_X_83EC57D34E3C8F5DD__A68CC439FA228D67E42E1767E23BB3E9F7D38EBD.udd" 3347
"C:/Users/220177/AppData/Local/UnrealEngine/Common/DerivedDataCache/6/1/6/STATICMESH_9CE2B6FB46754B699726C4AA1515F12E_228332BAE0224DD294E232B87D83948FQU__E05578CEA41B01B50B3E7AA3262CD488CBBEE44F.udd" 3348
"C:/Users/220177/AppData/Local/UnrealEngine/Common/DerivedDataCache/1/7/4/PHYSX_A08609EF508D460CBB6710540B03AACF_PHYSXPC_4B891CB140303385D79E6C8D8707BED__76BAED9185BA0D0CD2B3D8907B2739214B6CB42F.udd" 3349
"C:/Users/220177/AppData/Local/UnrealEngine/Common/DerivedDataCache/5/9/7/NAVCOLLISION_2983273BE5D6425391E8C0B3D1C0A55D_NAVCOLLISION_X_4B891CB140303385D__B233483408E2020E290A5A598E15CA4D8D0514B0.udd" 3350
"C:/Users/220177/AppData/Local/UnrealEngine/Common/DerivedDataCache/7/4/5/STATICMESH_9CE2B6FB46754B699726C4AA1515F12E_228332BAE0224DD294E232B87D83948FQU__612238D99D855F68C5AA12EB08D2080FC769693E.udd" 3351
"C:/Users/220177/AppData/Local/UnrealEngine/Common/DerivedDataCache/3/9/5/PHYSX_A08609EF508D460CBB6710540B03AACF_PHYSXPC_7C9D466D4A90E1AD11704FA33B04479__970770E9BA6748966115AB159D7A189ECDD7A063.udd" 3352
"C:/Users/220177/AppData/Local/UnrealEngine/Common/DerivedDataCache/1/3/4/NAVCOLLISION_2983273BE5D6425391E8C0B3D1C0A55D_NAVCOLLISION_X_7C9D466D4A90E1AD1__BB6F331E553D882001F3AD1119C906A8DBB2B3CD.udd" 3353
"C:/Users/220177/AppData/Local/UnrealEngine/Common/DerivedDataCache/5/7/0/STATICMESH_9CE2B6FB46754B699726C4AA1515F12E_228332BAE0224DD294E232B87D83948FQU__C35A8CD559CE7A1729A54CED4DEDE2EA95E24EA7.udd" 3354
"C:/Users/220177/AppData/Local/UnrealEngine/Common/DerivedDataCache/6/5/8/PHYSX_A08609EF508D460CBB6710540B03AACF_PHYSXPC_CFB64A414B4B76DB942228A184AC4F2__AC40D4C8A5943DD49E2890496D5237BA5CA705F1.udd" 3355
"C:/Users/220177/AppData/Local/UnrealEngine/Common/DerivedDataCache/7/2/5/NAVCOLLISION_2983273BE5D6425391E8C0B3D1C0A55D_NAVCOLLISION_X_CFB64A414B4B76DB9__B47DAE7C1F13C24E5629DA760890D62D8CCC4923.udd" 3356
"C:/Users/220177/AppData/Local/UnrealEngine/Common/DerivedDataCache/4/1/8/STATICMESH_9CE2B6FB46754B699726C4AA1515F12E_228332BAE0224DD294E232B87D83948FQU__C630C03FDB05ACEDBD20CE4091E3905E7F521EA5.udd" 3357
"C:/Users/220177/AppData/Local/UnrealEngine/Common/DerivedDataCache/1/1/9/PHYSX_A08609EF508D460CBB6710540B03AACF_PHYSXPC_B5AEBB474C883E8DF469FBA58DB8813__7422B9045F6BE6656FE1F54B5424272198D4A2E4.udd" 3358
"C:/Users/220177/AppData/Local/UnrealEngine/Common/DerivedDataCache/7/0/3/NAVCOLLISION_2983273BE5D6425391E8C0B3D1C0A55D_NAVCOLLISION_X_B5AEBB474C883E8DF__B1138C0E57E7B0BD229E9331ACEC1FE5CDDF31E7.udd" 3359
"C:/Users/220177/AppData/Local/UnrealEngine/Common/DerivedDataCache/9/6/1/STATICMESH_9CE2B6FB46754B699726C4AA1515F12E_228332BAE0224DD294E232B87D83948FQU__C4B86163E367CA2A13AA59D10E1429C3BC0C4821.udd" 3360
"C:/Users/220177/AppData/Local/UnrealEngine/Common/DerivedDataCache/5/4/0/PHYSX_A08609EF508D460CBB6710540B03AACF_PHYSXPC_AA3589204F72B05912573BB75EE8D23__85BD7DE16AA3CC5F14116301D7C14BE0576D82FF.udd" 3361
"C:/Users/220177/AppData/Local/UnrealEngine/Common/DerivedDataCache/8/1/3/NAVCOLLISION_2983273BE5D6425391E8C0B3D1C0A55D_NAVCOLLISION_X_AA3589204F72B0591__ABB3800EB1CC3A5941933FAF6AB380659971A46E.udd" 3362
"C:/Users/220177/AppData/Local/UnrealEngine/Common/DerivedDataCache/2/3/4/STATICMESH_9CE2B6FB46754B699726C4AA1515F12E_228332BAE0224DD294E232B87D83948FQU__2EC050546C8963FBAF0257395600ACD2E0210BF1.udd" 3363
"C:/Users/220177/AppData/Local/UnrealEngine/Common/DerivedDataCache/2/1/9/PHYSX_A08609EF508D460CBB6710540B03AACF_PHYSXPC_BA0494224094F3A125D02F9FA5B9830__D3883AA2E51357D506868CCE4941E41EA16D6736.udd" 3364
"C:/Users/220177/AppData/Local/UnrealEngine/Common/DerivedDataCache/5/0/8/NAVCOLLISION_2983273BE5D6425391E8C0B3D1C0A55D_NAVCOLLISION_X_BA0494224094F3A12__BBFAA05140EC4D173F3D740433044B9D01CEEBBD.udd" 3365
"C:/Users/220177/AppData/Local/UnrealEngine/Common/DerivedDataCache/2/1/1/STATICMESH_9CE2B6FB46754B699726C4AA1515F12E_228332BAE0224DD294E232B87D83948FQU__FEBC099B40EFA38B38F94DCFAB12442DC12DAF92.udd" 3366
"C:/Users/220177/AppData/Local/UnrealEngine/Common/DerivedDataCache/0/5/1/PHYSX_A08609EF508D460CBB6710540B03AACF_PHYSXPC_8849DB4D4FD0AFE106504A9B5A382FB__DFF9D1B8E309419506633F2901E1EE4221713E91.udd" 3367
"C:/Users/220177/AppData/Local/UnrealEngine/Common/DerivedDataCache/1/7/9/NAVCOLLISION_2983273BE5D6425391E8C0B3D1C0A55D_NAVCOLLISION_X_8849DB4D4FD0AFE10__03422656DFAEA452CC23411860B9778532C2597C.udd" 3368
"C:/Users/220177/AppData/Local/UnrealEngine/Common/DerivedDataCache/9/3/1/STATICMESH_9CE2B6FB46754B699726C4AA1515F12E_228332BAE0224DD294E232B87D83948FQU__CBD08784B0165B768D78CFA538262DABC80E83AA.udd" 3369
"C:/Users/220177/AppData/Local/UnrealEngine/Common/DerivedDataCache/6/0/8/PHYSX_A08609EF508D460CBB6710540B03AACF_PHYSXPC_DEECB82941CFC323C80D37A8850916F__6FC988006DE3169E3DDF7B211AA7A30FC10F9ED0.udd" 3370
"C:/Users/220177/AppData/Local/UnrealEngine/Common/DerivedDataCache/8/0/3/NAVCOLLISION_2983273BE5D6425391E8C0B3D1C0A55D_NAVCOLLISION_X_DEECB82941CFC323C__71725E2FC4B205323291A428253562A34AE84655.udd" 3371
"C:/Users/220177/AppData/Local/UnrealEngine/Common/DerivedDataCache/3/9/5/STATICMESH_9CE2B6FB46754B699726C4AA1515F12E_228332BAE0224DD294E232B87D83948FQU__FA9EF04A85433DC855CA196784ADC8AFCF859A31.udd" 3372
"C:/Users/220177/AppData/Local/UnrealEngine/Common/DerivedDataCache/4/3/7/PHYSX_A08609EF508D460CBB6710540B03AACF_PHYSXPC_61B99E34431338429AA66FA8BF4430B__589C1F300F178780B826113702A295B2C5C47874.udd" 3373
"C:/Users/220177/AppData/Local/UnrealEngine/Common/DerivedDataCache/8/8/7/NAVCOLLISION_2983273BE5D6425391E8C0B3D1C0A55D_NAVCOLLISION_X_61B99E34431338429__F58EC9C2AC2461DB1A34E772CF4EBD422DC5E385.udd" 3374
"C:/Users/220177/AppData/Local/UnrealEngine/Common/DerivedDataCache/0/0/7/STATICMESH_9CE2B6FB46754B699726C4AA1515F12E_228332BAE0224DD294E232B87D83948FQU__79BC0A1BEE3AA448CA77E87A037AB9BAFCABD3F1.udd" 3375
"C:/Users/220177/AppData/Local/UnrealEngine/Common/DerivedDataCache/3/9/7/PHYSX_A08609EF508D460CBB6710540B03AACF_PHYSXPC_77A5A4F74999A11ED6C1308D4E2BA60__991067FD45CB486918F7E443678FE9A8BEC1CF41.udd" 3376
"C:/Users/220177/AppData/Local/UnrealEngine/Common/DerivedDataCache/0/7/9/NAVCOLLISION_2983273BE5D6425391E8C0B3D1C0A55D_NAVCOLLISION_X_77A5A4F74999A11ED__835424D988F808B61085F66BF35FDD0E2B10676D.udd" 3377
"C:/Users/220177/AppData/Local/UnrealEngine/Common/DerivedDataCache/8/2/1/STATICMESH_9CE2B6FB46754B699726C4AA1515F12E_228332BAE0224DD294E232B87D83948FQU__4EAD11B222D4CEDE6E890654F3081E0E820C1896.udd" 3378
"C:/Users/220177/AppData/Local/UnrealEngine/Common/DerivedDataCache/0/5/6/PHYSX_A08609EF508D460CBB6710540B03AACF_PHYSXPC_E47FA9664C2B4C4B361BBD97F803F83__2E76477416BE10F65F4F4733B3E732F4A7D0F363.udd" 3379
"C:/Users/220177/AppData/Local/UnrealEngine/Common/DerivedDataCache/0/8/8/NAVCOLLISION_2983273BE5D6425391E8C0B3D1C0A55D_NAVCOLLISION_X_E47FA9664C2B4C4B3__71CD6024F17246C7BD3EB8A2264608FDA8B6E554.udd" 3380
"C:/Users/220177/AppData/Local/UnrealEngine/Common/DerivedDataCache/5/8/7/AUDIO_0005_0000_OGG10000$2D1$2D1$2D1$2D1$2D1_0004_785174874A0C96417E1EC9928EE933C0.udd" 3381
"C:/Users/220177/AppData/Local/UnrealEngine/Common/DerivedDataCache/0/3/0/AUDIO_0005_0000_OGG10000$2D1$2D1$2D1$2D1$2D1_0004_A44E2BD34E0A2A2A9721238B451B707F.udd" 3382
"C:/Users/220177/AppData/Local/UnrealEngine/Common/DerivedDataCache/8/9/8/PHYSX_A08609EF508D460CBB6710540B03AACF_PHYSXPC_29484E3B4449371A96D0BDA150377D5E__1_0_0_0_2_13315_0.udd" 3383
"C:/Users/220177/AppData/Local/UnrealEngine/Common/DerivedDataCache/9/8/5/PHYSX_A08609EF508D460CBB6710540B03AACF_PHYSXPC_FF3A8BF4498B7AC4C552B3B9C781FAF1__1_0_0_0_3_13315_0.udd" 3384
"C:/Users/220177/AppData/Local/UnrealEngine/Common/DerivedDataCache/4/3/3/PHYSX_A08609EF508D460CBB6710540B03AACF_PHYSXPC_742D03B741A247B5B16B589F8DF465E3__1_0_0_0_3_13315_0.udd" 3385
"C:/Users/220177/AppData/Local/UnrealEngine/Common/DerivedDataCache/3/3/2/PHYSX_A08609EF508D460CBB6710540B03AACF_PHYSXPC_8C3FA6494A966E03B1BAC2B92D5F9F1F__1_0_0_0_3_13315_0.udd" 3386
"C:/Users/220177/AppData/Local/UnrealEngine/Common/DerivedDataCache/1/6/4/PHYSX_A08609EF508D460CBB6710540B03AACF_PHYSXPC_106131ED4431E452308227A420EFD946__1_0_0_0_3_13315_0.udd" 3387
"C:/Users/220177/AppData/Local/UnrealEngine/Common/DerivedDataCache/7/7/5/PHYSX_A08609EF508D460CBB6710540B03AACF_PHYSXPC_1A655ADC48FA8661D35332B8610AD87E__1_0_0_0_3_13315_0.udd" 3388
"C:/Users/220177/AppData/Local/UnrealEngine/Common/DerivedDataCache/4/8/5/PHYSX_A08609EF508D460CBB6710540B03AACF_PHYSXPC_684C78A2494DBB26EE1534BB83F58319__1_0_0_0_3_13315_0.udd" 3389
"C:/Users/220177/AppData/Local/UnrealEngine/Common/DerivedDataCache/3/7/9/PHYSX_A08609EF508D460CBB6710540B03AACF_PHYSXPC_6B09C2E844DEFA4C6849D1A16D754AE3__1_0_0_0_3_13315_0.udd" 3390
"C:/Users/220177/AppData/Local/UnrealEngine/Common/DerivedDataCache/7/1/3/PHYSX_A08609EF508D460CBB6710540B03AACF_PHYSXPC_DD7629C94291759C2665F09F713F2F0E__1_0_0_0_2_13315_0.udd" 3391
"C:/Users/220177/AppData/Local/UnrealEngine/Common/DerivedDataCache/3/7/4/PHYSX_A08609EF508D460CBB6710540B03AACF_PHYSXPC_BDF6769843815F2A8FD43AB7F8E60940__1_0_0_0_2_13315_0.udd" 3392
"C:/Users/220177/AppData/Local/UnrealEngine/Common/DerivedDataCache/3/7/7/TEXTURE_E01F4250BECD420DA9CE63B5EECEC2C2_BGRA8_3CE4B88C4DD9529E49A98FBF6164E26__0B5FC3B87CE370D6CCB6D4111551E55719224AB7.udd" 3393
"C:/Users/220177/AppData/Local/UnrealEngine/Common/DerivedDataCache/0/6/7/TEXTURE_E01F4250BECD420DA9CE63B5EECEC2C2_BGRA8_A35B313946E0A2C435E0B18A30BAE84__F3BFD1F09D4AA5E15111E417C84AC204B295C8E5.udd" 3394
"D:/220177/ChronoTrial 4.27/Content/ThirdPersonBP/SlashEffect/PS_Slash.uasset" 3395
"D:/220177/ChronoTrial 4.27/Content/ThirdPersonBP/BP_CameraShake_Normal.uasset" 3396
"C:/Users/220177/AppData/Local/UnrealEngine/Common/DerivedDataCache/6/9/4/TEXTURE_E01F4250BECD420DA9CE63B5EECEC2C2_BGRA8_CBED13284A3C7E20B05ABCA6815CFD4__F306B644E1D12720FA955CF2556B19B420000A7E.udd" 3397
"D:/220177/ChronoTrial 4.27/Content/StarterContent/Textures/T_Wood_Walnut_N.uasset" 3398
"D:/220177/ChronoTrial 4.27/Content/StarterContent/Textures/T_Wood_Walnut_D.uasset" 3399
"D:/220177/ChronoTrial 4.27/Content/StarterContent/Textures/T_Wood_Pine_N.uasset" 3400
"D:/220177/ChronoTrial 4.27/Content/StarterContent/Textures/T_Wood_Pine_D.uasset" 3401
"D:/220177/ChronoTrial 4.27/Content/StarterContent/Textures/T_Wood_Oak_N.uasset" 3402
"D:/220177/ChronoTrial 4.27/Content/StarterContent/Textures/T_Wood_Oak_D.uasset" 3403
"D:/220177/ChronoTrial 4.27/Content/StarterContent/Textures/T_Wood_Floor_Walnut_N.uasset" 3404
"D:/220177/ChronoTrial 4.27/Content/StarterContent/Textures/T_Wood_Floor_Walnut_M.uasset" 3405
"../../../Engine/Content/EditorResources/EmptyActor.uasset" 3406
"../../../Engine/Content/EditorResources/LightIcons/S_LightError.uasset" 3407
"D:/220177/ChronoTrial 4.27/Content/StarterContent/Textures/T_Wood_Floor_Walnut_D.uasset" 3408
"D:/220177/ChronoTrial 4.27/Content/StarterContent/Textures/T_Water_N.uasset" 3409
"C:/Users/220177/AppData/Local/UnrealEngine/Common/DerivedDataCache/5/4/7/MATSM_0BA69734E4FD45E082FA4560DBE25454_PCD3D_SM5_8__BC5N_NOCCBN_NOIRIS_DEV_SL___0F51B4591DB5B4A2BDC7BD1BFCF0AE2A8E1E16A2.udd" 3410
"C:/Users/220177/AppData/Local/UnrealEngine/Common/DerivedDataCache/6/7/9/MATSM_0BA69734E4FD45E082FA4560DBE25454_PCD3D_SM5_8__BC5N_NOCCBN_NOIRIS_DEV_SL___543E6FEAD6CB70D7C89B6559D960A09794F6AB7E.udd" 3411
"D:/220177/ChronoTrial 4.27/Content/StarterContent/Textures/T_Water_M.uasset" 3412
"D:/220177/ChronoTrial 4.27/Content/StarterContent/Textures/T_Tech_Panel_N.uasset" 3413
"D:/220177/ChronoTrial 4.27/Content/StarterContent/Textures/T_Tech_Panel_M.uasset" 3414
"D:/220177/ChronoTrial 4.27/Content/StarterContent/Textures/T_Tech_Dot_N.uasset" 3415
"D:/220177/ChronoTrial 4.27/Content/StarterContent/Textures/T_Tech_Hex_Tile_N.uasset" 3416
"D:/220177/ChronoTrial 4.27/Content/StarterContent/Textures/T_Tech_Dot_M.uasset" 3417
"D:/220177/ChronoTrial 4.27/Content/StarterContent/Textures/T_TableRound_N.uasset" 3418
"D:/220177/ChronoTrial 4.27/Content/StarterContent/Textures/T_TableRound_M.uasset" 3419
"D:/220177/ChronoTrial 4.27/Content/StarterContent/Textures/T_Statue_N.uasset" 3420
"D:/220177/ChronoTrial 4.27/Content/StarterContent/Textures/T_Statue_M.uasset" 3421
"D:/220177/ChronoTrial 4.27/Content/StarterContent/Textures/T_Spark_Core.uasset" 3422
"D:/220177/ChronoTrial 4.27/Content/StarterContent/Textures/T_Single_Tile_N.uasset" 3423
"D:/220177/ChronoTrial 4.27/Content/StarterContent/Textures/T_Shelf_N.uasset" 3424
"D:/220177/ChronoTrial 4.27/Content/StarterContent/Textures/T_Shelf_M.uasset" 3425
"D:/220177/ChronoTrial 4.27/Content/StarterContent/Textures/T_Rock_Smooth_Granite_D.uasset" 3426
"D:/220177/ChronoTrial 4.27/Content/StarterContent/Textures/T_Rock_Slate_N.uasset" 3427
"D:/220177/ChronoTrial 4.27/Content/StarterContent/Textures/T_Rock_Slate_D.uasset" 3428
"D:/220177/ChronoTrial 4.27/Content/StarterContent/Textures/T_Rock_Sandstone_N.uasset" 3429
"D:/220177/ChronoTrial 4.27/Content/StarterContent/Textures/T_Rock_Sandstone_D.uasset" 3430
"D:/220177/ChronoTrial 4.27/Content/StarterContent/Textures/T_Rock_Marble_Polished_D.uasset" 3431
"D:/220177/ChronoTrial 4.27/Content/StarterContent/Textures/T_Rock_Basalt_N.uasset" 3432
"D:/220177/ChronoTrial 4.27/Content/StarterContent/Textures/T_Rock_Basalt_D.uasset" 3433
"D:/220177/ChronoTrial 4.27/Content/StarterContent/Textures/T_RockMesh_N.uasset" 3434
"D:/220177/ChronoTrial 4.27/Content/StarterContent/Textures/T_RockMesh_M.uasset" 3435
"D:/220177/ChronoTrial 4.27/Content/StarterContent/Textures/T_Metal_Steel_N.uasset" 3436
"D:/220177/ChronoTrial 4.27/Content/StarterContent/Textures/T_Metal_Steel_D.uasset" 3437
"D:/220177/ChronoTrial 4.27/Content/StarterContent/Textures/T_Metal_Rust_N.uasset" 3438
"D:/220177/ChronoTrial 4.27/Content/StarterContent/Textures/T_Metal_Rust_D.uasset" 3439
"D:/220177/ChronoTrial 4.27/Content/StarterContent/Textures/T_Metal_Copper_D.uasset" 3440
"D:/220177/ChronoTrial 4.27/Content/StarterContent/Textures/T_Metal_Aluminum_D.uasset" 3441
"D:/220177/ChronoTrial 4.27/Content/StarterContent/Textures/T_Lamp_N.uasset" 3442
"D:/220177/ChronoTrial 4.27/Content/StarterContent/Textures/T_Ground_Moss_N.uasset" 3443
"D:/220177/ChronoTrial 4.27/Content/StarterContent/Textures/T_Lamp_M.uasset" 3444
"D:/220177/ChronoTrial 4.27/Content/StarterContent/Textures/T_ground_Moss_D.uasset" 3445
"D:/220177/ChronoTrial 4.27/Content/StarterContent/Textures/T_Ground_Gravel_N.uasset" 3446
"D:/220177/ChronoTrial 4.27/Content/StarterContent/Textures/T_Ground_Gravel_D.uasset" 3447
"D:/220177/ChronoTrial 4.27/Content/StarterContent/Textures/T_Ground_Grass_N.uasset" 3448
"D:/220177/ChronoTrial 4.27/Content/StarterContent/Textures/T_Ground_Grass_D.uasset" 3449
"D:/220177/ChronoTrial 4.27/Content/StarterContent/Textures/T_Gradinet_01.uasset" 3450
"D:/220177/ChronoTrial 4.27/Content/StarterContent/Textures/T_Frame_N.uasset" 3451
"D:/220177/ChronoTrial 4.27/Content/StarterContent/Textures/T_Frame_M.uasset" 3452
"D:/220177/ChronoTrial 4.27/Content/StarterContent/Textures/T_Fire_Tiled_D.uasset" 3453
"D:/220177/ChronoTrial 4.27/Content/StarterContent/Textures/T_Dust_Particle_D.uasset" 3454
"D:/220177/ChronoTrial 4.27/Content/StarterContent/Textures/T_Fire_SubUV.uasset" 3455
"D:/220177/ChronoTrial 4.27/Content/StarterContent/Textures/T_Door_N.uasset" 3456
"D:/220177/ChronoTrial 4.27/Content/StarterContent/Textures/T_Door_M.uasset" 3457
"D:/220177/ChronoTrial 4.27/Content/StarterContent/Textures/T_Detail_Rocky_N.uasset" 3458
"D:/220177/ChronoTrial 4.27/Content/StarterContent/Textures/T_Concrete_Tiles_Variation_M.uasset" 3459
"D:/220177/ChronoTrial 4.27/Content/StarterContent/Textures/T_Concrete_Tiles_N.uasset" 3460
"D:/220177/ChronoTrial 4.27/Content/StarterContent/Textures/T_Concrete_Tiles_M.uasset" 3461
"D:/220177/ChronoTrial 4.27/Content/StarterContent/Textures/T_Concrete_Tiles_D.uasset" 3462
"D:/220177/ChronoTrial 4.27/Content/StarterContent/Textures/T_Concrete_Panels_N.uasset" 3463
"D:/220177/ChronoTrial 4.27/Content/StarterContent/Textures/T_Concrete_Panels_D.uasset" 3464
"D:/220177/ChronoTrial 4.27/Content/StarterContent/Textures/T_Concrete_Grime_D.uasset" 3465
"D:/220177/ChronoTrial 4.27/Content/StarterContent/Textures/T_CobbleStone_Smooth_N.uasset" 3466
"D:/220177/ChronoTrial 4.27/Content/StarterContent/Textures/T_CobbleStone_Smooth_M.uasset" 3467
"D:/220177/ChronoTrial 4.27/Content/StarterContent/Textures/T_CobbleStone_Smooth_D.uasset" 3468
"D:/220177/ChronoTrial 4.27/Content/StarterContent/Textures/T_CobbleStone_Rough_N.uasset" 3469
"D:/220177/ChronoTrial 4.27/Content/StarterContent/Textures/T_CobbleStone_Rough_D.uasset" 3470
"D:/220177/ChronoTrial 4.27/Content/StarterContent/Textures/T_CobbleStone_Pebble_N.uasset" 3471
"D:/220177/ChronoTrial 4.27/Content/StarterContent/Textures/T_CobbleStone_Pebble_D.uasset" 3472
"D:/220177/ChronoTrial 4.27/Content/StarterContent/Textures/T_CobbleStone_Pebble_M.uasset" 3473
"D:/220177/ChronoTrial 4.27/Content/StarterContent/Textures/T_Checker_Noise_M.uasset" 3474
"D:/220177/ChronoTrial 4.27/Content/StarterContent/Textures/T_Chair_N.uasset" 3475
"D:/220177/ChronoTrial 4.27/Content/StarterContent/Textures/T_Ceramic_Tile_N.uasset" 3476
"D:/220177/ChronoTrial 4.27/Content/StarterContent/Textures/T_Chair_M.uasset" 3477
"D:/220177/ChronoTrial 4.27/Content/StarterContent/Textures/T_Ceramic_Tile_M.uasset" 3478
"D:/220177/ChronoTrial 4.27/Content/StarterContent/Textures/T_Bush_N.uasset" 3479
"D:/220177/ChronoTrial 4.27/Content/StarterContent/Textures/T_Brick_Hewn_Stone_N.uasset" 3480
"D:/220177/ChronoTrial 4.27/Content/StarterContent/Textures/T_Bush_D.uasset" 3481
"D:/220177/ChronoTrial 4.27/Content/StarterContent/Textures/T_Brick_Hewn_Stone_M.uasset" 3482
"D:/220177/ChronoTrial 4.27/Content/StarterContent/Textures/T_Brick_Hewn_Stone_D.uasset" 3483
"D:/220177/ChronoTrial 4.27/Content/StarterContent/Textures/T_Brick_Cut_Stone_N.uasset" 3484
"D:/220177/ChronoTrial 4.27/Content/StarterContent/Textures/T_Brick_Cut_Stone_D.uasset" 3485
"D:/220177/ChronoTrial 4.27/Content/StarterContent/Textures/T_Brick_Clay_Old_N.uasset" 3486
"D:/220177/ChronoTrial 4.27/Content/StarterContent/Textures/T_Brick_Clay_Old_D.uasset" 3487
"D:/220177/ChronoTrial 4.27/Content/StarterContent/Textures/T_Brick_Clay_New_N.uasset" 3488
"D:/220177/ChronoTrial 4.27/Content/StarterContent/Textures/T_Brick_Clay_New_M.uasset" 3489
"D:/220177/ChronoTrial 4.27/Content/StarterContent/Textures/T_Brick_Clay_New_D.uasset" 3490
"D:/220177/ChronoTrial 4.27/Content/StarterContent/Textures/T_Brick_Clay_Beveled_N.uasset" 3491
"D:/220177/ChronoTrial 4.27/Content/StarterContent/Textures/T_Brick_Clay_Beveled_M.uasset" 3492
"D:/220177/ChronoTrial 4.27/Content/StarterContent/Textures/T_Brick_Clay_Beveled_D.uasset" 3493
"D:/220177/ChronoTrial 4.27/Content/StarterContent/Shapes/Shape_WideCapsule.uasset" 3494
"D:/220177/ChronoTrial 4.27/Content/StarterContent/Shapes/Shape_Wedge_B.uasset" 3495
"D:/220177/ChronoTrial 4.27/Content/StarterContent/Shapes/Shape_Wedge_A.uasset" 3496
"D:/220177/ChronoTrial 4.27/Content/StarterContent/Shapes/Shape_Tube.uasset" 3497
"D:/220177/ChronoTrial 4.27/Content/StarterContent/Shapes/Shape_TriPyramid.uasset" 3498
"D:/220177/ChronoTrial 4.27/Content/StarterContent/Shapes/Shape_Trim_90_Out.uasset" 3499
"D:/220177/ChronoTrial 4.27/Content/StarterContent/Shapes/Shape_Trim_90_In.uasset" 3500
"D:/220177/ChronoTrial 4.27/Content/StarterContent/Shapes/Shape_Trim.uasset" 3501
"D:/220177/ChronoTrial 4.27/Content/StarterContent/Shapes/Shape_Torus.uasset" 3502
"D:/220177/ChronoTrial 4.27/Content/StarterContent/Shapes/Shape_QuadPyramid.uasset" 3503
"D:/220177/ChronoTrial 4.27/Content/StarterContent/Shapes/Shape_Plane.uasset" 3504
"D:/220177/ChronoTrial 4.27/Content/StarterContent/Shapes/Shape_Pipe_90.uasset" 3505
"D:/220177/ChronoTrial 4.27/Content/StarterContent/Shapes/Shape_Pipe_180.uasset" 3506
"D:/220177/ChronoTrial 4.27/Content/StarterContent/Shapes/Shape_NarrowCapsule.uasset" 3507
"D:/220177/ChronoTrial 4.27/Content/StarterContent/Shapes/Shape_Cube.uasset" 3508
"D:/220177/ChronoTrial 4.27/Content/StarterContent/Shapes/Shape_Cone.uasset" 3509
"D:/220177/ChronoTrial 4.27/Content/StarterContent/Particles/Materials/M_Spark.uasset" 3510
"D:/220177/ChronoTrial 4.27/Content/StarterContent/Particles/Materials/M_Radial_Gradient.uasset" 3511
"D:/220177/ChronoTrial 4.27/Content/StarterContent/Particles/Materials/M_Heat_Distortion.uasset" 3512
"D:/220177/ChronoTrial 4.27/Content/StarterContent/Particles/Materials/M_Fire_SubUV.uasset" 3513
"D:/220177/ChronoTrial 4.27/Content/StarterContent/Particles/Materials/M_Dust_Particle.uasset" 3514
"D:/220177/ChronoTrial 4.27/Content/StarterContent/Particles/P_Steam_Lit.uasset" 3515
"D:/220177/ChronoTrial 4.27/Content/StarterContent/Particles/P_Sparks.uasset" 3516
"D:/220177/ChronoTrial 4.27/Content/StarterContent/Particles/P_Fire.uasset" 3517
"D:/220177/ChronoTrial 4.27/Content/StarterContent/Particles/P_Ambient_Dust.uasset" 3518
"D:/220177/ChronoTrial 4.27/Content/StarterContent/Materials/M_Wood_Walnut.uasset" 3519
"D:/220177/ChronoTrial 4.27/Content/StarterContent/Materials/M_Wood_Pine.uasset" 3520
"D:/220177/ChronoTrial 4.27/Content/StarterContent/Materials/M_Wood_Oak.uasset" 3521
"D:/220177/ChronoTrial 4.27/Content/StarterContent/Materials/M_Wood_Floor_Walnut_Worn.uasset" 3522
"../../../Engine/Content/Functions/Engine_MaterialFunctions01/Opacity/AlphaOffset.uasset" 3523
"D:/220177/ChronoTrial 4.27/Content/StarterContent/Materials/M_Wood_Floor_Walnut_Polished.uasset" 3524
"../../../Engine/Content/Functions/Engine_MaterialFunctions02/Utility/BlendAngleCorrectedNormals.uasset" 3525
"D:/220177/ChronoTrial 4.27/Content/StarterContent/Materials/M_Water_Ocean.uasset" 3526
"D:/220177/ChronoTrial 4.27/Content/StarterContent/Materials/M_Water_Lake.uasset" 3527
"D:/220177/ChronoTrial 4.27/Content/StarterContent/Materials/M_Tech_Panel.uasset" 3528
"D:/220177/ChronoTrial 4.27/Content/StarterContent/Materials/M_Tech_Hex_Tile_Pulse.uasset" 3529
"D:/220177/ChronoTrial 4.27/Content/StarterContent/Materials/M_Tech_Hex_Tile.uasset" 3530
"D:/220177/ChronoTrial 4.27/Content/StarterContent/Materials/M_Tech_Checker_Dot.uasset" 3531
"D:/220177/ChronoTrial 4.27/Content/StarterContent/Materials/M_Rock_Slate.uasset" 3532
"D:/220177/ChronoTrial 4.27/Content/StarterContent/Materials/M_Rock_Sandstone.uasset" 3533
"D:/220177/ChronoTrial 4.27/Content/StarterContent/Materials/M_Rock_Marble_Polished.uasset" 3534
"D:/220177/ChronoTrial 4.27/Content/StarterContent/Materials/M_Rock_Basalt.uasset" 3535
"D:/220177/ChronoTrial 4.27/Content/StarterContent/Materials/M_Metal_Steel.uasset" 3536
"D:/220177/ChronoTrial 4.27/Content/StarterContent/Materials/M_Metal_Rust.uasset" 3537
"D:/220177/ChronoTrial 4.27/Content/StarterContent/Materials/M_Metal_Copper.uasset" 3538
"D:/220177/ChronoTrial 4.27/Content/StarterContent/Materials/M_Metal_Chrome.uasset" 3539
"D:/220177/ChronoTrial 4.27/Content/StarterContent/Materials/M_Metal_Burnished_Steel.uasset" 3540
"D:/220177/ChronoTrial 4.27/Content/StarterContent/Materials/M_Metal_Brushed_Nickel.uasset" 3541
"D:/220177/ChronoTrial 4.27/Content/StarterContent/Materials/M_Ground_Moss.uasset" 3542
"D:/220177/ChronoTrial 4.27/Content/StarterContent/Materials/M_Ground_Gravel.uasset" 3543
"D:/220177/ChronoTrial 4.27/Content/StarterContent/Materials/M_Ground_Grass.uasset" 3544
"C:/Users/220177/AppData/Local/UnrealEngine/Common/DerivedDataCache/1/5/1/MATSM_0BA69734E4FD45E082FA4560DBE25454_PCD3D_SM5_8__BC5N_NOCCBN_NOIRIS_DEV_SL___072E0C6BA952C8904268DF8F9564140D7638A6F3.udd" 3545
"D:/220177/ChronoTrial 4.27/Content/StarterContent/Materials/M_Glass.uasset" 3546
"D:/220177/ChronoTrial 4.27/Content/StarterContent/Materials/M_Concrete_Tiles.uasset" 3547
"D:/220177/ChronoTrial 4.27/Content/StarterContent/Materials/M_Concrete_Panels.uasset" 3548
"D:/220177/ChronoTrial 4.27/Content/StarterContent/Materials/M_Concrete_Grime.uasset" 3549
"../../../Engine/Content/EditorMeshes/ColorCalibrator/T_ColorGrid.uasset" 3550
"D:/220177/ChronoTrial 4.27/Content/StarterContent/Materials/M_ColorGrid_LowSpec.uasset" 3551
"D:/220177/ChronoTrial 4.27/Content/StarterContent/Materials/M_CobbleStone_Smooth.uasset" 3552
"D:/220177/ChronoTrial 4.27/Content/StarterContent/Materials/M_CobbleStone_Rough.uasset" 3553
"D:/220177/ChronoTrial 4.27/Content/StarterContent/Materials/M_CobbleStone_Pebble.uasset" 3554
"D:/220177/ChronoTrial 4.27/Content/StarterContent/Materials/M_Ceramic_Tile_Checker.uasset" 3555
"D:/220177/ChronoTrial 4.27/Content/StarterContent/Materials/M_Brick_Hewn_Stone.uasset" 3556
"D:/220177/ChronoTrial 4.27/Content/StarterContent/Materials/M_Brick_Cut_Stone.uasset" 3557
"D:/220177/ChronoTrial 4.27/Content/StarterContent/Materials/M_Brick_Clay_Old.uasset" 3558
"D:/220177/ChronoTrial 4.27/Content/StarterContent/Materials/M_Brick_Clay_New.uasset" 3559
"D:/220177/ChronoTrial 4.27/Content/StarterContent/Materials/M_Brick_Clay_Beveled.uasset" 3560
"D:/220177/ChronoTrial 4.27/Content/StarterContent/Materials/M_Basic_Floor.uasset" 3561
"D:/220177/ChronoTrial 4.27/Content/StarterContent/Materials/M_AssetPlatform.uasset" 3562
"D:/220177/ChronoTrial 4.27/Content/StarterContent/Audio/Steam01_Cue.uasset" 3563
"D:/220177/ChronoTrial 4.27/Content/StarterContent/Audio/Steam01.uasset" 3564
"D:/220177/ChronoTrial 4.27/Content/StarterContent/Audio/Starter_Wind06.uasset" 3565
"D:/220177/ChronoTrial 4.27/Content/StarterContent/Audio/Starter_Wind05.uasset" 3566
"D:/220177/ChronoTrial 4.27/Content/StarterContent/Audio/Starter_Music_Cue.uasset" 3567
"D:/220177/ChronoTrial 4.27/Content/StarterContent/Audio/Starter_Music01.uasset" 3568
"D:/220177/ChronoTrial 4.27/Content/StarterContent/Audio/Starter_Birds01.uasset" 3569
"D:/220177/ChronoTrial 4.27/Content/StarterContent/Audio/Starter_Background_Cue.uasset" 3570
"D:/220177/ChronoTrial 4.27/Content/StarterContent/Audio/Smoke01_Cue.uasset" 3571
"D:/220177/ChronoTrial 4.27/Content/StarterContent/Audio/Smoke01.uasset" 3572
"D:/220177/ChronoTrial 4.27/Content/StarterContent/Audio/Light02_Cue.uasset" 3573
"D:/220177/ChronoTrial 4.27/Content/StarterContent/Audio/Light02.uasset" 3574
"D:/220177/ChronoTrial 4.27/Content/StarterContent/Audio/Light01_Cue.uasset" 3575
"D:/220177/ChronoTrial 4.27/Content/StarterContent/Audio/Light01.uasset" 3576
"D:/220177/ChronoTrial 4.27/Content/StarterContent/Audio/Fire_Sparks01_Cue.uasset" 3577
"D:/220177/ChronoTrial 4.27/Content/StarterContent/Audio/Fire01_Cue.uasset" 3578
"D:/220177/ChronoTrial 4.27/Content/StarterContent/Audio/Fire_Sparks01.uasset" 3579
"D:/220177/ChronoTrial 4.27/Content/StarterContent/Audio/Explosion_Cue.uasset" 3580
"D:/220177/ChronoTrial 4.27/Content/StarterContent/Audio/Fire01.uasset" 3581
"D:/220177/ChronoTrial 4.27/Content/StarterContent/Audio/Explosion02.uasset" 3582
"D:/220177/ChronoTrial 4.27/Content/StarterContent/Audio/Explosion01.uasset" 3583
"D:/220177/ChronoTrial 4.27/Content/StarterContent/Audio/Collapse_Cue.uasset" 3584
"D:/220177/ChronoTrial 4.27/Content/StarterContent/Audio/Collapse02.uasset" 3585
"D:/220177/ChronoTrial 4.27/Content/StarterContent/Architecture/Wall_Window_400x400.uasset" 3586
"D:/220177/ChronoTrial 4.27/Content/StarterContent/Audio/Collapse01.uasset" 3587
"D:/220177/ChronoTrial 4.27/Content/StarterContent/Architecture/Wall_Window_400x300.uasset" 3588
"D:/220177/ChronoTrial 4.27/Content/StarterContent/Architecture/Wall_Door_400x400.uasset" 3589
"D:/220177/ChronoTrial 4.27/Content/StarterContent/Architecture/Wall_Door_400x300.uasset" 3590
"D:/220177/ChronoTrial 4.27/Content/StarterContent/Architecture/Wall_500x500.uasset" 3591
"D:/220177/ChronoTrial 4.27/Content/StarterContent/Architecture/Wall_400x400.uasset" 3592
"D:/220177/ChronoTrial 4.27/Content/StarterContent/Architecture/Wall_400x300.uasset" 3593
"D:/220177/ChronoTrial 4.27/Content/StarterContent/Architecture/Wall_400x200.uasset" 3594
"D:/220177/ChronoTrial 4.27/Content/StarterContent/Architecture/SM_AssetPlatform.uasset" 3595
"D:/220177/ChronoTrial 4.27/Content/StarterContent/Architecture/Pillar_50x500.uasset" 3596
"D:/220177/ChronoTrial 4.27/Content/StarterContent/Architecture/Floor_400x400.uasset" 3597
"D:/220177/ChronoTrial 4.27/Content/StageModel/Texture/Wall_4_Roughness.uasset" 3598
"D:/220177/ChronoTrial 4.27/Content/StageModel/Texture/Wall_4_Height.uasset" 3599
"D:/220177/ChronoTrial 4.27/Content/StageModel/Texture/Wall_4_Normal_OpenGL.uasset" 3600
"D:/220177/ChronoTrial 4.27/Content/StageModel/Texture/Wall_4_Emissive.uasset" 3601
"D:/220177/ChronoTrial 4.27/Content/StageModel/Texture/Wall_4_Base_color.uasset" 3602
"D:/220177/ChronoTrial 4.27/Content/StageModel/Texture/Wall_3_Height.uasset" 3603
"C:/Users/220177/AppData/Local/UnrealEngine/Common/DerivedDataCache/3/7/0/STATICMESH_9CE2B6FB46754B699726C4AA1515F12E_228332BAE0224DD294E232B87D83948FQU__36B722B2C757C8151681D4DBC1EBD49F8C060057.udd" 3604
"C:/Users/220177/AppData/Local/UnrealEngine/Common/DerivedDataCache/3/2/7/PHYSX_A08609EF508D460CBB6710540B03AACF_PHYSXPC_6AD6D35145D54072625BCB943BE54CB__DFCAA0315CFD372DA0521AF629BFC80AECA0B065.udd" 3605
"C:/Users/220177/AppData/Local/UnrealEngine/Common/DerivedDataCache/7/2/8/NAVCOLLISION_2983273BE5D6425391E8C0B3D1C0A55D_NAVCOLLISION_X_6AD6D35145D540726__84662DDC36349776860D2557C14F5C8F0E260B4E.udd" 3606
"D:/220177/ChronoTrial 4.27/Content/StageModel/Texture/Wall_2_Height.uasset" 3607
"D:/220177/ChronoTrial 4.27/Content/StageModel/Texture/Wall_1_Height_1001.uasset" 3608
"C:/Users/220177/AppData/Local/UnrealEngine/Common/DerivedDataCache/9/5/6/TEXTURE_E01F4250BECD420DA9CE63B5EECEC2C2_OODLE_AUTODXT_11_24F463134AAF82602A66__3A499263792F7F81D09096FDDE24A655A084DA6B.udd" 3609
"C:/Users/220177/AppData/Local/UnrealEngine/Common/DerivedDataCache/1/5/5/TEXTURE_E01F4250BECD420DA9CE63B5EECEC2C2_OODLE_BC5_11_AE1DF8534D68F48D36E8D798__3EA6911DC533DF9D0B6127D802DBA8F049DAFE52.udd" 3610
"C:/Users/220177/AppData/Local/UnrealEngine/Common/DerivedDataCache/7/5/2/TEXTURE_E01F4250BECD420DA9CE63B5EECEC2C2_OODLE_AUTODXT_11_24F463134AAF82602A66__E0C5BBD223C66E60A13BBB07A5CDF900B3D60CF7.udd" 3611
"C:/Users/220177/AppData/Local/UnrealEngine/Common/DerivedDataCache/9/0/5/TEXTURE_E01F4250BECD420DA9CE63B5EECEC2C2_OODLE_AUTODXT_11_24F463134AAF82602A66__5696CC9F3F5CB48C53C806867B029D2DDF97081B.udd" 3612
"C:/Users/220177/AppData/Local/UnrealEngine/Common/DerivedDataCache/0/4/3/TEXTURE_E01F4250BECD420DA9CE63B5EECEC2C2_OODLE_AUTODXT_11_24F463134AAF82602A66__DF4F2EDE9EB9C2F22E551990E0561EE614C9B169.udd" 3613
"C:/Users/220177/AppData/Local/UnrealEngine/Common/DerivedDataCache/8/0/9/TEXTURE_E01F4250BECD420DA9CE63B5EECEC2C2_OODLE_AUTODXT_11_24F463134AAF82602A66__71559930A1A5EE3C66E64B0F3D876E69C0EA9E66.udd" 3614
"C:/Users/220177/AppData/Local/UnrealEngine/Common/DerivedDataCache/0/2/6/TEXTURE_E01F4250BECD420DA9CE63B5EECEC2C2_OODLE_AUTODXT_11_A8685770403285CD3714__480D9F5C23B2EFC6C6630512D01A9FC57148E9D3.udd" 3615
"C:/Users/220177/AppData/Local/UnrealEngine/Common/DerivedDataCache/6/3/0/TEXTURE_E01F4250BECD420DA9CE63B5EECEC2C2_OODLE_AUTODXT_11_B29C33EE417F9429A019__7F9AA67C0D2AF67437C74442AA5B58946B502006.udd" 3616
"C:/Users/220177/AppData/Local/UnrealEngine/Common/DerivedDataCache/2/0/6/TEXTURE_E01F4250BECD420DA9CE63B5EECEC2C2_OODLE_BC5_11_AE1DF8534D68F48D36E8D798__A50D18B89B1AEDA2102FEC7933D2CBA876E3D9DA.udd" 3617
"C:/Users/220177/AppData/Local/UnrealEngine/Common/DerivedDataCache/4/4/7/TEXTURE_E01F4250BECD420DA9CE63B5EECEC2C2_OODLE_BC5_11_AE1DF8534D68F48D36E8D798__913E766C8F90938708BB2EF2F98C0A488B944CA5.udd" 3618
"C:/Users/220177/AppData/Local/UnrealEngine/Common/DerivedDataCache/9/4/4/TEXTURE_E01F4250BECD420DA9CE63B5EECEC2C2_OODLE_AUTODXT_11_90ED80DA4B741FE818CE__5CEAE43BBA63041155BDCBEB93A3026E08FE54CA.udd" 3619
"C:/Users/220177/AppData/Local/UnrealEngine/Common/DerivedDataCache/0/7/8/TEXTURE_E01F4250BECD420DA9CE63B5EECEC2C2_OODLE_AUTODXT_11_4E3E1A4446E5B8A0C1AE__0474F9F0A1A0403B7823B659B1EEEEE550DFABE7.udd" 3620
"C:/Users/220177/AppData/Local/UnrealEngine/Common/DerivedDataCache/9/1/9/TEXTURE_E01F4250BECD420DA9CE63B5EECEC2C2_OODLE_BC5_11_AE1DF8534D68F48D36E8D798__F286B4D71C2ED3D9FF663BB40C9DAB553F28ADBF.udd" 3621
"C:/Users/220177/AppData/Local/UnrealEngine/Common/DerivedDataCache/7/7/8/TEXTURE_E01F4250BECD420DA9CE63B5EECEC2C2_OODLE_BC5_11_AE1DF8534D68F48D36E8D798__F629730E89A6A83FC6E177EC51281B1A3EAC0A0F.udd" 3622
"C:/Users/220177/AppData/Local/UnrealEngine/Common/DerivedDataCache/4/8/1/TEXTURE_E01F4250BECD420DA9CE63B5EECEC2C2_OODLE_AUTODXT_11_712478B4455CE12338E5__E309E8D9ABC81F5CD2A7C7D186908DEFADBB130D.udd" 3623
"C:/Users/220177/AppData/Local/UnrealEngine/Common/DerivedDataCache/6/4/4/TEXTURE_E01F4250BECD420DA9CE63B5EECEC2C2_OODLE_AUTODXT_11_27AFA58A482742A19F6C__86E0E781622EEB645FFA1DBA147BF7D4B92E83AB.udd" 3624
"C:/Users/220177/AppData/Local/UnrealEngine/Common/DerivedDataCache/3/8/5/TEXTURE_E01F4250BECD420DA9CE63B5EECEC2C2_OODLE_BC5_11_564200C44B6CD83C1661A2BF__C6FEEF5DE4B96D7C676515A6C1CA8F02F3B37CE5.udd" 3625
"C:/Users/220177/AppData/Local/UnrealEngine/Common/DerivedDataCache/1/5/4/TEXTURE_E01F4250BECD420DA9CE63B5EECEC2C2_OODLE_AUTODXT_11_5C5714BC4D52437AB809__CCB9A20F5C13CE440DC5441175736D4D30B5FF31.udd" 3626
"C:/Users/220177/AppData/Local/UnrealEngine/Common/DerivedDataCache/3/8/8/TEXTURE_E01F4250BECD420DA9CE63B5EECEC2C2_OODLE_AUTODXT_11_A8685770403285CD3714__30E1446C647362550AD4704C4001DA1886B22F26.udd" 3627
"C:/Users/220177/AppData/Local/UnrealEngine/Common/DerivedDataCache/5/8/3/TEXTURE_E01F4250BECD420DA9CE63B5EECEC2C2_OODLE_AUTODXT_11_A8685770403285CD3714__B921BD87DC33A4D692F1091150093F07425F8094.udd" 3628
"D:/220177/ChronoTrial 4.27/Content/StageModel/Texture/Waiting_Height_1001.uasset" 3629
"C:/Users/220177/AppData/Local/UnrealEngine/Common/DerivedDataCache/6/9/8/TEXTURE_E01F4250BECD420DA9CE63B5EECEC2C2_OODLE_AUTODXT_11_A8685770403285CD3714__F0E17B86CF97216A7A958CF5C1EE4D41ADF1ED7F.udd" 3630
"C:/Users/220177/AppData/Local/UnrealEngine/Common/DerivedDataCache/6/6/7/TEXTURE_E01F4250BECD420DA9CE63B5EECEC2C2_OODLE_AUTODXT_11_B29C33EE417F9429A019__3A926720671DCEB5DC8A3A8E7C75A61DA30A6C78.udd" 3631
"C:/Users/220177/AppData/Local/UnrealEngine/Common/DerivedDataCache/2/3/2/TEXTURE_E01F4250BECD420DA9CE63B5EECEC2C2_OODLE_AUTODXT_11_90ED80DA4B741FE818CE__7A10A7BEFC2D5B1EB5C280D9D059F11EECE3424E.udd" 3632
"C:/Users/220177/AppData/Local/UnrealEngine/Common/DerivedDataCache/2/5/0/TEXTURE_E01F4250BECD420DA9CE63B5EECEC2C2_OODLE_AUTODXT_11_A8685770403285CD3714__9C6FC4CFBF1C25A8A76786BBE2CD3EB92DDB71E3.udd" 3633
"C:/Users/220177/AppData/Local/UnrealEngine/Common/DerivedDataCache/4/1/3/TEXTURE_E01F4250BECD420DA9CE63B5EECEC2C2_OODLE_AUTODXT_11_B29C33EE417F9429A019__C3360FB1406E20A418ED0DCD870FCFDA126728C3.udd" 3634
"C:/Users/220177/AppData/Local/UnrealEngine/Common/DerivedDataCache/5/6/0/TEXTURE_E01F4250BECD420DA9CE63B5EECEC2C2_OODLE_AUTODXT_11_90ED80DA4B741FE818CE__090D0C44F3FAED88B1D07C8601CCFBA224604EC7.udd" 3635
"C:/Users/220177/AppData/Local/UnrealEngine/Common/DerivedDataCache/3/4/0/TEXTURE_E01F4250BECD420DA9CE63B5EECEC2C2_OODLE_AUTODXT_11_B29C33EE417F9429A019__3A7BFBA725772F634460E2395DC1E4C293D1CB43.udd" 3636
"C:/Users/220177/AppData/Local/UnrealEngine/Common/DerivedDataCache/2/5/6/TEXTURE_E01F4250BECD420DA9CE63B5EECEC2C2_OODLE_AUTODXT_11_B29C33EE417F9429A019__F7A19A37816890EA52327EBAF6C29657347E56F8.udd" 3637
"C:/Users/220177/AppData/Local/UnrealEngine/Common/DerivedDataCache/9/4/6/TEXTURE_E01F4250BECD420DA9CE63B5EECEC2C2_OODLE_AUTODXT_11_90ED80DA4B741FE818CE__C8A98DF3C25F749CD0D21F8BCD1405BF0EAA5CB4.udd" 3638
"C:/Users/220177/AppData/Local/UnrealEngine/Common/DerivedDataCache/1/6/5/TEXTURE_E01F4250BECD420DA9CE63B5EECEC2C2_OODLE_AUTODXT_11_4E3E1A4446E5B8A0C1AE__55E8824D1A3C44B7498F2699E08BE7F5CB06E854.udd" 3639
"C:/Users/220177/AppData/Local/UnrealEngine/Common/DerivedDataCache/8/0/9/TEXTURE_E01F4250BECD420DA9CE63B5EECEC2C2_OODLE_AUTODXT_11_90ED80DA4B741FE818CE__DE3C24D673BD6260F44FD6D4623A616900989E83.udd" 3640
"C:/Users/220177/AppData/Local/UnrealEngine/Common/DerivedDataCache/3/7/4/TEXTURE_E01F4250BECD420DA9CE63B5EECEC2C2_OODLE_AUTODXT_11_2EC90EA94749AAA66115__76F12BE09E404DB03AB60507BF9E143C613F461A.udd" 3641
"C:/Users/220177/AppData/Local/UnrealEngine/Common/DerivedDataCache/6/0/7/TEXTURE_E01F4250BECD420DA9CE63B5EECEC2C2_OODLE_AUTODXT_11_4E3E1A4446E5B8A0C1AE__7BBBDF2BBD4B2AD2B870824F8A3F193CC6E66DA3.udd" 3642
"C:/Users/220177/AppData/Local/UnrealEngine/Common/DerivedDataCache/1/7/2/TEXTURE_E01F4250BECD420DA9CE63B5EECEC2C2_OODLE_AUTODXT_11_4E3E1A4446E5B8A0C1AE__CA48F6CA70B61E5E8166D07A24A54780BE11CE64.udd" 3643
"C:/Users/220177/AppData/Local/UnrealEngine/Common/DerivedDataCache/4/8/7/TEXTURE_E01F4250BECD420DA9CE63B5EECEC2C2_OODLE_AUTODXT_11_712478B4455CE12338E5__C530EF53599FE6138EB554650E3287EF90989606.udd" 3644
"C:/Users/220177/AppData/Local/UnrealEngine/Common/DerivedDataCache/7/6/8/TEXTURE_E01F4250BECD420DA9CE63B5EECEC2C2_OODLE_AUTODXT_11_712478B4455CE12338E5__94376DCD1618EDB78FF4E3917D9E0E9C3AEF9F78.udd" 3645
"C:/Users/220177/AppData/Local/UnrealEngine/Common/DerivedDataCache/5/3/3/TEXTURE_E01F4250BECD420DA9CE63B5EECEC2C2_OODLE_AUTODXT_11_4E3E1A4446E5B8A0C1AE__C8707159CE770B3129B68B7E52FFA6C0BABEEFF3.udd" 3646
"C:/Users/220177/AppData/Local/UnrealEngine/Common/DerivedDataCache/7/1/1/TEXTURE_E01F4250BECD420DA9CE63B5EECEC2C2_OODLE_AUTODXT_11_712478B4455CE12338E5__91DA4E20F4E3879DA2A161BDDDAF87247E3AC8B3.udd" 3647
"C:/Users/220177/AppData/Local/UnrealEngine/Common/DerivedDataCache/2/1/8/TEXTURE_E01F4250BECD420DA9CE63B5EECEC2C2_OODLE_AUTODXT_11_27AFA58A482742A19F6C__8E4AD258C2C11D62C0CEFF8916285B96C7E2843D.udd" 3648
"C:/Users/220177/AppData/Local/UnrealEngine/Common/DerivedDataCache/6/7/8/TEXTURE_E01F4250BECD420DA9CE63B5EECEC2C2_OODLE_AUTODXT_11_5C5714BC4D52437AB809__2D1327B570FA8189318BB92E9EA0D94764266CDF.udd" 3649
"C:/Users/220177/AppData/Local/UnrealEngine/Common/DerivedDataCache/5/3/2/TEXTURE_E01F4250BECD420DA9CE63B5EECEC2C2_OODLE_BC5_11_564200C44B6CD83C1661A2BF__55496B03E076C51C92FAAF8F1E399BEB64211CC8.udd" 3650
"C:/Users/220177/AppData/Local/UnrealEngine/Common/DerivedDataCache/0/9/5/TEXTURE_E01F4250BECD420DA9CE63B5EECEC2C2_OODLE_AUTODXT_11_2C08B5E94D9B0E80A769__B314749AB39FA09AF59716FC5898CB594B54D13F.udd" 3651
"C:/Users/220177/AppData/Local/UnrealEngine/Common/DerivedDataCache/2/6/2/TEXTURE_E01F4250BECD420DA9CE63B5EECEC2C2_OODLE_AUTODXT_11_712478B4455CE12338E5__BBE815117CCE57073397081354977757DB0F4AA2.udd" 3652
"C:/Users/220177/AppData/Local/UnrealEngine/Common/DerivedDataCache/7/4/6/TEXTURE_E01F4250BECD420DA9CE63B5EECEC2C2_OODLE_AUTODXT_11_27AFA58A482742A19F6C__519BBA074871EE9FA27E2F875FFCCC8506FD9F41.udd" 3653
"C:/Users/220177/AppData/Local/UnrealEngine/Common/DerivedDataCache/2/5/2/TEXTURE_E01F4250BECD420DA9CE63B5EECEC2C2_OODLE_AUTODXT_11_27AFA58A482742A19F6C__53033C4EF598F32F8B5F2209AC013AD3C14FBFB6.udd" 3654
"C:/Users/220177/AppData/Local/UnrealEngine/Common/DerivedDataCache/2/1/8/TEXTURE_E01F4250BECD420DA9CE63B5EECEC2C2_OODLE_BC5_11_564200C44B6CD83C1661A2BF__4B70CD3CA2280364E46A1E816870B5C2B075D6A8.udd" 3655
"C:/Users/220177/AppData/Local/UnrealEngine/Common/DerivedDataCache/7/8/1/TEXTURE_E01F4250BECD420DA9CE63B5EECEC2C2_OODLE_AUTODXT_11_27AFA58A482742A19F6C__86515414831AA8CC88DC1381E8810CC7C5A50463.udd" 3656
"C:/Users/220177/AppData/Local/UnrealEngine/Common/DerivedDataCache/0/5/3/TEXTURE_E01F4250BECD420DA9CE63B5EECEC2C2_OODLE_AUTODXT_11_5C5714BC4D52437AB809__589C0F5E3ED541B117C44D527AD37440EB09D417.udd" 3657
"C:/Users/220177/AppData/Local/UnrealEngine/Common/DerivedDataCache/3/5/2/TEXTURE_E01F4250BECD420DA9CE63B5EECEC2C2_OODLE_BC5_11_564200C44B6CD83C1661A2BF__D88D2937465A920D2277246C5EBA4509A4173957.udd" 3658
"C:/Users/220177/AppData/Local/UnrealEngine/Common/DerivedDataCache/2/1/3/TEXTURE_E01F4250BECD420DA9CE63B5EECEC2C2_OODLE_BC5_11_564200C44B6CD83C1661A2BF__2F247C4E91A313AC6769836A1C272026713EAE6C.udd" 3659
"C:/Users/220177/AppData/Local/UnrealEngine/Common/DerivedDataCache/5/5/8/TEXTURE_E01F4250BECD420DA9CE63B5EECEC2C2_OODLE_AUTODXT_11_5C5714BC4D52437AB809__393071988A93BCFD657AB2E998020BE6CEBCE9FA.udd" 3660
"C:/Users/220177/AppData/Local/UnrealEngine/Common/DerivedDataCache/5/7/8/TEXTURE_E01F4250BECD420DA9CE63B5EECEC2C2_OODLE_AUTODXT_11_5C5714BC4D52437AB809__6B283FFEB805F07A43186E7F02A2A3E3667B5044.udd" 3661
"C:/Users/220177/AppData/Local/UnrealEngine/Common/DerivedDataCache/2/8/8/TEXTURE_E01F4250BECD420DA9CE63B5EECEC2C2_OODLE_AUTODXT_11_2EC90EA94749AAA66115__DB23B773F8C8E35725044003ED637EC9E65A8D9C.udd" 3662
"C:/Users/220177/AppData/Local/UnrealEngine/Common/DerivedDataCache/7/4/5/TEXTURE_E01F4250BECD420DA9CE63B5EECEC2C2_OODLE_AUTODXT_11_2EC90EA94749AAA66115__AA102B3EE5D29A23C58D0CBF76E4C1F2A778DA1E.udd" 3663
"C:/Users/220177/AppData/Local/UnrealEngine/Common/DerivedDataCache/4/0/9/TEXTURE_E01F4250BECD420DA9CE63B5EECEC2C2_OODLE_AUTODXT_11_2EC90EA94749AAA66115__F87E8332D9198F24E406ADEBD39656685FD2A0CD.udd" 3664
"C:/Users/220177/AppData/Local/UnrealEngine/Common/DerivedDataCache/0/6/9/TEXTURE_E01F4250BECD420DA9CE63B5EECEC2C2_OODLE_AUTODXT_11_2C08B5E94D9B0E80A769__6BFB6E5DBA88F23802390166B4E8926A77E353F1.udd" 3665
"C:/Users/220177/AppData/Local/UnrealEngine/Common/DerivedDataCache/2/5/5/TEXTURE_E01F4250BECD420DA9CE63B5EECEC2C2_OODLE_AUTODXT_11_2EC90EA94749AAA66115__C3DA3950884B92BAF9114F3AE1BD9A322A9D7CC7.udd" 3666
"C:/Users/220177/AppData/Local/UnrealEngine/Common/DerivedDataCache/4/0/6/TEXTURE_E01F4250BECD420DA9CE63B5EECEC2C2_OODLE_AUTODXT_11_2C08B5E94D9B0E80A769__3AC9D4BB2FD35CEB6E954E83934472C7F2C7305F.udd" 3667
"C:/Users/220177/AppData/Local/UnrealEngine/Common/DerivedDataCache/0/5/7/TEXTURE_E01F4250BECD420DA9CE63B5EECEC2C2_OODLE_AUTODXT_11_2C08B5E94D9B0E80A769__99DC7E9F36E5F3764F08D5FD0D27BC39E9960EE7.udd" 3668
"C:/Users/220177/AppData/Local/UnrealEngine/Common/DerivedDataCache/4/0/8/TEXTURE_E01F4250BECD420DA9CE63B5EECEC2C2_OODLE_AUTODXT_11_2C08B5E94D9B0E80A769__AE5E07ACBCE4F901A3E4A71F3C0C5132E3F365E0.udd" 3669
"C:/Users/220177/AppData/Local/UnrealEngine/Common/DerivedDataCache/2/4/0/TEXTURE_E01F4250BECD420DA9CE63B5EECEC2C2_OODLE_BC5_11_8578F6764CF2F95B29FE78A2__0FC097BE5CEBBC0B7BDF19EFF957B97022E989DA.udd" 3670
"C:/Users/220177/AppData/Local/UnrealEngine/Common/DerivedDataCache/9/3/6/TEXTURE_E01F4250BECD420DA9CE63B5EECEC2C2_OODLE_BC5_11_8578F6764CF2F95B29FE78A2__9283ECA3FFB8033291647D151980F6D65D2C3114.udd" 3671
"D:/220177/ChronoTrial 4.27/Content/StageModel/Texture/Normal_Height_1001.uasset" 3672
"C:/Users/220177/AppData/Local/UnrealEngine/Common/DerivedDataCache/4/8/7/TEXTURE_E01F4250BECD420DA9CE63B5EECEC2C2_OODLE_BC5_11_8578F6764CF2F95B29FE78A2__9E3B73D0D1DF9691D8068CC40C74A511691626D6.udd" 3673
"C:/Users/220177/AppData/Local/UnrealEngine/Common/DerivedDataCache/2/4/8/TEXTURE_E01F4250BECD420DA9CE63B5EECEC2C2_OODLE_BC5_11_8578F6764CF2F95B29FE78A2__2DFE4DBDFF85C4DFED2D8903A8A0939887B4F74F.udd" 3674
"C:/Users/220177/AppData/Local/UnrealEngine/Common/DerivedDataCache/5/2/6/TEXTURE_E01F4250BECD420DA9CE63B5EECEC2C2_OODLE_BC5_11_8578F6764CF2F95B29FE78A2__18C22A5A216D936A96DB32D3500A029EF3B6D46F.udd" 3675
"C:/Users/220177/AppData/Local/UnrealEngine/Common/DerivedDataCache/3/7/0/TEXTURE_E01F4250BECD420DA9CE63B5EECEC2C2_OODLE_AUTODXT_11_68FB9D7A480060338042__56DFAA1269F909DFD27EB3DC2042B777B8747256.udd" 3676
"C:/Users/220177/AppData/Local/UnrealEngine/Common/DerivedDataCache/2/3/5/TEXTURE_E01F4250BECD420DA9CE63B5EECEC2C2_OODLE_AUTODXT_11_68FB9D7A480060338042__33AC16EF61BCBD0EB7301145879ABB8B59E1C345.udd" 3677
"C:/Users/220177/AppData/Local/UnrealEngine/Common/DerivedDataCache/3/4/4/TEXTURE_E01F4250BECD420DA9CE63B5EECEC2C2_OODLE_AUTODXT_11_6C698A7844121DFDAA95__476E05883178552BF78296A5D5E84F3FBDA046B0.udd" 3678
"C:/Users/220177/AppData/Local/UnrealEngine/Common/DerivedDataCache/4/4/6/TEXTURE_E01F4250BECD420DA9CE63B5EECEC2C2_OODLE_AUTODXT_11_68FB9D7A480060338042__A17E83EB8B4ACC02B5D6DC8B3C7AA77AEB0CC094.udd" 3679
"C:/Users/220177/AppData/Local/UnrealEngine/Common/DerivedDataCache/9/1/3/TEXTURE_E01F4250BECD420DA9CE63B5EECEC2C2_OODLE_AUTODXT_11_68FB9D7A480060338042__441C62B82E057BE644B5F60294A3DDD634EB5F61.udd" 3680
"C:/Users/220177/AppData/Local/UnrealEngine/Common/DerivedDataCache/1/9/2/TEXTURE_E01F4250BECD420DA9CE63B5EECEC2C2_OODLE_AUTODXT_11_68FB9D7A480060338042__BD24C0A8FD554A576793E69D14F28E72EAE7963B.udd" 3681
"C:/Users/220177/AppData/Local/UnrealEngine/Common/DerivedDataCache/7/3/4/TEXTURE_E01F4250BECD420DA9CE63B5EECEC2C2_OODLE_AUTODXT_11_829F93BB4AC095084A86__D7F4F0C15A6FE6A553D53CB171D997B557550137.udd" 3682
"C:/Users/220177/AppData/Local/UnrealEngine/Common/DerivedDataCache/9/0/4/TEXTURE_E01F4250BECD420DA9CE63B5EECEC2C2_OODLE_AUTODXT_11_8E158A6D41032D63BA46__7B97EC1A58BD1F3E60A7F7C6D61BE4CD8E9589E3.udd" 3683
"C:/Users/220177/AppData/Local/UnrealEngine/Common/DerivedDataCache/6/7/8/TEXTURE_E01F4250BECD420DA9CE63B5EECEC2C2_OODLE_AUTODXT_11_6C698A7844121DFDAA95__9A3F798189998BF4CD616F6753A536B5CD942110.udd" 3684
"C:/Users/220177/AppData/Local/UnrealEngine/Common/DerivedDataCache/0/6/6/TEXTURE_E01F4250BECD420DA9CE63B5EECEC2C2_OODLE_AUTODXT_11_6C698A7844121DFDAA95__37A559BBD9B69A618A88B234ED88FE3B727CA9B8.udd" 3685
"C:/Users/220177/AppData/Local/UnrealEngine/Common/DerivedDataCache/7/9/0/TEXTURE_E01F4250BECD420DA9CE63B5EECEC2C2_OODLE_BC5_11_44FB3089462D985D50CDA5AB__C4CC77378E6FE628166422026B0B766966192F9E.udd" 3686
"C:/Users/220177/AppData/Local/UnrealEngine/Common/DerivedDataCache/8/5/6/TEXTURE_E01F4250BECD420DA9CE63B5EECEC2C2_OODLE_AUTODXT_11_6C698A7844121DFDAA95__948579339B9D9375134ED145064362B64669F817.udd" 3687
"D:/220177/ChronoTrial 4.27/Content/StageModel/Texture/Aisle_Height_1001.uasset" 3688
"C:/Users/220177/AppData/Local/UnrealEngine/Common/DerivedDataCache/4/9/1/TEXTURE_E01F4250BECD420DA9CE63B5EECEC2C2_OODLE_AUTODXT_11_6C698A7844121DFDAA95__E529A5D46EE69EDBF1791A555163608EE719FF7F.udd" 3689
"C:/Users/220177/AppData/Local/UnrealEngine/Common/DerivedDataCache/5/9/5/TEXTURE_E01F4250BECD420DA9CE63B5EECEC2C2_OODLE_AUTODXT_11_8E158A6D41032D63BA46__C50A34AB4FF6A77923F2D3043E4EB106FC41831D.udd" 3690
"C:/Users/220177/AppData/Local/UnrealEngine/Common/DerivedDataCache/2/6/2/TEXTURE_E01F4250BECD420DA9CE63B5EECEC2C2_OODLE_AUTODXT_11_8E158A6D41032D63BA46__49E40DC22882F7308EAD9F25103C86EEC6553899.udd" 3691
"C:/Users/220177/AppData/Local/UnrealEngine/Common/DerivedDataCache/8/5/2/TEXTURE_E01F4250BECD420DA9CE63B5EECEC2C2_OODLE_AUTODXT_11_8E158A6D41032D63BA46__D2B1DB80D55D24357D7C8864382E1462ED929CA4.udd" 3692
"C:/Users/220177/AppData/Local/UnrealEngine/Common/DerivedDataCache/7/4/5/TEXTURE_E01F4250BECD420DA9CE63B5EECEC2C2_OODLE_AUTODXT_11_829F93BB4AC095084A86__C05F540A605776646ED2D3ACCDE10719ED4C05CD.udd" 3693
"C:/Users/220177/AppData/Local/UnrealEngine/Common/DerivedDataCache/2/2/1/TEXTURE_E01F4250BECD420DA9CE63B5EECEC2C2_OODLE_AUTODXT_11_829F93BB4AC095084A86__0B03749D372324A504C44E6199F897B30E1DD899.udd" 3694
"C:/Users/220177/AppData/Local/UnrealEngine/Common/DerivedDataCache/3/5/5/TEXTURE_E01F4250BECD420DA9CE63B5EECEC2C2_OODLE_AUTODXT_11_8E158A6D41032D63BA46__7C1B5235588EAB51BFE1FB50C16980F9D72A0F17.udd" 3695
"C:/Users/220177/AppData/Local/UnrealEngine/Common/DerivedDataCache/2/5/9/TEXTURE_E01F4250BECD420DA9CE63B5EECEC2C2_OODLE_AUTODXT_11_829F93BB4AC095084A86__9C3E319A9F23199091A590D55739CEE195114E10.udd" 3696
"C:/Users/220177/AppData/Local/UnrealEngine/Common/DerivedDataCache/0/0/8/TEXTURE_E01F4250BECD420DA9CE63B5EECEC2C2_OODLE_AUTODXT_11_829F93BB4AC095084A86__A3094962B76B44C0097310A77671453C2EF4FBE4.udd" 3697
"C:/Users/220177/AppData/Local/UnrealEngine/Common/DerivedDataCache/5/1/9/TEXTURE_E01F4250BECD420DA9CE63B5EECEC2C2_OODLE_AUTODXT_11_12BDA07A4A3F4DCE8049__215EEA21AC6747B69668875BD99427A19221CB11.udd" 3698
"C:/Users/220177/AppData/Local/UnrealEngine/Common/DerivedDataCache/1/7/5/TEXTURE_E01F4250BECD420DA9CE63B5EECEC2C2_OODLE_AUTODXT_11_CC3468914DFF2B4B3C23__66C0EE375D5A5E7C03CDB1B4834B982019F9EF68.udd" 3699
"C:/Users/220177/AppData/Local/UnrealEngine/Common/DerivedDataCache/0/4/5/TEXTURE_E01F4250BECD420DA9CE63B5EECEC2C2_OODLE_BC5_11_44FB3089462D985D50CDA5AB__B8E1EFDF48574CF334101229535B2D5C36DC8588.udd" 3700
"C:/Users/220177/AppData/Local/UnrealEngine/Common/DerivedDataCache/1/9/5/TEXTURE_E01F4250BECD420DA9CE63B5EECEC2C2_OODLE_BC5_11_44FB3089462D985D50CDA5AB__BBC1959B8FD3CD123C64DBBF1499FDE78F1B27BF.udd" 3701
"C:/Users/220177/AppData/Local/UnrealEngine/Common/DerivedDataCache/3/5/7/TEXTURE_E01F4250BECD420DA9CE63B5EECEC2C2_OODLE_BC5_11_44FB3089462D985D50CDA5AB__450E26EEEA15AAE0504D45600AF6B116004BACC9.udd" 3702
"C:/Users/220177/AppData/Local/UnrealEngine/Common/DerivedDataCache/5/6/0/TEXTURE_E01F4250BECD420DA9CE63B5EECEC2C2_OODLE_BC5_11_44FB3089462D985D50CDA5AB__71927404673A411D8A567C2A30C391A94D427BA3.udd" 3703
"C:/Users/220177/AppData/Local/UnrealEngine/Common/DerivedDataCache/0/7/0/TEXTURE_E01F4250BECD420DA9CE63B5EECEC2C2_OODLE_AUTODXT_11_0B61B501440712A41EAE__5CC9B7069AC242A41EE2C19203CB8AFC99DF0E6F.udd" 3704
"C:/Users/220177/AppData/Local/UnrealEngine/Common/DerivedDataCache/9/2/5/TEXTURE_E01F4250BECD420DA9CE63B5EECEC2C2_OODLE_AUTODXT_11_1EE05D034AC89D4ABDF5__883A22C229D32B4C1B4A3685023DDD0C05747AC5.udd" 3705
"C:/Users/220177/AppData/Local/UnrealEngine/Common/DerivedDataCache/5/2/0/TEXTURE_E01F4250BECD420DA9CE63B5EECEC2C2_OODLE_BC5_11_E2C3ABA6485F27EF30FA7594__573457AA73F10F5570E0AC02958164FFD07F971A.udd" 3706
"C:/Users/220177/AppData/Local/UnrealEngine/Common/DerivedDataCache/6/2/4/TEXTURE_E01F4250BECD420DA9CE63B5EECEC2C2_OODLE_AUTODXT_11_12BDA07A4A3F4DCE8049__59496CC3BFFAEB89B1F945A29F4A5890B10B990A.udd" 3707
"C:/Users/220177/AppData/Local/UnrealEngine/Common/DerivedDataCache/2/6/7/TEXTURE_E01F4250BECD420DA9CE63B5EECEC2C2_OODLE_AUTODXT_11_12BDA07A4A3F4DCE8049__320669290DAEFBB19E0F70595FB86D2B69A8637A.udd" 3708
"C:/Users/220177/AppData/Local/UnrealEngine/Common/DerivedDataCache/8/9/8/TEXTURE_E01F4250BECD420DA9CE63B5EECEC2C2_OODLE_AUTODXT_11_CC3468914DFF2B4B3C23__43E9570C378CBD5C0184AC713F61373D2334D9ED.udd" 3709
"D:/220177/ChronoTrial 4.27/Content/StageModel/Boss/Texture/yuka_pipe.uasset" 3710
"C:/Users/220177/AppData/Local/UnrealEngine/Common/DerivedDataCache/7/1/8/TEXTURE_E01F4250BECD420DA9CE63B5EECEC2C2_OODLE_AUTODXT_11_12BDA07A4A3F4DCE8049__E00DB52DC12414D0C7B4AEA598F180EA1F704A06.udd" 3711
"C:/Users/220177/AppData/Local/UnrealEngine/Common/DerivedDataCache/7/2/7/TEXTURE_E01F4250BECD420DA9CE63B5EECEC2C2_OODLE_AUTODXT_11_12BDA07A4A3F4DCE8049__7ACD40C24ECAB202051B6EFAD569D7CD55250BBF.udd" 3712
"C:/Users/220177/AppData/Local/UnrealEngine/Common/DerivedDataCache/7/4/0/TEXTURE_E01F4250BECD420DA9CE63B5EECEC2C2_OODLE_AUTODXT_11_CC3468914DFF2B4B3C23__378DFFAFD842754B4BE94D448CD308EC11951122.udd" 3713
"C:/Users/220177/AppData/Local/UnrealEngine/Common/DerivedDataCache/6/7/5/TEXTURE_E01F4250BECD420DA9CE63B5EECEC2C2_OODLE_AUTODXT_11_CC3468914DFF2B4B3C23__4E62D2D1A1BCE62228D62AB9A258542BF2F2139C.udd" 3714
"C:/Users/220177/AppData/Local/UnrealEngine/Common/DerivedDataCache/4/9/9/TEXTURE_E01F4250BECD420DA9CE63B5EECEC2C2_OODLE_AUTODXT_11_CC3468914DFF2B4B3C23__E6C8A34BAC70CEAF6DD254C9BA197D6234307DD9.udd" 3715
"C:/Users/220177/AppData/Local/UnrealEngine/Common/DerivedDataCache/2/5/6/TEXTURE_E01F4250BECD420DA9CE63B5EECEC2C2_OODLE_AUTODXT_11_0B61B501440712A41EAE__1EAC1F3A7774EAC0C3A4951DD35ECAA09187EA77.udd" 3716
"C:/Users/220177/AppData/Local/UnrealEngine/Common/DerivedDataCache/8/2/1/TEXTURE_E01F4250BECD420DA9CE63B5EECEC2C2_OODLE_AUTODXT_11_0B61B501440712A41EAE__6B3D66C5DD9486BEFDD37E5618E35F07BBE5619E.udd" 3717
"C:/Users/220177/AppData/Local/UnrealEngine/Common/DerivedDataCache/6/9/9/TEXTURE_E01F4250BECD420DA9CE63B5EECEC2C2_OODLE_AUTODXT_11_1EE05D034AC89D4ABDF5__657981A33F64627C09732BAA0C31CFC510163688.udd" 3718
"C:/Users/220177/AppData/Local/UnrealEngine/Common/DerivedDataCache/3/5/4/TEXTURE_E01F4250BECD420DA9CE63B5EECEC2C2_OODLE_AUTODXT_11_1EE05D034AC89D4ABDF5__22FC767C6A04133B8EF77C86E117B87CF72EC616.udd" 3719
"C:/Users/220177/AppData/Local/UnrealEngine/Common/DerivedDataCache/4/8/7/TEXTURE_E01F4250BECD420DA9CE63B5EECEC2C2_OODLE_AUTODXT_11_1EE05D034AC89D4ABDF5__9F05A29C825E59659389534760DF557C9653DDE0.udd" 3720
"C:/Users/220177/AppData/Local/UnrealEngine/Common/DerivedDataCache/8/9/1/TEXTURE_E01F4250BECD420DA9CE63B5EECEC2C2_OODLE_AUTODXT_11_1EE05D034AC89D4ABDF5__DEF8518A521AD60F53728A8C441385361DBF65B1.udd" 3721
"C:/Users/220177/AppData/Local/UnrealEngine/Common/DerivedDataCache/9/0/9/TEXTURE_E01F4250BECD420DA9CE63B5EECEC2C2_OODLE_BC5_11_E2C3ABA6485F27EF30FA7594__9146851E0588578C9C65BE176995F77581D1C280.udd" 3722
"C:/Users/220177/AppData/Local/UnrealEngine/Common/DerivedDataCache/9/7/1/TEXTURE_E01F4250BECD420DA9CE63B5EECEC2C2_OODLE_BC5_11_E2C3ABA6485F27EF30FA7594__6B4A2E0829B4E9B73A3F916473DF27B60761CF20.udd" 3723
"C:/Users/220177/AppData/Local/UnrealEngine/Common/DerivedDataCache/9/8/2/TEXTURE_E01F4250BECD420DA9CE63B5EECEC2C2_OODLE_BC5_11_E2C3ABA6485F27EF30FA7594__98C7C4B8D685D12367A58894A20ABBDDE9668903.udd" 3724
"C:/Users/220177/AppData/Local/UnrealEngine/Common/DerivedDataCache/8/2/1/TEXTURE_E01F4250BECD420DA9CE63B5EECEC2C2_OODLE_BC5_11_E2C3ABA6485F27EF30FA7594__27F5D82721DC02D185ADB12904669991A84FBEC6.udd" 3725
"C:/Users/220177/AppData/Local/UnrealEngine/Common/DerivedDataCache/0/6/2/TEXTURE_E01F4250BECD420DA9CE63B5EECEC2C2_OODLE_AUTODXT_11_0B61B501440712A41EAE__34EE96574F12E79E59FAD75BCBA2502BA9580355.udd" 3726
"C:/Users/220177/AppData/Local/UnrealEngine/Common/DerivedDataCache/8/7/3/TEXTURE_E01F4250BECD420DA9CE63B5EECEC2C2_OODLE_AUTODXT_11_0B61B501440712A41EAE__47A07616C315F5BE8EA33FB579EFE4DBD155EC38.udd" 3727
"D:/220177/ChronoTrial 4.27/Content/StageModel/Boss/Texture/pipe_totte.uasset" 3728
"D:/220177/ChronoTrial 4.27/Content/StageModel/Boss/Texture/light.uasset" 3729
"D:/220177/ChronoTrial 4.27/Content/StageModel/Boss/Texture/kabe_small_pipe.uasset" 3730
"C:/Users/220177/AppData/Local/UnrealEngine/Common/DerivedDataCache/1/3/5/TEXTURE_E01F4250BECD420DA9CE63B5EECEC2C2_OODLE_AUTODXT_11_7CFE249E4205559176EE__263ECBA8A6D0A5BE6BF1FCB1C40B26890EE1ECDF.udd" 3731
"D:/220177/ChronoTrial 4.27/Content/StageModel/Boss/Texture/kabe_pipe.uasset" 3732
"D:/220177/ChronoTrial 4.27/Content/StageModel/Boss/Texture/kabe_big_pipe.uasset" 3733
"C:/Users/220177/AppData/Local/UnrealEngine/Common/DerivedDataCache/3/1/0/TEXTURE_E01F4250BECD420DA9CE63B5EECEC2C2_OODLE_AUTODXT_11_7CFE249E4205559176EE__ACA2B59FEAECA9AC7F4A8E86E64A4C725BE13091.udd" 3734
"C:/Users/220177/AppData/Local/UnrealEngine/Common/DerivedDataCache/9/8/3/TEXTURE_E01F4250BECD420DA9CE63B5EECEC2C2_OODLE_AUTODXT_11_7CFE249E4205559176EE__9113D9BE9E7E5EC7828A5273BF052CAEA60627FF.udd" 3735
"C:/Users/220177/AppData/Local/UnrealEngine/Common/DerivedDataCache/8/9/8/TEXTURE_E01F4250BECD420DA9CE63B5EECEC2C2_OODLE_AUTODXT_11_7CFE249E4205559176EE__62E1A518E5B234DF57A544BE6C00E87225A9FB11.udd" 3736
"C:/Users/220177/AppData/Local/UnrealEngine/Common/DerivedDataCache/5/0/1/TEXTURE_E01F4250BECD420DA9CE63B5EECEC2C2_OODLE_AUTODXT_11_3ECB219547DBA261D7A7__553AD46CE4E54CF7740BE2D994B47E373ADC821F.udd" 3737
"C:/Users/220177/AppData/Local/UnrealEngine/Common/DerivedDataCache/8/8/2/TEXTURE_E01F4250BECD420DA9CE63B5EECEC2C2_OODLE_AUTODXT_11_7CFE249E4205559176EE__195A20487C76F9F2BD0CA09EC7584430157AF3B7.udd" 3738
"C:/Users/220177/AppData/Local/UnrealEngine/Common/DerivedDataCache/1/2/1/TEXTURE_E01F4250BECD420DA9CE63B5EECEC2C2_OODLE_AUTODXT_11_EBABEF2A49A66E3E5CD7__F8FABBAB6BF588196B750DE3CABE16355651F97E.udd" 3739
"D:/220177/ChronoTrial 4.27/Content/StageModel/Boss/Texture/door.uasset" 3740
"C:/Users/220177/AppData/Local/UnrealEngine/Common/DerivedDataCache/2/5/2/TEXTURE_E01F4250BECD420DA9CE63B5EECEC2C2_OODLE_AUTODXT_11_3ECB219547DBA261D7A7__002A66F6D2644A2C3F40422B0DB0A3FCA8EDDD2E.udd" 3741
"C:/Users/220177/AppData/Local/UnrealEngine/Common/DerivedDataCache/3/3/9/TEXTURE_E01F4250BECD420DA9CE63B5EECEC2C2_OODLE_AUTODXT_11_3ECB219547DBA261D7A7__9CD804EFA7ECCFD988908482A9AFF9D37EDA9FAA.udd" 3742
"C:/Users/220177/AppData/Local/UnrealEngine/Common/DerivedDataCache/0/1/0/TEXTURE_E01F4250BECD420DA9CE63B5EECEC2C2_OODLE_AUTODXT_11_3ECB219547DBA261D7A7__77B3CE50F9B0A1FA500077896BC5759D35354AB2.udd" 3743
"C:/Users/220177/AppData/Local/UnrealEngine/Common/DerivedDataCache/0/4/1/TEXTURE_E01F4250BECD420DA9CE63B5EECEC2C2_OODLE_AUTODXT_11_3ECB219547DBA261D7A7__5F0E9C222F1ACC9EB00E394F4DE8424FF361018C.udd" 3744
"C:/Users/220177/AppData/Local/UnrealEngine/Common/DerivedDataCache/4/5/9/TEXTURE_E01F4250BECD420DA9CE63B5EECEC2C2_OODLE_AUTODXT_11_B8E2243845398AE603F3__29DA3741AD3168932ED79C400A9AA2FD7469A06E.udd" 3745
"C:/Users/220177/AppData/Local/UnrealEngine/Common/DerivedDataCache/1/7/5/TEXTURE_E01F4250BECD420DA9CE63B5EECEC2C2_OODLE_AUTODXT_11_EBABEF2A49A66E3E5CD7__58B807C2B75E602F5DFA059FA8E4E4230C842E1B.udd" 3746
"C:/Users/220177/AppData/Local/UnrealEngine/Common/DerivedDataCache/2/4/9/TEXTURE_E01F4250BECD420DA9CE63B5EECEC2C2_OODLE_AUTODXT_11_EBABEF2A49A66E3E5CD7__62659A1F6DDC766B0837F60D28B7DC9D49A5F197.udd" 3747
"C:/Users/220177/AppData/Local/UnrealEngine/Common/DerivedDataCache/1/0/6/TEXTURE_E01F4250BECD420DA9CE63B5EECEC2C2_OODLE_AUTODXT_11_EBABEF2A49A66E3E5CD7__9D87724259519324685E3B686D42899E9E02B910.udd" 3748
"C:/Users/220177/AppData/Local/UnrealEngine/Common/DerivedDataCache/8/5/8/TEXTURE_E01F4250BECD420DA9CE63B5EECEC2C2_OODLE_AUTODXT_11_EBABEF2A49A66E3E5CD7__BB06AAF0A7FF7EED3F64F2F4F5E84EC962659318.udd" 3749
"C:/Users/220177/AppData/Local/UnrealEngine/Common/DerivedDataCache/1/5/9/TEXTURE_E01F4250BECD420DA9CE63B5EECEC2C2_OODLE_AUTODXT_11_B8E2243845398AE603F3__2DABD42874F1285636EA854004D2C4FA6A69F768.udd" 3750
"C:/Users/220177/AppData/Local/UnrealEngine/Common/DerivedDataCache/3/1/3/TEXTURE_E01F4250BECD420DA9CE63B5EECEC2C2_OODLE_AUTODXT_11_B8E2243845398AE603F3__03BDE4A937DC163B4607D28D1BA37F7342800F53.udd" 3751
"C:/Users/220177/AppData/Local/UnrealEngine/Common/DerivedDataCache/9/1/5/TEXTURE_E01F4250BECD420DA9CE63B5EECEC2C2_OODLE_AUTODXT_11_B8E2243845398AE603F3__2322B38B15847BE0962757E99ABA1C9E97FB444B.udd" 3752
"C:/Users/220177/AppData/Local/UnrealEngine/Common/DerivedDataCache/8/8/6/TEXTURE_E01F4250BECD420DA9CE63B5EECEC2C2_OODLE_AUTODXT_11_B8E2243845398AE603F3__1A8352682E3ABCFCABFCE9D6F35B02CE636494F1.udd" 3753
"C:/Users/220177/AppData/Local/UnrealEngine/Common/DerivedDataCache/1/2/0/TEXTURE_E01F4250BECD420DA9CE63B5EECEC2C2_OODLE_AUTODXT_11_20746B2E42B4D4CD14AE__DAF6595F2911B1A2B50E12053DCE567069F9C528.udd" 3754
"C:/Users/220177/AppData/Local/UnrealEngine/Common/DerivedDataCache/8/8/3/TEXTURE_E01F4250BECD420DA9CE63B5EECEC2C2_OODLE_AUTODXT_11_10733FDC46162D262FB4__985D8F58418FC27F2127AEA7CB4DFD6D341479C4.udd" 3755
"C:/Users/220177/AppData/Local/UnrealEngine/Common/DerivedDataCache/2/3/5/TEXTURE_E01F4250BECD420DA9CE63B5EECEC2C2_OODLE_BC5_11_35F71424400931B8BFFEF88B__6F632696D97C99C1B30EFC366B082A6A6CD69E82.udd" 3756
"D:/220177/ChronoTrial 4.27/Content/StageModel/Boss/Texture/cupsule_ue.uasset" 3757
"C:/Users/220177/AppData/Local/UnrealEngine/Common/DerivedDataCache/0/9/2/TEXTURE_E01F4250BECD420DA9CE63B5EECEC2C2_BGRA8_14204AFA48D26571A6DCB990BB3000E__88184FA6CE9054A87446363BC7C95FDFCCF104EA.udd" 3758
"C:/Users/220177/AppData/Local/UnrealEngine/Common/DerivedDataCache/3/8/3/TEXTURE_E01F4250BECD420DA9CE63B5EECEC2C2_OODLE_AUTODXT_11_A982F06442B0261D8809__498D9EC32FB8156D6E55E00C3147D568259DD8B5.udd" 3759
"D:/220177/ChronoTrial 4.27/Content/StageModel/Boss/Texture/cupsule_sita.uasset" 3760
"C:/Users/220177/AppData/Local/UnrealEngine/Common/DerivedDataCache/6/1/8/TEXTURE_E01F4250BECD420DA9CE63B5EECEC2C2_OODLE_AUTODXT_11_10733FDC46162D262FB4__EEE4775479CA66D4D0A817EDA2891949FD7507D5.udd" 3761
"C:/Users/220177/AppData/Local/UnrealEngine/Common/DerivedDataCache/6/1/1/TEXTURE_E01F4250BECD420DA9CE63B5EECEC2C2_OODLE_AUTODXT_11_10733FDC46162D262FB4__C347994956E68432E3D0171F0E390A418397BA94.udd" 3762
"C:/Users/220177/AppData/Local/UnrealEngine/Common/DerivedDataCache/7/6/8/TEXTURE_E01F4250BECD420DA9CE63B5EECEC2C2_OODLE_BC5_11_35F71424400931B8BFFEF88B__4403592CE52599A697D4B4BBBA5E776CA64865CC.udd" 3763
"C:/Users/220177/AppData/Local/UnrealEngine/Common/DerivedDataCache/6/4/5/TEXTURE_E01F4250BECD420DA9CE63B5EECEC2C2_OODLE_BC5_11_35F71424400931B8BFFEF88B__AAB95022521495AA28AFEB6D1D379202C596A596.udd" 3764
"C:/Users/220177/AppData/Local/UnrealEngine/Common/DerivedDataCache/0/2/4/TEXTURE_E01F4250BECD420DA9CE63B5EECEC2C2_OODLE_AUTODXT_11_20746B2E42B4D4CD14AE__D99E30524BEC7E0F375EADDD1B104E20304540CA.udd" 3765
"C:/Users/220177/AppData/Local/UnrealEngine/Common/DerivedDataCache/3/1/0/TEXTURE_E01F4250BECD420DA9CE63B5EECEC2C2_OODLE_BC5_11_35F71424400931B8BFFEF88B__C2005B882D43AB07916554F5D634C0F35B36E91E.udd" 3766
"C:/Users/220177/AppData/Local/UnrealEngine/Common/DerivedDataCache/0/0/4/TEXTURE_E01F4250BECD420DA9CE63B5EECEC2C2_OODLE_AUTODXT_11_20746B2E42B4D4CD14AE__3125788E45B9B959BA08FE3F047BC437A892A365.udd" 3767
"C:/Users/220177/AppData/Local/UnrealEngine/Common/DerivedDataCache/6/9/7/TEXTURE_E01F4250BECD420DA9CE63B5EECEC2C2_OODLE_AUTODXT_11_20746B2E42B4D4CD14AE__EF5FF4CF77456CB04236075A5DD1DB9026A45D55.udd" 3768
"C:/Users/220177/AppData/Local/UnrealEngine/Common/DerivedDataCache/2/3/6/TEXTURE_E01F4250BECD420DA9CE63B5EECEC2C2_OODLE_AUTODXT_11_10733FDC46162D262FB4__B3D261B9210BE342A5C56EDB843A369AA32E6024.udd" 3769
"C:/Users/220177/AppData/Local/UnrealEngine/Common/DerivedDataCache/9/8/3/TEXTURE_E01F4250BECD420DA9CE63B5EECEC2C2_OODLE_BC5_11_35F71424400931B8BFFEF88B__F1EEE931800E1B077E04B6F6712E5AC271DD932F.udd" 3770
"C:/Users/220177/AppData/Local/UnrealEngine/Common/DerivedDataCache/0/5/1/TEXTURE_E01F4250BECD420DA9CE63B5EECEC2C2_OODLE_AUTODXT_11_10733FDC46162D262FB4__007326FA63F7A555B660421109A21338CC71E0EF.udd" 3771
"C:/Users/220177/AppData/Local/UnrealEngine/Common/DerivedDataCache/4/2/2/TEXTURE_E01F4250BECD420DA9CE63B5EECEC2C2_OODLE_AUTODXT_11_20746B2E42B4D4CD14AE__284D393B8E187AA819425A0C5C00AD1C4ED4F84A.udd" 3772
"D:/220177/ChronoTrial 4.27/Content/StageModel/Boss/Texture/bossroom.uasset" 3773
"D:/220177/ChronoTrial 4.27/Content/StageModel/Boss/Texture/Close_Base_color_1002.uasset" 3774
"C:/Users/220177/AppData/Local/UnrealEngine/Common/DerivedDataCache/6/5/2/TEXTURE_E01F4250BECD420DA9CE63B5EECEC2C2_OODLE_AUTODXT_11_A982F06442B0261D8809__8123A5A234B9EA3716DDA15F32AD576E9E2F6D8E.udd" 3775
"C:/Users/220177/AppData/Local/UnrealEngine/Common/DerivedDataCache/4/3/0/TEXTURE_E01F4250BECD420DA9CE63B5EECEC2C2_OODLE_AUTODXT_11_A982F06442B0261D8809__77D07E4651C19B8368859DF0DF4D0F5C68CDDE33.udd" 3776
"C:/Users/220177/AppData/Local/UnrealEngine/Common/DerivedDataCache/9/0/5/TEXTURE_E01F4250BECD420DA9CE63B5EECEC2C2_OODLE_AUTODXT_11_A982F06442B0261D8809__3B6DCF5E35C03CDB42C4D2FDF31287D4EEBC4590.udd" 3777
"C:/Users/220177/AppData/Local/UnrealEngine/Common/DerivedDataCache/5/5/6/TEXTURE_E01F4250BECD420DA9CE63B5EECEC2C2_OODLE_AUTODXT_11_A982F06442B0261D8809__9955A6AD939BE074BEB0540FD156BA9E87F78F2A.udd" 3778
"C:/Users/220177/AppData/Local/UnrealEngine/Common/DerivedDataCache/3/9/3/TEXTURE_E01F4250BECD420DA9CE63B5EECEC2C2_BGRA8_400EBC1D49629FED8189B2ABEAAAF70__9362D569673C142ECFD036BD60C984D198A618C7.udd" 3779
"C:/Users/220177/AppData/Local/UnrealEngine/Common/DerivedDataCache/0/4/6/TEXTURE_E01F4250BECD420DA9CE63B5EECEC2C2_BGRA8_063BD588421256D449D40BA5B6BF26F__EF98B2A739B1BBD44FFC3F01B64A1EA31CF9D84E.udd" 3780
"C:/Users/220177/AppData/Local/UnrealEngine/Common/DerivedDataCache/0/8/3/TEXTURE_E01F4250BECD420DA9CE63B5EECEC2C2_BGRA8_A0CC5216434DB795F43BBBAD78C77C9__E38E67C489AF84EE4403058EDC1888FAF6C0F76E.udd" 3781
"C:/Users/220177/AppData/Local/UnrealEngine/Common/DerivedDataCache/0/6/1/TEXTURE_E01F4250BECD420DA9CE63B5EECEC2C2_BGRA8_EA5C72F94BA69DB15ECA24AB784F668__74AD060B492A2C6236979D103B6D4DE8F9A3B3D2.udd" 3782
"C:/Users/220177/AppData/Local/UnrealEngine/Common/DerivedDataCache/6/8/2/TEXTURE_E01F4250BECD420DA9CE63B5EECEC2C2_BGRA8_FBA17C0F47E0B73BE6FADB89953BECE__DBFF0E10CDD30EC324B6039AA635A3DFD48B8E0E.udd" 3783
"C:/Users/220177/AppData/Local/UnrealEngine/Common/DerivedDataCache/1/5/8/TEXTURE_E01F4250BECD420DA9CE63B5EECEC2C2_OODLE_AUTODXT_11_35DD6B604A4D970F86AB__6B4F15DBAB2E6F66C5CF2E441901054675B9C2D3.udd" 3784
"C:/Users/220177/AppData/Local/UnrealEngine/Common/DerivedDataCache/0/8/5/TEXTURE_E01F4250BECD420DA9CE63B5EECEC2C2_OODLE_AUTODXT_11_CEB6C31B49BEC79BE342__D1E71F7AE6BBEBF5237DCA9FDE584E5885AA2552.udd" 3785
"C:/Users/220177/AppData/Local/UnrealEngine/Common/DerivedDataCache/1/2/1/TEXTURE_E01F4250BECD420DA9CE63B5EECEC2C2_OODLE_AUTODXT_11_821D415546671E4FB89B__6D0FF4B6FF6947712D8A3D1C542248A1D088936F.udd" 3786
"C:/Users/220177/AppData/Local/UnrealEngine/Common/DerivedDataCache/1/5/0/TEXTURE_E01F4250BECD420DA9CE63B5EECEC2C2_OODLE_AUTODXT_11_35DD6B604A4D970F86AB__AC982C5C2F75F8BD367529E94FFE5E8C8BC714C2.udd" 3787
"C:/Users/220177/AppData/Local/UnrealEngine/Common/DerivedDataCache/4/1/6/TEXTURE_E01F4250BECD420DA9CE63B5EECEC2C2_OODLE_AUTODXT_11_35DD6B604A4D970F86AB__EBCE74CB31D41D366AF2D67F0D1BF351FC01AC14.udd" 3788
"C:/Users/220177/AppData/Local/UnrealEngine/Common/DerivedDataCache/3/2/3/TEXTURE_E01F4250BECD420DA9CE63B5EECEC2C2_OODLE_AUTODXT_11_35DD6B604A4D970F86AB__6DC9ECA708A900A078F6DF9185E7D18450F00060.udd" 3789
"C:/Users/220177/AppData/Local/UnrealEngine/Common/DerivedDataCache/6/8/1/TEXTURE_E01F4250BECD420DA9CE63B5EECEC2C2_OODLE_AUTODXT_11_CEB6C31B49BEC79BE342__B985636BE87371D6AF06F83E168B67077D11FB19.udd" 3790
"C:/Users/220177/AppData/Local/UnrealEngine/Common/DerivedDataCache/4/2/1/TEXTURE_E01F4250BECD420DA9CE63B5EECEC2C2_OODLE_AUTODXT_11_CEB6C31B49BEC79BE342__D77833277144BFCBF630E916DB7EE8436A6F8648.udd" 3791
"C:/Users/220177/AppData/Local/UnrealEngine/Common/DerivedDataCache/7/6/7/TEXTURE_E01F4250BECD420DA9CE63B5EECEC2C2_OODLE_AUTODXT_11_35DD6B604A4D970F86AB__9A433F431962A3C6AED5BCB0B191F2742FF41862.udd" 3792
"C:/Users/220177/AppData/Local/UnrealEngine/Common/DerivedDataCache/2/7/1/TEXTURE_E01F4250BECD420DA9CE63B5EECEC2C2_OODLE_AUTODXT_11_CEB6C31B49BEC79BE342__5602CD63370090C2A1E9DB10F42843176E575262.udd" 3793
"C:/Users/220177/AppData/Local/UnrealEngine/Common/DerivedDataCache/8/5/4/TEXTURE_E01F4250BECD420DA9CE63B5EECEC2C2_OODLE_AUTODXT_11_CEB6C31B49BEC79BE342__7DE76D17446CAFC9CBFC1594212E2A018F48490C.udd" 3794
"C:/Users/220177/AppData/Local/UnrealEngine/Common/DerivedDataCache/6/6/2/TEXTURE_E01F4250BECD420DA9CE63B5EECEC2C2_OODLE_AUTODXT_11_CEB6C31B49BEC79BE342__848DC2D1B67B5FCC088E98CDB931887D37C019D6.udd" 3795
"C:/Users/220177/AppData/Local/UnrealEngine/Common/DerivedDataCache/3/6/4/TEXTURE_E01F4250BECD420DA9CE63B5EECEC2C2_OODLE_AUTODXT_11_35DD6B604A4D970F86AB__DF07DF095F6F32C8A9B902405461B3475BAC651B.udd" 3796
"C:/Users/220177/AppData/Local/UnrealEngine/Common/DerivedDataCache/8/5/9/TEXTURE_E01F4250BECD420DA9CE63B5EECEC2C2_OODLE_AUTODXT_11_B04EE0F240C8D6DAC0D4__71D47A753BFB3C69D97D7F5A32899F8BC38F030E.udd" 3797
"C:/Users/220177/AppData/Local/UnrealEngine/Common/DerivedDataCache/9/5/5/TEXTURE_E01F4250BECD420DA9CE63B5EECEC2C2_OODLE_AUTODXT_11_821D415546671E4FB89B__61CFA36A4F3DA7712D5AC748E4249B090F3BA18A.udd" 3798
"C:/Users/220177/AppData/Local/UnrealEngine/Common/DerivedDataCache/1/7/9/TEXTURE_E01F4250BECD420DA9CE63B5EECEC2C2_BGRA8_EA87285B4E8B2387B1A3A08D252861B__BD19CA3AB6AF76C0BF69B51A54BBA405B56BA39F.udd" 3799
"C:/Users/220177/AppData/Local/UnrealEngine/Common/DerivedDataCache/9/8/5/TEXTURE_E01F4250BECD420DA9CE63B5EECEC2C2_OODLE_AUTODXT_11_821D415546671E4FB89B__1D99D3E0D18B7F7DD87CB2E942154418CB3C0239.udd" 3800
"C:/Users/220177/AppData/Local/UnrealEngine/Common/DerivedDataCache/9/0/1/TEXTURE_E01F4250BECD420DA9CE63B5EECEC2C2_OODLE_AUTODXT_11_821D415546671E4FB89B__727AC52AD3C63DD56B6B1A6F009D78A33C6A95FC.udd" 3801
"C:/Users/220177/AppData/Local/UnrealEngine/Common/DerivedDataCache/4/5/7/TEXTURE_E01F4250BECD420DA9CE63B5EECEC2C2_OODLE_AUTODXT_11_821D415546671E4FB89B__3B537CA71FED6B766817937DB6778D6131D78F69.udd" 3802
"C:/Users/220177/AppData/Local/UnrealEngine/Common/DerivedDataCache/7/1/8/TEXTURE_E01F4250BECD420DA9CE63B5EECEC2C2_OODLE_AUTODXT_11_821D415546671E4FB89B__B96F1D6D3F92EA8D598D7D936F8C6A2D77011298.udd" 3803
"C:/Users/220177/AppData/Local/UnrealEngine/Common/DerivedDataCache/9/8/6/TEXTURE_E01F4250BECD420DA9CE63B5EECEC2C2_BGRA8_6FF99A874F2D9023D43BB3ABDAB42F4__8DEA3BDAD465E8AFADE7CE0EF2D17DC651EAD0AF.udd" 3804
"C:/Users/220177/AppData/Local/UnrealEngine/Common/DerivedDataCache/0/1/0/TEXTURE_E01F4250BECD420DA9CE63B5EECEC2C2_BGRA8_8FE2A8BC467EF84077E8BD950E9446D__71DD25C0CA1A01D110FE4431C12D28EA8D2522DC.udd" 3805
"C:/Users/220177/AppData/Local/UnrealEngine/Common/DerivedDataCache/5/7/2/TEXTURE_E01F4250BECD420DA9CE63B5EECEC2C2_OODLE_AUTODXT_11_B04EE0F240C8D6DAC0D4__B5AAFAD2129BECED1A491E650F7DC6E27D3A872C.udd" 3806
"C:/Users/220177/AppData/Local/UnrealEngine/Common/DerivedDataCache/2/1/7/TEXTURE_E01F4250BECD420DA9CE63B5EECEC2C2_OODLE_AUTODXT_11_B04EE0F240C8D6DAC0D4__11ABF8EC5EB7EE8FC10DE07439B086BC2BF360A9.udd" 3807
"C:/Users/220177/AppData/Local/UnrealEngine/Common/DerivedDataCache/7/4/3/TEXTURE_E01F4250BECD420DA9CE63B5EECEC2C2_OODLE_AUTODXT_11_B04EE0F240C8D6DAC0D4__AD79CBEF0B26E4A396CCB8765233D7E316772C13.udd" 3808
"C:/Users/220177/AppData/Local/UnrealEngine/Common/DerivedDataCache/8/8/4/TEXTURE_E01F4250BECD420DA9CE63B5EECEC2C2_OODLE_AUTODXT_11_B04EE0F240C8D6DAC0D4__9DECF680C31674910B3B6981EE1FCAE33192BC21.udd" 3809
"C:/Users/220177/AppData/Local/UnrealEngine/Common/DerivedDataCache/3/0/2/TEXTURE_E01F4250BECD420DA9CE63B5EECEC2C2_OODLE_AUTODXT_11_B04EE0F240C8D6DAC0D4__F04851730CC572710EF14154C0DA372BF7E99DCD.udd" 3810
"C:/Users/220177/AppData/Local/UnrealEngine/Common/DerivedDataCache/7/9/8/TEXTURE_E01F4250BECD420DA9CE63B5EECEC2C2_OODLE_AUTODXT_11_B83802A64491E3557C14__48B1E134C1C98AEFB48395DA68279BDA2BF81298.udd" 3811
"C:/Users/220177/AppData/Local/UnrealEngine/Common/DerivedDataCache/1/5/9/TEXTURE_E01F4250BECD420DA9CE63B5EECEC2C2_OODLE_AUTODXT_11_B83802A64491E3557C14__0AA2EDA1D7D172949F70F05BC32AD9312AB193FC.udd" 3812
"C:/Users/220177/AppData/Local/UnrealEngine/Common/DerivedDataCache/8/6/6/TEXTURE_E01F4250BECD420DA9CE63B5EECEC2C2_OODLE_AUTODXT_11_B83802A64491E3557C14__8851222C713BF0433B6FD88B1C0D23872955916E.udd" 3813
"C:/Users/220177/AppData/Local/UnrealEngine/Common/DerivedDataCache/4/8/9/TEXTURE_E01F4250BECD420DA9CE63B5EECEC2C2_OODLE_AUTODXT_11_B83802A64491E3557C14__882AC92B00F3AD0975075BBE26B34C7257C9161B.udd" 3814
"C:/Users/220177/AppData/Local/UnrealEngine/Common/DerivedDataCache/6/8/1/TEXTURE_E01F4250BECD420DA9CE63B5EECEC2C2_OODLE_AUTODXT_11_B83802A64491E3557C14__E82CDBE1A25BEB1B8FA436CEE909025014953031.udd" 3815
"C:/Users/220177/AppData/Local/UnrealEngine/Common/DerivedDataCache/9/3/6/TEXTURE_E01F4250BECD420DA9CE63B5EECEC2C2_OODLE_AUTODXT_11_B83802A64491E3557C14__5175A4CEFB08984065BED6E923685BE2D7C02CDD.udd" 3816
"C:/Users/220177/AppData/Local/UnrealEngine/Common/DerivedDataCache/7/1/9/TEXTURE_E01F4250BECD420DA9CE63B5EECEC2C2_BGRA8_7F4E47E14FC7D2E1C67C27914749E20__77C25890E0E345E9EB24AFC26D7BCAC2E37AC193.udd" 3817
"C:/Users/220177/AppData/Local/UnrealEngine/Common/DerivedDataCache/5/1/2/TEXTURE_E01F4250BECD420DA9CE63B5EECEC2C2_BGRA8_7105D1A44FDBA28E5036119D7BC5AE3__48C3F93591E68F72D84873AC50B335FF7FA7C49A.udd" 3818
"C:/Users/220177/AppData/Local/UnrealEngine/Common/DerivedDataCache/6/6/6/TEXTURE_E01F4250BECD420DA9CE63B5EECEC2C2_BGRA8_A1C237B04C2B19654442B29911409E6__ED8A5513FD4ECB9EECD9AADAB4703F9DCDDA3511.udd" 3819
"C:/Users/220177/AppData/Local/UnrealEngine/Common/DerivedDataCache/7/0/5/TEXTURE_E01F4250BECD420DA9CE63B5EECEC2C2_OODLE_AUTODXT_11_854117444BD9DC6943E4__38BB43AC98136EBC09097721159E705D49C7CEE5.udd" 3820
"C:/Users/220177/AppData/Local/UnrealEngine/Common/DerivedDataCache/7/2/8/TEXTURE_E01F4250BECD420DA9CE63B5EECEC2C2_OODLE_AUTODXT_11_854117444BD9DC6943E4__A0C51F3A355AA198EA93F9D85D8CDDDD5D2266F8.udd" 3821
"C:/Users/220177/AppData/Local/UnrealEngine/Common/DerivedDataCache/6/5/5/TEXTURE_E01F4250BECD420DA9CE63B5EECEC2C2_OODLE_AUTODXT_11_854117444BD9DC6943E4__601E49D6A4BDBFB36FADF3A45A10F60F42F329E8.udd" 3822
"C:/Users/220177/AppData/Local/UnrealEngine/Common/DerivedDataCache/2/4/8/MATSM_0BA69734E4FD45E082FA4560DBE25454_PCD3D_SM5_8__BC5N_NOCCBN_NOIRIS_DEV_SL___CE42408D5994744A1AC6ADEF7D82990D820579AB.udd" 3823
"C:/Users/220177/AppData/Local/UnrealEngine/Common/DerivedDataCache/0/4/6/TEXTURE_E01F4250BECD420DA9CE63B5EECEC2C2_OODLE_AUTODXT_11_854117444BD9DC6943E4__ED4FFEB32ECEEF7E354FD98AD7790B8C7F3F642C.udd" 3824
"C:/Users/220177/AppData/Local/UnrealEngine/Common/DerivedDataCache/8/5/9/TEXTURE_E01F4250BECD420DA9CE63B5EECEC2C2_OODLE_AUTODXT_11_854117444BD9DC6943E4__BC1537B849EB1C3C711BDDCBD46B72F81B249589.udd" 3825
"D:/220177/ChronoTrial 4.27/Content/StageModel/Boss/obj10.uasset" 3826
"C:/Users/220177/AppData/Local/UnrealEngine/Common/DerivedDataCache/2/4/3/MATSM_0BA69734E4FD45E082FA4560DBE25454_PCD3D_SM5_8__BC5N_NOCCBN_NOIRIS_DEV_SL___61D633F4FC312C42427328C6302487E4249A931F.udd" 3827
"C:/Users/220177/AppData/Local/UnrealEngine/Common/DerivedDataCache/5/3/9/TEXTURE_E01F4250BECD420DA9CE63B5EECEC2C2_OODLE_AUTODXT_11_854117444BD9DC6943E4__30D79FBE196C26347CA45AB57DA3A6C4BDC7575B.udd" 3828
"C:/Users/220177/AppData/Local/UnrealEngine/Common/DerivedDataCache/7/7/5/MATSM_0BA69734E4FD45E082FA4560DBE25454_PCD3D_SM5_8__BC5N_NOCCBN_NOIRIS_DEV_SL___40BDCB52A56021A44071A7A6DD9BDD86F1C966C0.udd" 3829
"C:/Users/220177/AppData/Local/UnrealEngine/Common/DerivedDataCache/1/4/5/MATSM_0BA69734E4FD45E082FA4560DBE25454_PCD3D_SM5_8__BC5N_NOCCBN_NOIRIS_DEV_SL___4B131CBACF32E76C183DF4545816975A6A30B107.udd" 3830
"C:/Users/220177/AppData/Local/UnrealEngine/Common/DerivedDataCache/7/8/8/MATSM_0BA69734E4FD45E082FA4560DBE25454_PCD3D_SM5_8__BC5N_NOCCBN_NOIRIS_DEV_SL___A76682CE3050C4EBAA85FD618FC620202A53AC2D.udd" 3831
"C:/Users/220177/AppData/Local/UnrealEngine/Common/DerivedDataCache/2/1/8/MATSM_0BA69734E4FD45E082FA4560DBE25454_PCD3D_SM5_8__BC5N_NOCCBN_NOIRIS_DEV_SL___E2B7DC5AAEBFA3B779E558CFE0399D0B9D249621.udd" 3832
"C:/Users/220177/AppData/Local/UnrealEngine/Common/DerivedDataCache/7/2/9/MATSM_0BA69734E4FD45E082FA4560DBE25454_PCD3D_SM5_8__BC5N_NOCCBN_NOIRIS_DEV_SL___55E58A0C33E52F472E78C6D1A9628B06694649A2.udd" 3833
"D:/220177/ChronoTrial 4.27/Content/StageModel/Boss/Boss_polySurface349.uasset" 3834
"C:/Users/220177/AppData/Local/UnrealEngine/Common/DerivedDataCache/7/1/8/MATSM_0BA69734E4FD45E082FA4560DBE25454_PCD3D_SM5_8__BC5N_NOCCBN_NOIRIS_DEV_SL___475C8213CB4FC298D701634CA9A8080000E46B5A.udd" 3835
"C:/Users/220177/AppData/Local/UnrealEngine/Common/DerivedDataCache/0/1/8/MATSM_0BA69734E4FD45E082FA4560DBE25454_PCD3D_SM5_8__BC5N_NOCCBN_NOIRIS_DEV_SL___8F6C908100582B2D8C359C30CE00A0A6900C3096.udd" 3836
"C:/Users/220177/AppData/Local/UnrealEngine/Common/DerivedDataCache/3/4/5/MATSM_0BA69734E4FD45E082FA4560DBE25454_PCD3D_SM5_8__BC5N_NOCCBN_NOIRIS_DEV_SL___4AC5A5AD8E835DE39F0E3467E7A5B17E36C4980D.udd" 3837
"C:/Users/220177/AppData/Local/UnrealEngine/Common/DerivedDataCache/0/6/7/MATSM_0BA69734E4FD45E082FA4560DBE25454_PCD3D_SM5_8__BC5N_NOCCBN_NOIRIS_DEV_SL___786FC19EA479E5147A5574114B8DFBE5A429E14B.udd" 3838
"C:/Users/220177/AppData/Local/UnrealEngine/Common/DerivedDataCache/3/0/7/TEXTURE_E01F4250BECD420DA9CE63B5EECEC2C2_OODLE_AUTODXT_11_864826C940388FFFF1B5__34D26D77A76F606C50EFBBD5870FADAC81EC8466.udd" 3839
"C:/Users/220177/AppData/Local/UnrealEngine/Common/DerivedDataCache/4/4/9/TEXTURE_E01F4250BECD420DA9CE63B5EECEC2C2_OODLE_AUTODXT_11_864826C940388FFFF1B5__BA6D76DB48F7DCE77950762EB570D9AB41DA6CBB.udd" 3840
"C:/Users/220177/AppData/Local/UnrealEngine/Common/DerivedDataCache/7/2/6/TEXTURE_E01F4250BECD420DA9CE63B5EECEC2C2_OODLE_AUTODXT_11_864826C940388FFFF1B5__FF02C14E9804C3FB60548ABAAF7A37B186E28533.udd" 3841
"C:/Users/220177/AppData/Local/UnrealEngine/Common/DerivedDataCache/1/4/9/TEXTURE_E01F4250BECD420DA9CE63B5EECEC2C2_OODLE_AUTODXT_11_864826C940388FFFF1B5__C2AA9609C0B3CDCD2840D50F951B984B9ABA880C.udd" 3842
"C:/Users/220177/AppData/Local/UnrealEngine/Common/DerivedDataCache/1/2/3/TEXTURE_E01F4250BECD420DA9CE63B5EECEC2C2_OODLE_AUTODXT_11_864826C940388FFFF1B5__6D189C5DB0654FADD3B584E15E0DEF3A5EC386C0.udd" 3843
"C:/Users/220177/AppData/Local/UnrealEngine/Common/DerivedDataCache/9/0/7/TEXTURE_E01F4250BECD420DA9CE63B5EECEC2C2_OODLE_AUTODXT_11_864826C940388FFFF1B5__BCA246A01BDB1AD4BD6ED84656FA87A8197609BB.udd" 3844
"C:/Users/220177/AppData/Local/UnrealEngine/Common/DerivedDataCache/5/7/0/STATICMESH_9CE2B6FB46754B699726C4AA1515F12E_228332BAE0224DD294E232B87D83948FQU__F7419787B8B774553AD3EAA48609628EDB133C90.udd" 3845
"C:/Users/220177/AppData/Local/UnrealEngine/Common/DerivedDataCache/1/0/8/PHYSX_A08609EF508D460CBB6710540B03AACF_PHYSXPC_120BAD3840DB20091507EBB26BC5547__E933DE0A2B37796DF731A4FE61EAD0293431F503.udd" 3846
"C:/Users/220177/AppData/Local/UnrealEngine/Common/DerivedDataCache/3/8/6/NAVCOLLISION_2983273BE5D6425391E8C0B3D1C0A55D_NAVCOLLISION_X_120BAD3840DB20091__F9608E22038519378D795334B1DA7FB0AE8A3D04.udd" 3847
"D:/220177/ChronoTrial 4.27/Content/StageModel/Wall4.uasset" 3848
"D:/220177/ChronoTrial 4.27/Content/StageModel/M_Wall4.uasset" 3849
"C:/Users/220177/AppData/Local/UnrealEngine/Common/DerivedDataCache/0/1/6/TEXTURE_E01F4250BECD420DA9CE63B5EECEC2C2_BGRA8_301CEBFB4E127D522504998E1DCFFA0__5DFD39E1584C009C226A2BC857D59847712820F1.udd" 3850
"C:/Users/220177/AppData/Local/UnrealEngine/Common/DerivedDataCache/5/3/3/MATSM_0BA69734E4FD45E082FA4560DBE25454_PCD3D_SM5_8__BC5N_NOCCBN_NOIRIS_DEV_SL___96CD943F64B549DA0C5C41BC23A5C1A280D7433B.udd" 3851
"C:/Users/220177/AppData/Local/UnrealEngine/Common/DerivedDataCache/6/2/4/STATICMESH_9CE2B6FB46754B699726C4AA1515F12E_228332BAE0224DD294E232B87D83948FQU__17AC52E3F84575AD1A2D49F8680CF5F1A279E572.udd" 3852
"C:/Users/220177/AppData/Local/UnrealEngine/Common/DerivedDataCache/7/3/6/PHYSX_A08609EF508D460CBB6710540B03AACF_PHYSXPC_2EC6C8D740059297ABE65CB0582824D__11AC9336153291049160AA9C6939D7FBCF68B8C8.udd" 3853
"C:/Users/220177/AppData/Local/UnrealEngine/Common/DerivedDataCache/1/6/2/NAVCOLLISION_2983273BE5D6425391E8C0B3D1C0A55D_NAVCOLLISION_X_2EC6C8D740059297A__31DEF7C75B52AA05C0951D835A5306366771BEB5.udd" 3854
"D:/220177/ChronoTrial 4.27/Content/Sounds/SE/PlayerSE/SE_Run.uasset" 3855
"C:/Users/220177/AppData/Local/UnrealEngine/Common/DerivedDataCache/4/4/4/MATSM_0BA69734E4FD45E082FA4560DBE25454_PCD3D_SM5_8__BC5N_NOCCBN_NOIRIS_DEV_SL___12A141E085A2B92719D0A34E1CF57E0F944B1079.udd" 3856
"D:/220177/ChronoTrial 4.27/Content/Sounds/SE/EnemySE/SE_Attenuation.uasset" 3857
"C:/Users/220177/AppData/Local/UnrealEngine/Common/DerivedDataCache/2/2/1/MATSM_0BA69734E4FD45E082FA4560DBE25454_PCD3D_SM5_8__BC5N_NOCCBN_NOIRIS_DEV_SL___C2FC90621B2F59C19791E299938685E786746CCA.udd" 3858
"C:/Users/220177/AppData/Local/UnrealEngine/Common/DerivedDataCache/3/9/2/MATSM_0BA69734E4FD45E082FA4560DBE25454_PCD3D_SM5_8__BC5N_NOCCBN_NOIRIS_DEV_SL___6313D2BFF628A3B5913DFD688B0267E16F3E10DB.udd" 3859
"C:/Users/220177/AppData/Local/UnrealEngine/Common/DerivedDataCache/4/3/4/MATSM_0BA69734E4FD45E082FA4560DBE25454_PCD3D_SM5_8__BC5N_NOCCBN_NOIRIS_DEV_SL___0189B73610171862B78C0FF74EE257BB6D1D2926.udd" 3860
"C:/Users/220177/AppData/Local/UnrealEngine/Common/DerivedDataCache/0/0/2/MATSM_0BA69734E4FD45E082FA4560DBE25454_PCD3D_SM5_8__BC5N_NOCCBN_NOIRIS_DEV_SL___516C29DB034B107E5FCA6C18055242FE663D93F7.udd" 3861
"C:/Users/220177/AppData/Local/UnrealEngine/Common/DerivedDataCache/2/3/5/MATSM_0BA69734E4FD45E082FA4560DBE25454_PCD3D_SM5_8__BC5N_NOCCBN_NOIRIS_DEV_SL___B14661F8D91143C4C45A95A5E8897E1A2E401ADC.udd" 3862
"D:/220177/ChronoTrial 4.27/Content/RoomCheckObjectBP/TargetLocation.uasset" 3863
"D:/220177/ChronoTrial 4.27/Content/RoomCheckObjectBP/StagePin.uasset" 3864
"C:/Users/220177/AppData/Local/UnrealEngine/Common/DerivedDataCache/4/6/9/AUDIO_0005_0000_OGG10000$2D1$2D1$2D1$2D1$2D1_0004_A0B4FF42432FD97B694307B44977C301.udd" 3865
"C:/Users/220177/AppData/Local/UnrealEngine/Common/DerivedDataCache/6/4/2/STREAMEDAUDIO_BC6E92FBBD314E3B9B9EC6778749EB5E_OGG10000$2D1$2D1$2D1$2D1$2D1_4_A0B4FF42432FD97B694307B44977C301.udd" 3866
"D:/220177/ChronoTrial 4.27/Content/NewCreateFX/effects/Retor/effects/tex/white_RGB.uasset" 3867
"D:/220177/ChronoTrial 4.27/Content/RoomCheckObjectBP/bullet_nai.uasset" 3868
"C:/Users/220177/AppData/Local/UnrealEngine/Common/DerivedDataCache/6/3/6/STREAMEDAUDIO_BC6E92FBBD314E3B9B9EC6778749EB5E_OGG10000$2D1$2D1$2D1$2D1$2D1_4_785174874A0C96417E1EC9928EE933C0.udd" 3869
"D:/220177/ChronoTrial 4.27/Content/NewCreateFX/effects/Retor/effects/tex/white_A.uasset" 3870
"C:/Users/220177/AppData/Local/UnrealEngine/Common/DerivedDataCache/6/4/9/STREAMEDAUDIO_BC6E92FBBD314E3B9B9EC6778749EB5E_OGG10000$2D1$2D1$2D1$2D1$2D1_4_A44E2BD34E0A2A2A9721238B451B707F.udd" 3871
"D:/220177/ChronoTrial 4.27/Content/NewCreateFX/effects/Retor/effects/clock.uasset" 3872
"D:/220177/ChronoTrial 4.27/Content/NewCreateFX/effects/Hit/effects/tex/white_A.uasset" 3873
"D:/220177/ChronoTrial 4.27/Content/NewCreateFX/effects/Hit/effects/tex/white_RGB.uasset" 3874
"D:/220177/ChronoTrial 4.27/Content/NewCreateFX/effects/EnemyApp/effects/tex/white_RGB.uasset" 3875
"D:/220177/ChronoTrial 4.27/Content/NewCreateFX/effects/EnemyApp/effects/tex/white_A.uasset" 3876
"C:/Users/220177/AppData/Local/UnrealEngine/Common/DerivedDataCache/1/3/3/MATSM_0BA69734E4FD45E082FA4560DBE25454_PCD3D_SM5_8__BC5N_NOCCBN_NOIRIS_DEV_SL___7239B15E72543CACD871A883A9D922A39AD2623B.udd" 3877
"D:/220177/ChronoTrial 4.27/Content/NewCreateFX/effects/Acc/effects/tex/white_RGB.uasset" 3878
"../../Plugins/FX/Niagara/Content/Modules/Spawn/Velocity/AddVelocityInCone.uasset" 3879
"../../Plugins/FX/Niagara/Content/Functions/Math/RemapValueRange.uasset" 3880
"../../Plugins/FX/Niagara/Content/Functions/RandomVectorInCone.uasset" 3881
"../../Plugins/FX/Niagara/Content/Modules/Update/Forces/GravityForce.uasset" 3882
"C:/Users/220177/AppData/Local/UnrealEngine/Common/DerivedDataCache/8/7/1/NIAGARASCRIPTDERIVEDDATA_179023FDDDD444DE97F61296909C2990_2_14_000000000000000__DC6504AA00D1C8B37AE275E54B518259F45615E3.udd" 3883
"C:/Users/220177/AppData/Local/UnrealEngine/Common/DerivedDataCache/3/8/9/NIAGARASCRIPTDERIVEDDATA_179023FDDDD444DE97F61296909C2990_2_15_000000000000000__DF98E539AD61FF0F71FC31F729860483F0FF972B.udd" 3884
"C:/Users/220177/AppData/Local/UnrealEngine/Common/DerivedDataCache/4/7/6/NIAGARASCRIPTDERIVEDDATA_179023FDDDD444DE97F61296909C2990_2_111_00000000000000__E6167F7D804D4128EF1559E9285E08FE28C73654.udd" 3885
"C:/Users/220177/AppData/Local/UnrealEngine/Common/DerivedDataCache/1/9/8/NIAGARASCRIPTDERIVEDDATA_179023FDDDD444DE97F61296909C2990_2_112_00000000000000__4322E96CEFE4D610257A01D7F89D7DC16D4E1F5B.udd" 3886
"D:/220177/ChronoTrial 4.27/Content/NewCreateFX/effects/Acc/effects/tex/white_A.uasset" 3887
"D:/220177/ChronoTrial 4.27/Content/NewCreateFX/effects/Acc/effects/tex/k.uasset" 3888
"D:/220177/ChronoTrial 4.27/Content/NewCreateFX/effects/Acc/effects/mat/M_Aura_Sub.uasset" 3889
"D:/220177/ChronoTrial 4.27/Content/NewCreateFX/effects/Acc/effects/mat/M_Effect.uasset" 3890
"D:/220177/ChronoTrial 4.27/Content/NewCreateFX/effects/Acc/effects/tex/Animation_W2.uasset" 3891
"D:/220177/ChronoTrial 4.27/Content/NewCreateFX/effects/Acc/effects/mat/M_Accelerate.uasset" 3892
"D:/220177/ChronoTrial 4.27/Content/NewCreateFX/effects/Acc/effects/tex/Animation_W1.uasset" 3893
"D:/220177/ChronoTrial 4.27/Content/NewCreateFX/effects/Acc/effects/sub.uasset" 3894
"D:/220177/ChronoTrial 4.27/Content/NewCharacter/NewAttackAnim/Motion_Attack_Anim_attack_ALL.uasset" 3895
"D:/220177/ChronoTrial 4.27/Content/NewCreateFX/effects/Acc/effects/NS_Acc.uasset" 3896
"D:/220177/ChronoTrial 4.27/Content/NewCharacter/walk_Anim.uasset" 3897
"C:/Users/220177/AppData/Local/UnrealEngine/Common/DerivedDataCache/5/7/3/TEXTURE_E01F4250BECD420DA9CE63B5EECEC2C2_OODLE_BC4_11_2C339CE948F29C962FDFD0AE__362CBDFC7EA665D72F5DA43BA1F383373A7AE207.udd" 3898
"D:/220177/ChronoTrial 4.27/Content/NewCharacter/kougeki2_Anim.uasset" 3899
"C:/Users/220177/AppData/Local/UnrealEngine/Common/DerivedDataCache/2/9/0/TEXTURE_E01F4250BECD420DA9CE63B5EECEC2C2_OODLE_BC4_11_F4DC9B65427C2708712E6EAB__92C244AB28D5F9CB88353768BACEBD90F30A0AA8.udd" 3900
"D:/220177/ChronoTrial 4.27/Content/NewCharacter/kougeki1_Anim.uasset" 3901
"C:/Users/220177/AppData/Local/UnrealEngine/Common/DerivedDataCache/5/0/0/MATSM_0BA69734E4FD45E082FA4560DBE25454_PCD3D_SM5_8__BC5N_NOCCBN_NOIRIS_DEV_SL___084A5B9288995972933D5A37705ABA6B3985B2EF.udd" 3902
"D:/220177/ChronoTrial 4.27/Content/Geometry/Meshes/RightArm_StaticMesh.uasset" 3903
"D:/220177/ChronoTrial 4.27/Content/Geometry/Meshes/RampMaterial.uasset" 3904
"../../../Engine/Plugins/FX/Niagara/Shaders/Private/NiagaraDataInterfaceSkeletalMesh.ush" 3905
"../../../Engine/Plugins/FX/Niagara/Shaders/Private/NiagaraBaryCentricUtils.ush" 3906
"../../Plugins/FX/Niagara/Content/DynamicInputs/Lerp/Lerp_Float.uasset" 3907
"D:/220177/ChronoTrial 4.27/Content/Geometry/Meshes/Ramp_StaticMesh.uasset" 3908
"C:/Users/220177/AppData/Local/UnrealEngine/Common/DerivedDataCache/9/9/7/NIAGARASCRIPTDERIVEDDATA_179023FDDDD444DE97F61296909C2990_2_14_000000000000000__5B636A853AA63640BF17B96E46E3C53883B8752E.udd" 3909
"C:/Users/220177/AppData/Local/UnrealEngine/Common/DerivedDataCache/0/1/0/NIAGARASCRIPTDERIVEDDATA_179023FDDDD444DE97F61296909C2990_2_15_000000000000000__5B49AF9793E34A74D705C76751E8925FC7686A1D.udd" 3910
"C:/Users/220177/AppData/Local/UnrealEngine/Common/DerivedDataCache/3/2/8/NIAGARASCRIPTDERIVEDDATA_179023FDDDD444DE97F61296909C2990_2_14_000000000000000__42904251C0CEDEAB00014232950758EBD8CEB9F6.udd" 3911
"C:/Users/220177/AppData/Local/UnrealEngine/Common/DerivedDataCache/5/4/4/NIAGARASCRIPTDERIVEDDATA_179023FDDDD444DE97F61296909C2990_2_15_000000000000000__3C78FE8A0293177BE6D07DBEB82C058669375D5E.udd" 3912
"C:/Users/220177/AppData/Local/UnrealEngine/Common/DerivedDataCache/7/7/2/NIAGARASCRIPTDERIVEDDATA_179023FDDDD444DE97F61296909C2990_2_111_00000000000000__1ADB4623A19D78ED6699C2350858A1FB966988E9.udd" 3913
"C:/Users/220177/AppData/Local/UnrealEngine/Common/DerivedDataCache/5/1/9/NIAGARASCRIPTDERIVEDDATA_179023FDDDD444DE97F61296909C2990_2_112_00000000000000__48CE1B338C8F56AC0F6F364F482A8E6E33AA7FD6.udd" 3914
"D:/220177/ChronoTrial 4.27/Content/Geometry/Meshes/M_1M_Cube_M_Wall3_5A8A70A54CE34854D95D0D82E9ECE744.uasset" 3915
"C:/Users/220177/AppData/Local/UnrealEngine/Common/DerivedDataCache/7/4/6/ANIMSEQ_D0E639028BB74237AD0F9775C097BB85_0_622746A6B8C317A1E48B7E3174D12DB9368__3EFF81FC17BEDCBFF221F86F967479DB4A30A307.udd" 3916
"D:/220177/ChronoTrial 4.27/Content/Geometry/Meshes/Linear_Stair_StaticMesh.uasset" 3917
"C:/Users/220177/AppData/Local/UnrealEngine/Common/DerivedDataCache/1/6/5/ANIMSEQ_D0E639028BB74237AD0F9775C097BB85_0_CAB6CF0E5EAB29397869E19E74018F2F368__3EC68DA7ED766CA88C92A0872A2E4AF5CB70725C.udd" 3918
"D:/220177/ChronoTrial 4.27/Content/Geometry/Meshes/LeftArm_StaticMesh.uasset" 3919
"C:/Users/220177/AppData/Local/UnrealEngine/Common/DerivedDataCache/8/0/2/ANIMSEQ_D0E639028BB74237AD0F9775C097BB85_0_030DEDC740B8BBBBD28299B7773D7B97368__5AA5EB047616FAF60678785C98A5056F6B3DEF18.udd" 3920
"C:/Users/220177/AppData/Local/UnrealEngine/Common/DerivedDataCache/3/5/6/ANIMSEQ_D0E639028BB74237AD0F9775C097BB85_0_DFA1CD2843583143884FC8AC4850EC61368__9FD9199DC6C076B1CC0DB159A0DAB60CF4883990.udd" 3921
"D:/220177/ChronoTrial 4.27/Content/Geometry/Meshes/Bump_StaticMesh.uasset" 3922
"D:/220177/ChronoTrial 4.27/Content/Geometry/Meshes/1M_Cube_Chamfer.uasset" 3923
"D:/220177/ChronoTrial 4.27/Content/GameSettingScript/MyMyGameInstance.uasset" 3924
"C:/Users/220177/AppData/Local/UnrealEngine/Common/DerivedDataCache/4/6/4/STATICMESH_9CE2B6FB46754B699726C4AA1515F12E_228332BAE0224DD294E232B87D83948FQU__B7F42E6A2C0A7A35888688303B178BE220018F45.udd" 3925
"C:/Users/220177/AppData/Local/UnrealEngine/Common/DerivedDataCache/4/5/7/PHYSX_A08609EF508D460CBB6710540B03AACF_PHYSXPC_1946E97046D56F65528AFD8120B39B2__E3DEDC5DCF6F8DF3DDECD82EE2949C8A76E36330.udd" 3926
"C:/Users/220177/AppData/Local/UnrealEngine/Common/DerivedDataCache/1/0/9/NAVCOLLISION_2983273BE5D6425391E8C0B3D1C0A55D_NAVCOLLISION_X_1946E97046D56F655__29AF490D75944BC9FE9B872AF6BAC3235069E3F5.udd" 3927
"C:/Users/220177/AppData/Local/UnrealEngine/Common/DerivedDataCache/9/2/7/STATICMESH_9CE2B6FB46754B699726C4AA1515F12E_228332BAE0224DD294E232B87D83948FQU__40E5B499B06B471C5AD892EE1213615B64BD38C0.udd" 3928
"C:/Users/220177/AppData/Local/UnrealEngine/Common/DerivedDataCache/1/8/1/PHYSX_A08609EF508D460CBB6710540B03AACF_PHYSXPC_C5E423444BFA4DBBB685A785295C14D__51D389B46A8C940920027CBBB6E7731A02E79C60.udd" 3929
"C:/Users/220177/AppData/Local/UnrealEngine/Common/DerivedDataCache/9/9/8/NAVCOLLISION_2983273BE5D6425391E8C0B3D1C0A55D_NAVCOLLISION_X_C5E423444BFA4DBBB__B9DDC5B8B408430679D92CF1B06F2CE4E54BA8E7.udd" 3930
"D:/220177/ChronoTrial 4.27/Content/Enemy/Model/Texture/Close_Base_color_1002_1.uasset" 3931
"D:/220177/ChronoTrial 4.27/Content/Enemy/Model/model/taiki_PhysicsAsset.uasset" 3932
"C:/Users/220177/AppData/Local/UnrealEngine/Common/DerivedDataCache/4/3/1/STATICMESH_9CE2B6FB46754B699726C4AA1515F12E_228332BAE0224DD294E232B87D83948FQU__A94CDEE1025A6B341EC52285AC0F5FE26CBB80CC.udd" 3933
"C:/Users/220177/AppData/Local/UnrealEngine/Common/DerivedDataCache/2/7/1/PHYSX_A08609EF508D460CBB6710540B03AACF_PHYSXPC_1B95123C4C944EB647C7AE8B053478C__F24DF1C4571494FC48C91EED78E2A92155E9386B.udd" 3934
"C:/Users/220177/AppData/Local/UnrealEngine/Common/DerivedDataCache/2/6/9/NAVCOLLISION_2983273BE5D6425391E8C0B3D1C0A55D_NAVCOLLISION_X_1B95123C4C944EB64__E015FC3018C2987B5EC423188231592E9E69E56E.udd" 3935
"D:/220177/ChronoTrial 4.27/Content/Enemy/Model/Material/M_dissolve.uasset" 3936
"C:/Users/220177/AppData/Local/UnrealEngine/Common/DerivedDataCache/8/4/8/STATICMESH_9CE2B6FB46754B699726C4AA1515F12E_228332BAE0224DD294E232B87D83948FQU__BFD2C43516BBF858BD0168C45EF94CF6D08A01D6.udd" 3937
"C:/Users/220177/AppData/Local/UnrealEngine/Common/DerivedDataCache/2/5/0/PHYSX_A08609EF508D460CBB6710540B03AACF_PHYSXPC_FABF49D54B7FF95954CCF7A86751440__7559731F5DE2E8B9E31014223F83FF7DD47B9A5A.udd" 3938
"C:/Users/220177/AppData/Local/UnrealEngine/Common/DerivedDataCache/1/8/3/NAVCOLLISION_2983273BE5D6425391E8C0B3D1C0A55D_NAVCOLLISION_X_FABF49D54B7FF9595__6D122396C47828940F9BA36830AD76368C7AE512.udd" 3939
"D:/220177/ChronoTrial 4.27/Content/Enemy/EnemyBoss/Spawner/BossSpawnTable.uasset" 3940
"C:/Users/220177/AppData/Local/UnrealEngine/Common/DerivedDataCache/3/5/7/STATICMESH_9CE2B6FB46754B699726C4AA1515F12E_228332BAE0224DD294E232B87D83948FQU__3845A31D391AE49080EC856AC8064B0C05618620.udd" 3941
"C:/Users/220177/AppData/Local/UnrealEngine/Common/DerivedDataCache/4/5/9/PHYSX_A08609EF508D460CBB6710540B03AACF_PHYSXPC_5D1761FB429BE69A897C3FAFEA0B20F__0FC6810EBD5E50023CECBB2A83DF07D90B6B00E1.udd" 3942
"C:/Users/220177/AppData/Local/UnrealEngine/Common/DerivedDataCache/8/4/0/NAVCOLLISION_2983273BE5D6425391E8C0B3D1C0A55D_NAVCOLLISION_X_5D1761FB429BE69A8__5A43F5A824563A2C405AE0B75C550989BFBD56AB.udd" 3943
"D:/220177/ChronoTrial 4.27/Content/Enemy/Model/bullet_nai.uasset" 3944
"C:/Users/220177/AppData/Local/UnrealEngine/Common/DerivedDataCache/9/3/1/TEXTURE_E01F4250BECD420DA9CE63B5EECEC2C2_OODLE_DXT1_11_047948BF4B6875A117014AA__4E9A38B07777125A9C1ADA2C46D1F0C8563FD70C.udd" 3945
"D:/220177/ChronoTrial 4.27/Content/Enemy/EnemyBoss/BossBeam/New/tex/gurade_pS.uasset" 3946
"C:/Users/220177/AppData/Local/UnrealEngine/Common/DerivedDataCache/6/5/8/TEXTURE_E01F4250BECD420DA9CE63B5EECEC2C2_OODLE_DXT1_11_047948BF4B6875A117014AA__829678D930623F378EC480C9493BF0095805C6B2.udd" 3947
"D:/220177/ChronoTrial 4.27/Content/Enemy/EnemyBoss/BossBeam/New/mat/M_EnemyBeam_F2.uasset" 3948
"D:/220177/ChronoTrial 4.27/Content/Enemy/EnemyBoss/BossBeam/New/mat/M_EnemyBeam_F2_Inst.uasset" 3949
"D:/220177/ChronoTrial 4.27/Content/Enemy/EnemyBoss/BossBeam/New/tex/ii.uasset" 3950
"D:/220177/ChronoTrial 4.27/Content/Enemy/EnemyBoss/BossRing/NS_Torus.uasset" 3951
"D:/220177/ChronoTrial 4.27/Content/Enemy/EnemyBoss/BossBeam/New/mat/M_EneApp3.uasset" 3952
"D:/220177/ChronoTrial 4.27/Content/Enemy/EnemyBoss/BossBeam/New/mat/M_EneApp.uasset" 3953
"D:/220177/ChronoTrial 4.27/Content/Enemy/EnemyBoss/BossBeam/New/Enemy_Base.uasset" 3954
"D:/220177/ChronoTrial 4.27/Content/Enemy/EnemyBoss/BossBeam/New/Enemy.uasset" 3955
"../../Plugins/FX/Niagara/Content/Modules/Update/Forces/VortexForce.uasset" 3956
"../../Plugins/FX/Niagara/Content/Functions/ProjectVectorOnPlane.uasset" 3957
"../../Plugins/FX/Niagara/Content/Modules/Update/Velocity/VortexVelocity.uasset" 3958
"C:/Users/220177/AppData/Local/UnrealEngine/Common/DerivedDataCache/1/0/7/NIAGARASCRIPTDERIVEDDATA_179023FDDDD444DE97F61296909C2990_2_14_000000000000000__3E88F29A7FEA0EF3CA0B228B8AA818A65DAB2969.udd" 3959
"C:/Users/220177/AppData/Local/UnrealEngine/Common/DerivedDataCache/3/5/1/NIAGARASCRIPTDERIVEDDATA_179023FDDDD444DE97F61296909C2990_2_15_000000000000000__FCF5B84654DEC70220A58D64A13412AC496FC9DC.udd" 3960
"C:/Users/220177/AppData/Local/UnrealEngine/Common/DerivedDataCache/1/7/2/NIAGARASCRIPTDERIVEDDATA_179023FDDDD444DE97F61296909C2990_2_18_000000000000000__AA9D3DD587FBEC8471018CE432BF3C86BE15B440.udd" 3961
"C:/Users/220177/AppData/Local/UnrealEngine/Common/DerivedDataCache/5/5/0/NIAGARASCRIPTDERIVEDDATA_179023FDDDD444DE97F61296909C2990_2_111_00000000000000__C4BCC5F9B72DA4657B4C39789991BCF362DFAC11.udd" 3962
"C:/Users/220177/AppData/Local/UnrealEngine/Common/DerivedDataCache/2/6/7/NIAGARASCRIPTDERIVEDDATA_179023FDDDD444DE97F61296909C2990_2_112_00000000000000__AD97975202DCEE4577E7C42DD400A595C904E585.udd" 3963
"C:/Users/220177/AppData/Local/UnrealEngine/Common/DerivedDataCache/9/1/0/TEXTURE_E01F4250BECD420DA9CE63B5EECEC2C2_OODLE_AUTODXT_11_FA3881C1414EA0C08B5C__C610D043DA469A5C1FFD8C778FB5394A9CAD81D5.udd" 3964
"C:/Users/220177/AppData/Local/UnrealEngine/Common/DerivedDataCache/6/1/0/TEXTURE_E01F4250BECD420DA9CE63B5EECEC2C2_OODLE_AUTODXT_11_FA3881C1414EA0C08B5C__D9A8351BFA41372C5BCD81CEF446AEF08FF8868C.udd" 3965
"C:/Users/220177/AppData/Local/UnrealEngine/Common/DerivedDataCache/0/5/8/TEXTURE_E01F4250BECD420DA9CE63B5EECEC2C2_OODLE_AUTODXT_11_FA3881C1414EA0C08B5C__85119C5DC34A83173DCF20A7E3C34D5AAA6D44B4.udd" 3966
"C:/Users/220177/AppData/Local/UnrealEngine/Common/DerivedDataCache/6/5/8/TEXTURE_E01F4250BECD420DA9CE63B5EECEC2C2_OODLE_AUTODXT_11_FA3881C1414EA0C08B5C__000C246433232F8284521FED6007A8C55C76BD2E.udd" 3967
"C:/Users/220177/AppData/Local/UnrealEngine/Common/DerivedDataCache/3/3/3/TEXTURE_E01F4250BECD420DA9CE63B5EECEC2C2_OODLE_AUTODXT_11_FA3881C1414EA0C08B5C__EB3BF29729AE365D16868DAAD4123F4E97DBCF04.udd" 3968
"C:/Users/220177/AppData/Local/UnrealEngine/Common/DerivedDataCache/9/4/9/TEXTURE_E01F4250BECD420DA9CE63B5EECEC2C2_OODLE_AUTODXT_11_FA3881C1414EA0C08B5C__F164FE4ACFD51F9AB24CC74C547AFF9B46980368.udd" 3969
"C:/Users/220177/AppData/Local/UnrealEngine/Common/DerivedDataCache/3/9/6/MATSM_0BA69734E4FD45E082FA4560DBE25454_PCD3D_SM5_8__BC5N_NOCCBN_NOIRIS_DEV_SL___CB7DB7636B6F662BD42695E3B3EC840D4C16F216.udd" 3970
"D:/220177/ChronoTrial 4.27/Content/Enemy/EnemyBoss/BossSoundCTRL.uasset" 3971
"C:/Users/220177/AppData/Local/UnrealEngine/Common/DerivedDataCache/3/3/6/NIAGARASM_34571112$2DFD93$2D4794$2DB613$2DCBEEF253AF84_PCD3D_SM5_8__BC5N_NOCCB__72D4B78F39D180334F91EBD4ED89BF1CB1C29CC7.udd" 3972
"D:/220177/ChronoTrial 4.27/Content/Enemy/EnemyBoss/BossAttackRangeMaterial.uasset" 3973
"D:/220177/ChronoTrial 4.27/Content/Enemy/NewBlueprint.uasset" 3974
"D:/220177/ChronoTrial 4.27/Content/Enemy/EnemyKakasi.uasset" 3975
"D:/220177/ChronoTrial 4.27/Content/CoolTimeUI/UI_C.uasset" 3976
"D:/220177/ChronoTrial 4.27/Content/CoolTimeUI/UI.uasset" 3977
"D:/220177/ChronoTrial 4.27/Content/CoolTimeUI/gensoku.uasset" 3978
"D:/220177/ChronoTrial 4.27/Content/CoolTimeUI/Default__UI_C.uasset" 3979
"C:/Users/220177/AppData/Local/UnrealEngine/Common/DerivedDataCache/6/9/1/TEXTURE_E01F4250BECD420DA9CE63B5EECEC2C2_OODLE_BC4_11_8FCEC41C4DDE02C6EC1F0284__274C6F9F0D562623213BEBE29B7B8F5F5EEDC811.udd" 3980
"D:/220177/ChronoTrial 4.27/Content/CoolTimeUI/1CFc6Uqk_Mat_Inst.uasset" 3981
"C:/Users/220177/AppData/Local/UnrealEngine/Common/DerivedDataCache/6/9/0/MATSM_0BA69734E4FD45E082FA4560DBE25454_PCD3D_SM5_8__BC5N_NOCCBN_NOIRIS_DEV_SL___72FEE3C497A312C4BBFC1770D01956ABC6BE5330.udd" 3982
"D:/220177/ChronoTrial 4.27/Content/Blueprints/PS_Slash_swing.uasset" 3983
"D:/220177/ChronoTrial 4.27/Content/03GamePlay/Image/sensitivity2.uasset" 3984
"D:/220177/ChronoTrial 4.27/Content/03GamePlay/Image/sensitivity.uasset" 3985
"D:/220177/ChronoTrial 4.27/Content/03GamePlay/FadeOutSequence.uasset" 3986
"D:/220177/ChronoTrial 4.27/Content/03GamePlay/E_SensitivityButton.uasset" 3987
"C:/Users/220177/AppData/Local/UnrealEngine/Common/DerivedDataCache/8/5/9/MATSM_0BA69734E4FD45E082FA4560DBE25454_PCD3D_SM5_8__BC5N_NOCCBN_NOIRIS_DEV_SL___BF38F823DA847258D5BDB4EC32825B4BA790721B.udd" 3988
"D:/220177/ChronoTrial 4.27/Content/02GameSelect/img/UI_Select_Back.uasset" 3989
"D:/220177/ChronoTrial 4.27/Content/01GameTitle/Title_Chrono.uasset" 3990
"D:/220177/ChronoTrial 4.27/Content/01GameTitle/ModeSelectScene_C.uasset" 3991
"D:/220177/ChronoTrial 4.27/Content/Transparent.uasset" 3992
"D:/220177/ChronoTrial 4.27/Content/01GameTitle/ModeSelectScene.uasset" 3993
"D:/220177/ChronoTrial 4.27/Content/NewGameInstance.uasset" 3994
"D:/220177/ChronoTrial 4.27/Content/M_Outline_Inst.uasset" 3995
"C:/Users/220177/AppData/Local/UnrealEngine/Common/DerivedDataCache/4/4/9/TEXTURE_E01F4250BECD420DA9CE63B5EECEC2C2_OODLE_AUTODXT_11_C32A4D97424C17842F1F__05833CC433EE11B3B1E45DF4C25EE7EE9BD56758.udd" 3996
"C:/Users/220177/AppData/Local/UnrealEngine/Common/DerivedDataCache/8/0/2/TEXTURE_E01F4250BECD420DA9CE63B5EECEC2C2_OODLE_DXT1_11_1EAEBA1247CA90F25618208__4A072C4589853FE4A1F3614879A441C45593DD69.udd" 3997
"C:/Users/220177/AppData/Local/UnrealEngine/Common/DerivedDataCache/9/4/1/TEXTURE_E01F4250BECD420DA9CE63B5EECEC2C2_OODLE_DXT1_11_1C0678164203758132CD1FA__91A6466468C16FB4B0045ABF551E1B768AFCC637.udd" 3998
"C:/Users/220177/AppData/Local/UnrealEngine/Common/DerivedDataCache/4/3/6/TEXTURE_E01F4250BECD420DA9CE63B5EECEC2C2_OODLE_AUTODXT_11_FCD3975841B2A8D278AB__2C2267E8083510D902BAFD85263C1BAC0DD436B3.udd" 3999
"C:/Users/220177/AppData/Local/UnrealEngine/Common/DerivedDataCache/8/9/0/TEXTURE_E01F4250BECD420DA9CE63B5EECEC2C2_BGRA8_E4529BCB41F5C17D3CE5E9A144F689A__080062317ADD417401D1F1FF20A47205A48F2E49.udd" 4000
"C:/Users/220177/AppData/Local/UnrealEngine/Common/DerivedDataCache/7/3/1/TEXTURE_E01F4250BECD420DA9CE63B5EECEC2C2_G8_37B1572140233F0D4647DE9297CD00CF_0__97746AED97643605CD0C0362A0D0EA7D99F21092.udd" 4001
"C:/Users/220177/AppData/Local/UnrealEngine/Common/DerivedDataCache/0/8/0/TEXTURE_E01F4250BECD420DA9CE63B5EECEC2C2_OODLE_AUTODXT_11_B5DC1C974779D5044910__B77AC5036E1E6E17CA15819114CA928E3F7FC9A0.udd" 4002
"C:/Users/220177/AppData/Local/UnrealEngine/Common/DerivedDataCache/0/5/5/TEXTURE_E01F4250BECD420DA9CE63B5EECEC2C2_OODLE_AUTODXT_11_260E21B54A1A0E9A732C__60462F9921854D83FA313B5C5BB63CD2B3F1899B.udd" 4003
"C:/Users/220177/AppData/Local/UnrealEngine/Common/DerivedDataCache/5/5/6/TEXTURE_E01F4250BECD420DA9CE63B5EECEC2C2_BGRA8_6FE60046480C18154EA5C7BCFBAED3A__E32BB7F53F5EA4CCEAD6A449D52D460282093BA7.udd" 4004
"C:/Users/220177/AppData/Local/UnrealEngine/Common/DerivedDataCache/4/9/2/TEXTURE_E01F4250BECD420DA9CE63B5EECEC2C2_OODLE_AUTODXT_11_A3BAB4444BFEBDBD60EF__B1986C7F5BB869C75468CF7BD3E5435A609833D3.udd" 4005
"C:/Users/220177/AppData/Local/UnrealEngine/Common/DerivedDataCache/3/8/0/TEXTURE_E01F4250BECD420DA9CE63B5EECEC2C2_OODLE_AUTODXT_11_C32A4D97424C17842F1F__78A94064CF44DF1AA6C39B863BD6837CF04CAA47.udd" 4006
"C:/Users/220177/AppData/Local/UnrealEngine/Common/DerivedDataCache/2/4/9/TEXTURE_E01F4250BECD420DA9CE63B5EECEC2C2_G8_A0555FAD453E4DDC9895CCBB223677BA_0__C954253C20F927884551E17D606205D54EFBDB88.udd" 4007
"C:/Users/220177/AppData/Local/UnrealEngine/Common/DerivedDataCache/9/9/3/TEXTURE_E01F4250BECD420DA9CE63B5EECEC2C2_OODLE_AUTODXT_11_C32A4D97424C17842F1F__593B2DE44E1A09A9DA36E095A25D36681FED87DB.udd" 4008
"C:/Users/220177/AppData/Local/UnrealEngine/Common/DerivedDataCache/9/6/1/TEXTURE_E01F4250BECD420DA9CE63B5EECEC2C2_OODLE_DXT1_11_FB8469CC49D1F84B469B2C9__0EBEA6B20D0599780888DBC1343C700C45199519.udd" 4009
"C:/Users/220177/AppData/Local/UnrealEngine/Common/DerivedDataCache/7/5/1/TEXTURE_E01F4250BECD420DA9CE63B5EECEC2C2_OODLE_AUTODXT_11_C32A4D97424C17842F1F__8E14129CF3277D45E3B9C81C4C7CE3550E69FC59.udd" 4010
"C:/Users/220177/AppData/Local/UnrealEngine/Common/DerivedDataCache/7/3/4/TEXTURE_E01F4250BECD420DA9CE63B5EECEC2C2_OODLE_AUTODXT_11_C32A4D97424C17842F1F__E3E5A94B6BE7FC6C97CCFA67B1756EFCC7612868.udd" 4011
"C:/Users/220177/AppData/Local/UnrealEngine/Common/DerivedDataCache/1/8/8/TEXTURE_E01F4250BECD420DA9CE63B5EECEC2C2_OODLE_AUTODXT_11_5801835847611D3EE9F8__0F7B192A43D5E077D33AEEDDE0F7523DB0E79748.udd" 4012
"C:/Users/220177/AppData/Local/UnrealEngine/Common/DerivedDataCache/8/9/9/TEXTURE_E01F4250BECD420DA9CE63B5EECEC2C2_OODLE_DXT1_11_CCDB8036471B76D2AE2F128__AFFDCCB66F55BB5D747DDA97DCA7B9CC6406EFEA.udd" 4013
"C:/Users/220177/AppData/Local/UnrealEngine/Common/DerivedDataCache/4/4/5/TEXTURE_E01F4250BECD420DA9CE63B5EECEC2C2_BGRA8_C6347FC64B8DEA9F7AFBED97D6DFCC1__27771890E6DDD9669F670F8D8D7E91E668DE656F.udd" 4014
"C:/Users/220177/AppData/Local/UnrealEngine/Common/DerivedDataCache/4/3/2/TEXTURE_E01F4250BECD420DA9CE63B5EECEC2C2_OODLE_AUTODXT_11_B1132818478AB7DA678D__D5B1E5AE1D63A257EAEAE01DAECC4EAB80C73399.udd" 4015
"C:/Users/220177/AppData/Local/UnrealEngine/Common/DerivedDataCache/8/0/4/TEXTURE_E01F4250BECD420DA9CE63B5EECEC2C2_OODLE_DXT1_11_8E2BB14146130BFD5C70AA9__282BFA51E8485AA47391739A3E7ABEF2FBA09F80.udd" 4016
"C:/Users/220177/AppData/Local/UnrealEngine/Common/DerivedDataCache/1/7/1/TEXTURE_E01F4250BECD420DA9CE63B5EECEC2C2_OODLE_DXT1_11_1EAEBA1247CA90F25618208__F9A215A58A315A7F5492C32AE5BEF3DFB2C7B0D7.udd" 4017
"C:/Users/220177/AppData/Local/UnrealEngine/Common/DerivedDataCache/9/6/8/TEXTURE_E01F4250BECD420DA9CE63B5EECEC2C2_BGRA8_2EBFC4A04FE6BB1361A4158027119FF__83ABC6F4D0D889F6BFCE31AA476FBF25DFDAC703.udd" 4018
"C:/Users/220177/AppData/Local/UnrealEngine/Common/DerivedDataCache/2/7/9/TEXTURE_E01F4250BECD420DA9CE63B5EECEC2C2_OODLE_DXT1_11_1EAEBA1247CA90F25618208__27952E5FC226799148482DFA533E7717B65AF69F.udd" 4019
"C:/Users/220177/AppData/Local/UnrealEngine/Common/DerivedDataCache/5/4/0/TEXTURE_E01F4250BECD420DA9CE63B5EECEC2C2_BGRA8_025556ED4681FB85927CB6AF2006849__20A40391166ED2EE8514515EC34D0326FF3FFE7C.udd" 4020
"C:/Users/220177/AppData/Local/UnrealEngine/Common/DerivedDataCache/8/4/1/TEXTURE_E01F4250BECD420DA9CE63B5EECEC2C2_BGRA8_7A87103C40F2ADB36C7002AD25C66CD__B02D7A6311D9A203DB0D158C17ACBAA7F3F0EF32.udd" 4021
"C:/Users/220177/AppData/Local/UnrealEngine/Common/DerivedDataCache/7/7/5/TEXTURE_E01F4250BECD420DA9CE63B5EECEC2C2_OODLE_DXT1_11_1EAEBA1247CA90F25618208__DF8FF4E756C14A7E1CECAB313DDFABD9F64D9FBB.udd" 4022
"C:/Users/220177/AppData/Local/UnrealEngine/Common/DerivedDataCache/9/9/3/TEXTURE_E01F4250BECD420DA9CE63B5EECEC2C2_OODLE_AUTODXT_11_B5DC1C974779D5044910__7D905AE5B1CBAE6482CB0461CA7BFADFD4A711BC.udd" 4023
"C:/Users/220177/AppData/Local/UnrealEngine/Common/DerivedDataCache/7/2/1/TEXTURE_E01F4250BECD420DA9CE63B5EECEC2C2_OODLE_AUTODXT_11_4D9603FE4E1A1930DF81__C4236DFF6E12869658F096F425B9B7A92F6B0074.udd" 4024
"C:/Users/220177/AppData/Local/UnrealEngine/Common/DerivedDataCache/9/4/9/TEXTURE_E01F4250BECD420DA9CE63B5EECEC2C2_OODLE_AUTODXT_11_B5DC1C974779D5044910__1B9124BAFD26491CA8E3A0F348D647279976238B.udd" 4025
"C:/Users/220177/AppData/Local/UnrealEngine/Common/DerivedDataCache/6/5/1/TEXTURE_E01F4250BECD420DA9CE63B5EECEC2C2_OODLE_AUTODXT_11_B5DC1C974779D5044910__724E9340057BF8115AE9B84F40AF75ED1FBADB34.udd" 4026
"C:/Users/220177/AppData/Local/UnrealEngine/Common/DerivedDataCache/1/2/2/TEXTURE_E01F4250BECD420DA9CE63B5EECEC2C2_OODLE_AUTODXT_11_B5DC1C974779D5044910__B6796D4010F080758A82FF34CA9A85E70234241C.udd" 4027
"C:/Users/220177/AppData/Local/UnrealEngine/Common/DerivedDataCache/0/6/1/TEXTURE_E01F4250BECD420DA9CE63B5EECEC2C2_OODLE_AUTODXT_11_260E21B54A1A0E9A732C__B37A9935BC895E1A854C7BAC0425AF57F8AB5A1E.udd" 4028
"C:/Users/220177/AppData/Local/UnrealEngine/Common/DerivedDataCache/5/6/3/TEXTURE_E01F4250BECD420DA9CE63B5EECEC2C2_OODLE_DXT1_11_1EAEBA1247CA90F25618208__6D18D60A7C54BE326D8C42D1802F32EBA754A038.udd" 4029
"C:/Users/220177/AppData/Local/UnrealEngine/Common/DerivedDataCache/7/7/2/TEXTURE_E01F4250BECD420DA9CE63B5EECEC2C2_OODLE_AUTODXT_11_260E21B54A1A0E9A732C__D365A97AE309371E6DB19277D96D04235B84951B.udd" 4030
"C:/Users/220177/AppData/Local/UnrealEngine/Common/DerivedDataCache/3/7/7/TEXTURE_E01F4250BECD420DA9CE63B5EECEC2C2_OODLE_AUTODXT_11_6D269A2E44C0363CCEFB__64355EC72B8FC13E54456BF2EB504424AAEFD69B.udd" 4031
"C:/Users/220177/AppData/Local/UnrealEngine/Common/DerivedDataCache/1/2/8/TEXTURE_E01F4250BECD420DA9CE63B5EECEC2C2_G8_A0555FAD453E4DDC9895CCBB223677BA_0__4C5E6332306E8CB168D7EBF3720E3FE4585A7DD1.udd" 4032
"C:/Users/220177/AppData/Local/UnrealEngine/Common/DerivedDataCache/9/1/1/TEXTURE_E01F4250BECD420DA9CE63B5EECEC2C2_OODLE_AUTODXT_11_71533FFB409EFDBDE951__2689BFA183F5AD44DC48BC247D0AFDA06AB50BBF.udd" 4033
"C:/Users/220177/AppData/Local/UnrealEngine/Common/DerivedDataCache/6/1/5/TEXTURE_E01F4250BECD420DA9CE63B5EECEC2C2_OODLE_AUTODXT_11_260E21B54A1A0E9A732C__F8EA34C98352AB94E7F8E975422206F106C481F1.udd" 4034
"C:/Users/220177/AppData/Local/UnrealEngine/Common/DerivedDataCache/0/0/6/TEXTURE_E01F4250BECD420DA9CE63B5EECEC2C2_G8_A0555FAD453E4DDC9895CCBB223677BA_0__35334C5E988D79FE5C8E05F9F6E7921694A46787.udd" 4035
"C:/Users/220177/AppData/Local/UnrealEngine/Common/DerivedDataCache/4/3/0/TEXTURE_E01F4250BECD420DA9CE63B5EECEC2C2_OODLE_AUTODXT_11_260E21B54A1A0E9A732C__3FDA15A70CAD08CFB3BBABC4552D5235D99C2C5A.udd" 4036
"C:/Users/220177/AppData/Local/UnrealEngine/Common/DerivedDataCache/3/2/5/TEXTURE_E01F4250BECD420DA9CE63B5EECEC2C2_G8_A0555FAD453E4DDC9895CCBB223677BA_0__6B7309D88E4F28C02A63553174A8F24ED9549315.udd" 4037
"C:/Users/220177/AppData/Local/UnrealEngine/Common/DerivedDataCache/5/9/1/TEXTURE_E01F4250BECD420DA9CE63B5EECEC2C2_G8_A0555FAD453E4DDC9895CCBB223677BA_0__6403E8E64CB4F3261394526B8B599AB4F36EA511.udd" 4038
"C:/Users/220177/AppData/Local/UnrealEngine/Common/DerivedDataCache/7/7/4/TEXTURE_E01F4250BECD420DA9CE63B5EECEC2C2_OODLE_DXT1_11_FB8469CC49D1F84B469B2C9__08C8DBAAF29D0F52166CE5D0FBF9B9E572E91D06.udd" 4039
"C:/Users/220177/AppData/Local/UnrealEngine/Common/DerivedDataCache/2/2/6/TEXTURE_E01F4250BECD420DA9CE63B5EECEC2C2_OODLE_AUTODXT_11_5801835847611D3EE9F8__DCB935DF0CAFCA21B32685A2BF10B8AAB74B045B.udd" 4040
"C:/Users/220177/AppData/Local/UnrealEngine/Common/DerivedDataCache/8/7/7/TEXTURE_E01F4250BECD420DA9CE63B5EECEC2C2_OODLE_DXT1_11_CCDB8036471B76D2AE2F128__9266F6E0AB8C5281E07F8C7C515DD01644628CB2.udd" 4041
"C:/Users/220177/AppData/Local/UnrealEngine/Common/DerivedDataCache/3/3/1/TEXTURE_E01F4250BECD420DA9CE63B5EECEC2C2_OODLE_DXT1_11_FB8469CC49D1F84B469B2C9__97D0C731C9227042F45E7D0761207E940864C4B8.udd" 4042
"C:/Users/220177/AppData/Local/UnrealEngine/Common/DerivedDataCache/7/4/1/TEXTURE_E01F4250BECD420DA9CE63B5EECEC2C2_BGRA8_2EBFC4A04FE6BB1361A4158027119FF__7A5DBA50F5EA417596BBC73EC9C7A0AF35CF2673.udd" 4043
"C:/Users/220177/AppData/Local/UnrealEngine/Common/DerivedDataCache/8/4/0/TEXTURE_E01F4250BECD420DA9CE63B5EECEC2C2_OODLE_DXT1_11_FB8469CC49D1F84B469B2C9__F72EB2722B8EA5C325EF79F2D207896516FFF6C4.udd" 4044
"C:/Users/220177/AppData/Local/UnrealEngine/Common/DerivedDataCache/8/9/6/TEXTURE_E01F4250BECD420DA9CE63B5EECEC2C2_OODLE_DXT1_11_8E2BB14146130BFD5C70AA9__4E608983AC67C534A730DC0C90F83F2C3F041E86.udd" 4045
"C:/Users/220177/AppData/Local/UnrealEngine/Common/DerivedDataCache/0/5/1/TEXTURE_E01F4250BECD420DA9CE63B5EECEC2C2_OODLE_DXT1_11_FB8469CC49D1F84B469B2C9__B1D2564DEB10E08050C4C73217F22DF612395E1D.udd" 4046
"C:/Users/220177/AppData/Local/UnrealEngine/Common/DerivedDataCache/9/7/5/TEXTURE_E01F4250BECD420DA9CE63B5EECEC2C2_OODLE_AUTODXT_11_B1132818478AB7DA678D__9BE45669436BB92642DE98AB325C26C1D8430DA4.udd" 4047
"C:/Users/220177/AppData/Local/UnrealEngine/Common/DerivedDataCache/8/7/9/TEXTURE_E01F4250BECD420DA9CE63B5EECEC2C2_OODLE_DXT1_11_CCDB8036471B76D2AE2F128__815724A4D9B5B17B06C0D6213D1B74E74798BD79.udd" 4048
"C:/Users/220177/AppData/Local/UnrealEngine/Common/DerivedDataCache/4/1/8/TEXTURE_E01F4250BECD420DA9CE63B5EECEC2C2_BGRA8_7A87103C40F2ADB36C7002AD25C66CD__A93F2B156EF3DEE3012411F2F9BF8D2226894E7F.udd" 4049
"C:/Users/220177/AppData/Local/UnrealEngine/Common/DerivedDataCache/8/4/4/TEXTURE_E01F4250BECD420DA9CE63B5EECEC2C2_OODLE_DXT1_11_CCDB8036471B76D2AE2F128__DB159DB99534F6AB45ED72B99130B55CF56FEBDC.udd" 4050
"C:/Users/220177/AppData/Local/UnrealEngine/Common/DerivedDataCache/2/4/4/TEXTURE_E01F4250BECD420DA9CE63B5EECEC2C2_BGRA8_025556ED4681FB85927CB6AF2006849__AFA1FFFC53C8ED9F87BA2461A62D281AA95FA6DB.udd" 4051
"C:/Users/220177/AppData/Local/UnrealEngine/Common/DerivedDataCache/6/9/6/TEXTURE_E01F4250BECD420DA9CE63B5EECEC2C2_OODLE_AUTODXT_11_5801835847611D3EE9F8__421D4029F0F77E06226F9FCBCA6C7ACB81AB3528.udd" 4052
"C:/Users/220177/AppData/Local/UnrealEngine/Common/DerivedDataCache/4/1/6/TEXTURE_E01F4250BECD420DA9CE63B5EECEC2C2_OODLE_AUTODXT_11_4D9603FE4E1A1930DF81__C226846B4F407B3208D45E68037EFD341BAF9290.udd" 4053
"C:/Users/220177/AppData/Local/UnrealEngine/Common/DerivedDataCache/3/3/2/TEXTURE_E01F4250BECD420DA9CE63B5EECEC2C2_OODLE_AUTODXT_11_B1132818478AB7DA678D__455351019DD0020A17DEE7A3403D96E3876907E5.udd" 4054
"C:/Users/220177/AppData/Local/UnrealEngine/Common/DerivedDataCache/9/3/2/TEXTURE_E01F4250BECD420DA9CE63B5EECEC2C2_OODLE_DXT1_11_CCDB8036471B76D2AE2F128__2479623C144E33827BB67CEEDFB6F33548F14D3D.udd" 4055
"C:/Users/220177/AppData/Local/UnrealEngine/Common/DerivedDataCache/1/5/2/TEXTURE_E01F4250BECD420DA9CE63B5EECEC2C2_OODLE_AUTODXT_11_5801835847611D3EE9F8__E312CC6430EE2AB42AA5198954D209BDD4077FB5.udd" 4056
"C:/Users/220177/AppData/Local/UnrealEngine/Common/DerivedDataCache/6/4/1/TEXTURE_E01F4250BECD420DA9CE63B5EECEC2C2_OODLE_AUTODXT_11_5801835847611D3EE9F8__EEB7C717AF7A321DCE305EE61182AEB8DBC163F1.udd" 4057
"C:/Users/220177/AppData/Local/UnrealEngine/Common/DerivedDataCache/6/1/2/TEXTURE_E01F4250BECD420DA9CE63B5EECEC2C2_OODLE_AUTODXT_11_6D269A2E44C0363CCEFB__5C0335BAA96313D54CCBD51F31EB4839CE36B70B.udd" 4058
"C:/Users/220177/AppData/Local/UnrealEngine/Common/DerivedDataCache/3/1/9/TEXTURE_E01F4250BECD420DA9CE63B5EECEC2C2_OODLE_DXT1_11_8E2BB14146130BFD5C70AA9__7A998BFB699CE96F16A10164B528D9E276DBDCA9.udd" 4059
"C:/Users/220177/AppData/Local/UnrealEngine/Common/DerivedDataCache/7/7/8/TEXTURE_E01F4250BECD420DA9CE63B5EECEC2C2_BGRA8_2EBFC4A04FE6BB1361A4158027119FF__A35C0A14E805DB43FD45CA793DC5A5092A8BCE7E.udd" 4060
"C:/Users/220177/AppData/Local/UnrealEngine/Common/DerivedDataCache/5/6/7/TEXTURE_E01F4250BECD420DA9CE63B5EECEC2C2_BGRA8_025556ED4681FB85927CB6AF2006849__FBB0E45DA0EC02B4B6E716F2F94AC4D781C511D4.udd" 4061
"C:/Users/220177/AppData/Local/UnrealEngine/Common/DerivedDataCache/5/2/2/TEXTURE_E01F4250BECD420DA9CE63B5EECEC2C2_BGRA8_2EBFC4A04FE6BB1361A4158027119FF__8A2D747E68D0D4F65BA5A1B780B10913BEBAF532.udd" 4062
"C:/Users/220177/AppData/Local/UnrealEngine/Common/DerivedDataCache/4/0/6/TEXTURE_E01F4250BECD420DA9CE63B5EECEC2C2_BGRA8_025556ED4681FB85927CB6AF2006849__A73D3CA30D1E1DCF5FFA741D5D5EF51033301BD7.udd" 4063
"C:/Users/220177/AppData/Local/UnrealEngine/Common/DerivedDataCache/3/8/6/TEXTURE_E01F4250BECD420DA9CE63B5EECEC2C2_OODLE_AUTODXT_11_71533FFB409EFDBDE951__61573528812379E19F5D598C5DEBD00902538339.udd" 4064
"C:/Users/220177/AppData/Local/UnrealEngine/Common/DerivedDataCache/7/7/6/TEXTURE_E01F4250BECD420DA9CE63B5EECEC2C2_BGRA8_7A87103C40F2ADB36C7002AD25C66CD__6AC1FFF3A16F33B5A7624E1A4D3949A5FFCFC652.udd" 4065
"C:/Users/220177/AppData/Local/UnrealEngine/Common/DerivedDataCache/9/6/5/TEXTURE_E01F4250BECD420DA9CE63B5EECEC2C2_BGRA8_025556ED4681FB85927CB6AF2006849__C03676E8ADBE9E873D316F93878000DD59BF8206.udd" 4066
"C:/Users/220177/AppData/Local/UnrealEngine/Common/DerivedDataCache/2/9/2/TEXTURE_E01F4250BECD420DA9CE63B5EECEC2C2_OODLE_AUTODXT_11_4D9603FE4E1A1930DF81__D8404395BF3145AECDAF9F80AE002B2650DF5431.udd" 4067
"C:/Users/220177/AppData/Local/UnrealEngine/Common/DerivedDataCache/0/1/6/TEXTURE_E01F4250BECD420DA9CE63B5EECEC2C2_BGRA8_7A87103C40F2ADB36C7002AD25C66CD__8B3F1A87E7EDF3B5A600A0143C735856A11743A3.udd" 4068
"C:/Users/220177/AppData/Local/UnrealEngine/Common/DerivedDataCache/3/6/0/TEXTURE_E01F4250BECD420DA9CE63B5EECEC2C2_OODLE_AUTODXT_11_4D9603FE4E1A1930DF81__9AC6EF308E6E93AF78F08FD1A2C35EDE351D4940.udd" 4069
"C:/Users/220177/AppData/Local/UnrealEngine/Common/DerivedDataCache/1/0/6/TEXTURE_E01F4250BECD420DA9CE63B5EECEC2C2_OODLE_AUTODXT_11_6D269A2E44C0363CCEFB__61E691D37144F6B00A92330D35DF263645A1F205.udd" 4070
"C:/Users/220177/AppData/Local/UnrealEngine/Common/DerivedDataCache/2/4/7/TEXTURE_E01F4250BECD420DA9CE63B5EECEC2C2_OODLE_AUTODXT_11_71533FFB409EFDBDE951__2C4D62FFC6999B8DF22B100FB4D75760FB4DD697.udd" 4071
"C:/Users/220177/AppData/Local/UnrealEngine/Common/DerivedDataCache/3/8/4/TEXTURE_E01F4250BECD420DA9CE63B5EECEC2C2_OODLE_AUTODXT_11_71533FFB409EFDBDE951__D30E09B7D9ABE3527CAC16F282ED10080A90075A.udd" 4072
"C:/Users/220177/AppData/Local/UnrealEngine/Common/DerivedDataCache/1/6/5/TEXTURE_E01F4250BECD420DA9CE63B5EECEC2C2_OODLE_AUTODXT_11_4D9603FE4E1A1930DF81__8449AB9F0F64127BD997B63C2E6E4644C0817725.udd" 4073
"C:/Users/220177/AppData/Local/UnrealEngine/Common/DerivedDataCache/7/9/7/TEXTURE_E01F4250BECD420DA9CE63B5EECEC2C2_OODLE_AUTODXT_11_71533FFB409EFDBDE951__79F84C479B8A676EA81EC54DEAB69FC6EE83CA41.udd" 4074
"C:/Users/220177/AppData/Local/UnrealEngine/Common/DerivedDataCache/1/9/0/TEXTURE_E01F4250BECD420DA9CE63B5EECEC2C2_BGRA8_A038FF0D471F981268A89E8394DDF95__1B951A531F2CC72F79C689C1E5097D5DC3F86D4C.udd" 4075
"C:/Users/220177/AppData/Local/UnrealEngine/Common/DerivedDataCache/1/0/6/TEXTURE_E01F4250BECD420DA9CE63B5EECEC2C2_BGRA8_705E5F344FC21BD78974999A123FD31__B751556FD16B6771995E824B6FA699DEA4620A8D.udd" 4076
